modify	/frr-interface:lib/interface/frr-bgp:bgp-interface/mpls-forwarding
modify	/frr-interface:lib/interface/frr-bgp:bgp-interface/mpls-l3vpn-multi-domain-switching
modify	/frr-routing:routing/control-plane-protocols/control-plane-protocol/frr-bgp:bgp/global/local-as
modify	/frr-routing:routing/control-plane-protocols/control-plane-protocol/frr-bgp:bgp/global/med-config/enable-med-admin
modify	/frr-routing:routing/control-plane-protocols/control-plane-protocol/frr-bgp:bgp/global/med-config/max-med-admin
modify	/frr-routing:routing/control-plane-protocols/control-plane-protocol/frr-bgp:bgp/global/med-config/max-med-onstart-up-time
destroy	/frr-routing:routing/control-plane-protocols/control-plane-protocol/frr-bgp:bgp/global/med-config/max-med-onstart-up-time
modify	/frr-routing:routing/control-plane-protocols/control-plane-protocol/frr-bgp:bgp/global/med-config/max-med-onstart-up-value
2026/05/18 16:35:47 BGP: [ZKB8W-3S2Q4][EC 100663330] unneeded 'destroy' callback for '/frr-routing:routing/control-plane-protocols/control-plane-protocol/frr-bgp:bgp/global/route-selection-options/missing-as-worst-med'
modify	/frr-routing:routing/control-plane-protocols/control-plane-protocol/frr-bgp:bgp/global/graceful-restart/graceful-restart-disable
destroy	/frr-routing:routing/control-plane-protocols/control-plane-protocol/frr-bgp:bgp/global/graceful-restart/graceful-restart-disable
modify	/frr-routing:routing/control-plane-protocols/control-plane-protocol/frr-bgp:bgp/global/global-config-timers/rmap-delay-time
modify	/frr-routing:routing/control-plane-protocols/control-plane-protocol/frr-bgp:bgp/global/instance-type-view
modify	/frr-routing:routing/control-plane-protocols/control-plane-protocol/frr-bgp:bgp/global/as-notation
destroy	/frr-routing:routing/control-plane-protocols/control-plane-protocol/frr-bgp:bgp/global/as-notation
create	/frr-routing:routing/control-plane-protocols/control-plane-protocol/frr-bgp:bgp/global/tcp-keepalive
modify	/frr-routing:routing/control-plane-protocols/control-plane-protocol/frr-bgp:bgp/global/tcp-keepalive/idle
modify	/frr-routing:routing/control-plane-protocols/control-plane-protocol/frr-bgp:bgp/global/tcp-keepalive/interval
modify	/frr-routing:routing/control-plane-protocols/control-plane-protocol/frr-bgp:bgp/global/tcp-keepalive/probes
create	/frr-routing:routing/control-plane-protocols/control-plane-protocol/frr-bgp:bgp/global/administrative-shutdown
modify	/frr-routing:routing/control-plane-protocols/control-plane-protocol/frr-bgp:bgp/global/administrative-shutdown/message
destroy	/frr-routing:routing/control-plane-protocols/control-plane-protocol/frr-bgp:bgp/global/administrative-shutdown/message
create	/frr-routing:routing/control-plane-protocols/control-plane-protocol/frr-bgp:bgp/global/suppress-fib-pending
modify	/frr-routing:routing/control-plane-protocols/control-plane-protocol/frr-bgp:bgp/global/suppress-fib-pending/adv-delay
create	/frr-routing:routing/control-plane-protocols/control-plane-protocol/frr-bgp:bgp/global/bmp-config/target-list
destroy	/frr-routing:routing/control-plane-protocols/control-plane-protocol/frr-bgp:bgp/global/bmp-config/target-list
get_next	/frr-routing:routing/control-plane-protocols/control-plane-protocol/frr-bgp:bgp/global/bmp-config/target-list
get_keys	/frr-routing:routing/control-plane-protocols/control-plane-protocol/frr-bgp:bgp/global/bmp-config/target-list
lookup_entry	/frr-routing:routing/control-plane-protocols/control-plane-protocol/frr-bgp:bgp/global/bmp-config/target-list
create	/frr-routing:routing/control-plane-protocols/control-plane-protocol/frr-bgp:bgp/global/bmp-config/target-list/incoming-session/session-list
destroy	/frr-routing:routing/control-plane-protocols/control-plane-protocol/frr-bgp:bgp/global/bmp-config/target-list/incoming-session/session-list
get_next	/frr-routing:routing/control-plane-protocols/control-plane-protocol/frr-bgp:bgp/global/bmp-config/target-list/incoming-session/session-list
get_keys	/frr-routing:routing/control-plane-protocols/control-plane-protocol/frr-bgp:bgp/global/bmp-config/target-list/incoming-session/session-list
lookup_entry	/frr-routing:routing/control-plane-protocols/control-plane-protocol/frr-bgp:bgp/global/bmp-config/target-list/incoming-session/session-list
create	/frr-routing:routing/control-plane-protocols/control-plane-protocol/frr-bgp:bgp/global/bmp-config/target-list/outgoing-session/session-list
destroy	/frr-routing:routing/control-plane-protocols/control-plane-protocol/frr-bgp:bgp/global/bmp-config/target-list/outgoing-session/session-list
get_next	/frr-routing:routing/control-plane-protocols/control-plane-protocol/frr-bgp:bgp/global/bmp-config/target-list/outgoing-session/session-list
get_keys	/frr-routing:routing/control-plane-protocols/control-plane-protocol/frr-bgp:bgp/global/bmp-config/target-list/outgoing-session/session-list
lookup_entry	/frr-routing:routing/control-plane-protocols/control-plane-protocol/frr-bgp:bgp/global/bmp-config/target-list/outgoing-session/session-list
modify	/frr-routing:routing/control-plane-protocols/control-plane-protocol/frr-bgp:bgp/global/bmp-config/target-list/outgoing-session/session-list/min-retry-time
modify	/frr-routing:routing/control-plane-protocols/control-plane-protocol/frr-bgp:bgp/global/bmp-config/target-list/outgoing-session/session-list/max-retry-time
modify	/frr-routing:routing/control-plane-protocols/control-plane-protocol/frr-bgp:bgp/global/bmp-config/target-list/mirror
modify	/frr-routing:routing/control-plane-protocols/control-plane-protocol/frr-bgp:bgp/global/bmp-config/target-list/stats-time
destroy	/frr-routing:routing/control-plane-protocols/control-plane-protocol/frr-bgp:bgp/global/bmp-config/target-list/stats-time
modify	/frr-routing:routing/control-plane-protocols/control-plane-protocol/frr-bgp:bgp/global/bmp-config/target-list/ipv4-access-list
destroy	/frr-routing:routing/control-plane-protocols/control-plane-protocol/frr-bgp:bgp/global/bmp-config/target-list/ipv4-access-list
modify	/frr-routing:routing/control-plane-protocols/control-plane-protocol/frr-bgp:bgp/global/bmp-config/target-list/ipv6-access-list
destroy	/frr-routing:routing/control-plane-protocols/control-plane-protocol/frr-bgp:bgp/global/bmp-config/target-list/ipv6-access-list
create	/frr-routing:routing/control-plane-protocols/control-plane-protocol/frr-bgp:bgp/global/bmp-config/target-list/afi-safis/afi-safi
destroy	/frr-routing:routing/control-plane-protocols/control-plane-protocol/frr-bgp:bgp/global/bmp-config/target-list/afi-safis/afi-safi
get_next	/frr-routing:routing/control-plane-protocols/control-plane-protocol/frr-bgp:bgp/global/bmp-config/target-list/afi-safis/afi-safi
get_keys	/frr-routing:routing/control-plane-protocols/control-plane-protocol/frr-bgp:bgp/global/bmp-config/target-list/afi-safis/afi-safi
lookup_entry	/frr-routing:routing/control-plane-protocols/control-plane-protocol/frr-bgp:bgp/global/bmp-config/target-list/afi-safis/afi-safi
modify	/frr-routing:routing/control-plane-protocols/control-plane-protocol/frr-bgp:bgp/global/bmp-config/target-list/afi-safis/afi-safi/ipv4-unicast/common-config/pre-policy
modify	/frr-routing:routing/control-plane-protocols/control-plane-protocol/frr-bgp:bgp/global/bmp-config/target-list/afi-safis/afi-safi/ipv4-unicast/common-config/post-policy
modify	/frr-routing:routing/control-plane-protocols/control-plane-protocol/frr-bgp:bgp/global/bmp-config/target-list/afi-safis/afi-safi/ipv6-unicast/common-config/pre-policy
modify	/frr-routing:routing/control-plane-protocols/control-plane-protocol/frr-bgp:bgp/global/bmp-config/target-list/afi-safis/afi-safi/ipv6-unicast/common-config/post-policy
modify	/frr-routing:routing/control-plane-protocols/control-plane-protocol/frr-bgp:bgp/global/bmp-config/target-list/afi-safis/afi-safi/l2vpn-evpn/advertise-all-vni
modify	/frr-routing:routing/control-plane-protocols/control-plane-protocol/frr-bgp:bgp/global/bmp-config/target-list/afi-safis/afi-safi/l2vpn-evpn/advertise-svi-ip
modify	/frr-routing:routing/control-plane-protocols/control-plane-protocol/frr-bgp:bgp/global/bmp-config/target-list/afi-safis/afi-safi/l2vpn-evpn/advertise-default-gw
modify	/frr-routing:routing/control-plane-protocols/control-plane-protocol/frr-bgp:bgp/global/bmp-config/target-list/afi-safis/afi-safi/l2vpn-evpn/advertise-subnet
modify	/frr-routing:routing/control-plane-protocols/control-plane-protocol/frr-bgp:bgp/global/bmp-config/target-list/afi-safis/afi-safi/l2vpn-evpn/autort-rfc8365-compatible
modify	/frr-routing:routing/control-plane-protocols/control-plane-protocol/frr-bgp:bgp/global/bmp-config/target-list/afi-safis/afi-safi/l2vpn-evpn/use-es-l3nhg
modify	/frr-routing:routing/control-plane-protocols/control-plane-protocol/frr-bgp:bgp/global/bmp-config/target-list/afi-safis/afi-safi/l2vpn-evpn/enable-resolve-overlay-index
modify	/frr-routing:routing/control-plane-protocols/control-plane-protocol/frr-bgp:bgp/global/bmp-config/target-list/afi-safis/afi-safi/l2vpn-evpn/disable-ead-evi-rx
modify	/frr-routing:routing/control-plane-protocols/control-plane-protocol/frr-bgp:bgp/global/bmp-config/target-list/afi-safis/afi-safi/l2vpn-evpn/disable-ead-evi-tx
create	/frr-routing:routing/control-plane-protocols/control-plane-protocol/frr-bgp:bgp/global/bmp-config/target-list/afi-safis/afi-safi/l2vpn-evpn/advertise-pip
destroy	/frr-routing:routing/control-plane-protocols/control-plane-protocol/frr-bgp:bgp/global/bmp-config/target-list/afi-safis/afi-safi/l2vpn-evpn/advertise-pip
modify	/frr-routing:routing/control-plane-protocols/control-plane-protocol/frr-bgp:bgp/global/bmp-config/target-list/afi-safis/afi-safi/l2vpn-evpn/advertise-pip/ip
destroy	/frr-routing:routing/control-plane-protocols/control-plane-protocol/frr-bgp:bgp/global/bmp-config/target-list/afi-safis/afi-safi/l2vpn-evpn/advertise-pip/ip
modify	/frr-routing:routing/control-plane-protocols/control-plane-protocol/frr-bgp:bgp/global/bmp-config/target-list/afi-safis/afi-safi/l2vpn-evpn/advertise-pip/mac
destroy	/frr-routing:routing/control-plane-protocols/control-plane-protocol/frr-bgp:bgp/global/bmp-config/target-list/afi-safis/afi-safi/l2vpn-evpn/advertise-pip/mac
modify	/frr-routing:routing/control-plane-protocols/control-plane-protocol/frr-bgp:bgp/global/bmp-config/target-list/afi-safis/afi-safi/l2vpn-evpn/advertise/ipv4-unicast
modify	/frr-routing:routing/control-plane-protocols/control-plane-protocol/frr-bgp:bgp/global/bmp-config/target-list/afi-safis/afi-safi/l2vpn-evpn/advertise/ipv4-unicast-route-map
destroy	/frr-routing:routing/control-plane-protocols/control-plane-protocol/frr-bgp:bgp/global/bmp-config/target-list/afi-safis/afi-safi/l2vpn-evpn/advertise/ipv4-unicast-route-map
modify	/frr-routing:routing/control-plane-protocols/control-plane-protocol/frr-bgp:bgp/global/bmp-config/target-list/afi-safis/afi-safi/l2vpn-evpn/advertise/ipv6-unicast
modify	/frr-routing:routing/control-plane-protocols/control-plane-protocol/frr-bgp:bgp/global/bmp-config/target-list/afi-safis/afi-safi/l2vpn-evpn/advertise/ipv6-unicast-route-map
destroy	/frr-routing:routing/control-plane-protocols/control-plane-protocol/frr-bgp:bgp/global/bmp-config/target-list/afi-safis/afi-safi/l2vpn-evpn/advertise/ipv6-unicast-route-map
modify	/frr-routing:routing/control-plane-protocols/control-plane-protocol/frr-bgp:bgp/global/bmp-config/target-list/afi-safis/afi-safi/l2vpn-evpn/dup-addr-detection/max-moves
modify	/frr-routing:routing/control-plane-protocols/control-plane-protocol/frr-bgp:bgp/global/bmp-config/target-list/afi-safis/afi-safi/l2vpn-evpn/dup-addr-detection/time
modify	/frr-routing:routing/control-plane-protocols/control-plane-protocol/frr-bgp:bgp/global/bmp-config/target-list/afi-safis/afi-safi/l2vpn-evpn/dup-addr-detection/freeze-permanent
destroy	/frr-routing:routing/control-plane-protocols/control-plane-protocol/frr-bgp:bgp/global/bmp-config/target-list/afi-safis/afi-safi/l2vpn-evpn/dup-addr-detection/freeze-permanent
modify	/frr-routing:routing/control-plane-protocols/control-plane-protocol/frr-bgp:bgp/global/bmp-config/target-list/afi-safis/afi-safi/l2vpn-evpn/dup-addr-detection/freeze-time
destroy	/frr-routing:routing/control-plane-protocols/control-plane-protocol/frr-bgp:bgp/global/bmp-config/target-list/afi-safis/afi-safi/l2vpn-evpn/dup-addr-detection/freeze-time
modify	/frr-routing:routing/control-plane-protocols/control-plane-protocol/frr-bgp:bgp/global/bmp-config/target-list/afi-safis/afi-safi/l2vpn-evpn/flooding
modify	/frr-routing:routing/control-plane-protocols/control-plane-protocol/frr-bgp:bgp/global/bmp-config/target-list/afi-safis/afi-safi/l2vpn-evpn/mac-vrf-soo
destroy	/frr-routing:routing/control-plane-protocols/control-plane-protocol/frr-bgp:bgp/global/bmp-config/target-list/afi-safis/afi-safi/l2vpn-evpn/mac-vrf-soo
modify	/frr-routing:routing/control-plane-protocols/control-plane-protocol/frr-bgp:bgp/global/bmp-config/target-list/afi-safis/afi-safi/l2vpn-evpn/ead-es/fragmentation/evi-limit
create	/frr-routing:routing/control-plane-protocols/control-plane-protocol/frr-bgp:bgp/global/bmp-config/target-list/afi-safis/afi-safi/l2vpn-evpn/ead-es/route-target-export
destroy	/frr-routing:routing/control-plane-protocols/control-plane-protocol/frr-bgp:bgp/global/bmp-config/target-list/afi-safis/afi-safi/l2vpn-evpn/ead-es/route-target-export
modify	/frr-routing:routing/control-plane-protocols/control-plane-protocol/frr-bgp:bgp/global/bmp-config/target-list/afi-safis/afi-safi/ipv4-multicast/common-config/pre-policy
modify	/frr-routing:routing/control-plane-protocols/control-plane-protocol/frr-bgp:bgp/global/bmp-config/target-list/afi-safis/afi-safi/ipv4-multicast/common-config/post-policy
modify	/frr-routing:routing/control-plane-protocols/control-plane-protocol/frr-bgp:bgp/global/bmp-config/target-list/afi-safis/afi-safi/ipv6-multicast/common-config/pre-policy
modify	/frr-routing:routing/control-plane-protocols/control-plane-protocol/frr-bgp:bgp/global/bmp-config/target-list/afi-safis/afi-safi/ipv6-multicast/common-config/post-policy
create	/frr-routing:routing/control-plane-protocols/control-plane-protocol/frr-bgp:bgp/global/bmp-config/target-list/afi-safis/afi-safi/ipv4-flowspec/local-install-interface
destroy	/frr-routing:routing/control-plane-protocols/control-plane-protocol/frr-bgp:bgp/global/bmp-config/target-list/afi-safis/afi-safi/ipv4-flowspec/local-install-interface
create	/frr-routing:routing/control-plane-protocols/control-plane-protocol/frr-bgp:bgp/global/bmp-config/target-list/afi-safis/afi-safi/ipv6-flowspec/local-install-interface
destroy	/frr-routing:routing/control-plane-protocols/control-plane-protocol/frr-bgp:bgp/global/bmp-config/target-list/afi-safis/afi-safi/ipv6-flowspec/local-install-interface
modify	/frr-routing:routing/control-plane-protocols/control-plane-protocol/frr-bgp:bgp/global/bmp-config/mirror-buffer-limit
destroy	/frr-routing:routing/control-plane-protocols/control-plane-protocol/frr-bgp:bgp/global/bmp-config/mirror-buffer-limit
create	/frr-routing:routing/control-plane-protocols/control-plane-protocol/frr-bgp:bgp/global/segment-routing
destroy	/frr-routing:routing/control-plane-protocols/control-plane-protocol/frr-bgp:bgp/global/segment-routing
create	/frr-routing:routing/control-plane-protocols/control-plane-protocol/frr-bgp:bgp/global/segment-routing/srv6
destroy	/frr-routing:routing/control-plane-protocols/control-plane-protocol/frr-bgp:bgp/global/segment-routing/srv6
modify	/frr-routing:routing/control-plane-protocols/control-plane-protocol/frr-bgp:bgp/global/segment-routing/srv6/locator
destroy	/frr-routing:routing/control-plane-protocols/control-plane-protocol/frr-bgp:bgp/global/segment-routing/srv6/locator
modify	/frr-routing:routing/control-plane-protocols/control-plane-protocol/frr-bgp:bgp/global/segment-routing/srv6/srv6-only
modify	/frr-routing:routing/control-plane-protocols/control-plane-protocol/frr-bgp:bgp/global/segment-routing/srv6/encap-behavior
modify	/frr-routing:routing/control-plane-protocols/control-plane-protocol/frr-bgp:bgp/global/segment-routing/srv6/sid/export-mode
destroy	/frr-routing:routing/control-plane-protocols/control-plane-protocol/frr-bgp:bgp/global/segment-routing/srv6/sid/export-mode
modify	/frr-routing:routing/control-plane-protocols/control-plane-protocol/frr-bgp:bgp/global/segment-routing/srv6/sid/export-index
destroy	/frr-routing:routing/control-plane-protocols/control-plane-protocol/frr-bgp:bgp/global/segment-routing/srv6/sid/export-index
modify	/frr-routing:routing/control-plane-protocols/control-plane-protocol/frr-bgp:bgp/global/segment-routing/srv6/sid/export-value
destroy	/frr-routing:routing/control-plane-protocols/control-plane-protocol/frr-bgp:bgp/global/segment-routing/srv6/sid/export-value
create	/frr-routing:routing/control-plane-protocols/control-plane-protocol/frr-bgp:bgp/global/afi-safis/afi-safi
destroy	/frr-routing:routing/control-plane-protocols/control-plane-protocol/frr-bgp:bgp/global/afi-safis/afi-safi
get_next	/frr-routing:routing/control-plane-protocols/control-plane-protocol/frr-bgp:bgp/global/afi-safis/afi-safi
get_keys	/frr-routing:routing/control-plane-protocols/control-plane-protocol/frr-bgp:bgp/global/afi-safis/afi-safi
lookup_entry	/frr-routing:routing/control-plane-protocols/control-plane-protocol/frr-bgp:bgp/global/afi-safis/afi-safi
create	/frr-routing:routing/control-plane-protocols/control-plane-protocol/frr-bgp:bgp/global/afi-safis/afi-safi/ipv4-unicast/network-config
destroy	/frr-routing:routing/control-plane-protocols/control-plane-protocol/frr-bgp:bgp/global/afi-safis/afi-safi/ipv4-unicast/network-config
get_next	/frr-routing:routing/control-plane-protocols/control-plane-protocol/frr-bgp:bgp/global/afi-safis/afi-safi/ipv4-unicast/network-config
get_keys	/frr-routing:routing/control-plane-protocols/control-plane-protocol/frr-bgp:bgp/global/afi-safis/afi-safi/ipv4-unicast/network-config
lookup_entry	/frr-routing:routing/control-plane-protocols/control-plane-protocol/frr-bgp:bgp/global/afi-safis/afi-safi/ipv4-unicast/network-config
modify	/frr-routing:routing/control-plane-protocols/control-plane-protocol/frr-bgp:bgp/global/afi-safis/afi-safi/ipv4-unicast/network-config/backdoor
modify	/frr-routing:routing/control-plane-protocols/control-plane-protocol/frr-bgp:bgp/global/afi-safis/afi-safi/ipv4-unicast/network-config/label-index
destroy	/frr-routing:routing/control-plane-protocols/control-plane-protocol/frr-bgp:bgp/global/afi-safis/afi-safi/ipv4-unicast/network-config/label-index
modify	/frr-routing:routing/control-plane-protocols/control-plane-protocol/frr-bgp:bgp/global/afi-safis/afi-safi/ipv4-unicast/network-config/rmap-policy-export
destroy	/frr-routing:routing/control-plane-protocols/control-plane-protocol/frr-bgp:bgp/global/afi-safis/afi-safi/ipv4-unicast/network-config/rmap-policy-export
create	/frr-routing:routing/control-plane-protocols/control-plane-protocol/frr-bgp:bgp/global/afi-safis/afi-safi/ipv4-unicast/aggregate-route
destroy	/frr-routing:routing/control-plane-protocols/control-plane-protocol/frr-bgp:bgp/global/afi-safis/afi-safi/ipv4-unicast/aggregate-route
get_next	/frr-routing:routing/control-plane-protocols/control-plane-protocol/frr-bgp:bgp/global/afi-safis/afi-safi/ipv4-unicast/aggregate-route
get_keys	/frr-routing:routing/control-plane-protocols/control-plane-protocol/frr-bgp:bgp/global/afi-safis/afi-safi/ipv4-unicast/aggregate-route
lookup_entry	/frr-routing:routing/control-plane-protocols/control-plane-protocol/frr-bgp:bgp/global/afi-safis/afi-safi/ipv4-unicast/aggregate-route
modify	/frr-routing:routing/control-plane-protocols/control-plane-protocol/frr-bgp:bgp/global/afi-safis/afi-safi/ipv4-unicast/aggregate-route/as-set
modify	/frr-routing:routing/control-plane-protocols/control-plane-protocol/frr-bgp:bgp/global/afi-safis/afi-safi/ipv4-unicast/aggregate-route/summary-only
modify	/frr-routing:routing/control-plane-protocols/control-plane-protocol/frr-bgp:bgp/global/afi-safis/afi-safi/ipv4-unicast/aggregate-route/rmap-policy-export
destroy	/frr-routing:routing/control-plane-protocols/control-plane-protocol/frr-bgp:bgp/global/afi-safis/afi-safi/ipv4-unicast/aggregate-route/rmap-policy-export
modify	/frr-routing:routing/control-plane-protocols/control-plane-protocol/frr-bgp:bgp/global/afi-safis/afi-safi/ipv4-unicast/aggregate-route/origin
modify	/frr-routing:routing/control-plane-protocols/control-plane-protocol/frr-bgp:bgp/global/afi-safis/afi-safi/ipv4-unicast/aggregate-route/match-med
modify	/frr-routing:routing/control-plane-protocols/control-plane-protocol/frr-bgp:bgp/global/afi-safis/afi-safi/ipv4-unicast/aggregate-route/suppress-map
destroy	/frr-routing:routing/control-plane-protocols/control-plane-protocol/frr-bgp:bgp/global/afi-safis/afi-safi/ipv4-unicast/aggregate-route/suppress-map
create	/frr-routing:routing/control-plane-protocols/control-plane-protocol/frr-bgp:bgp/global/afi-safis/afi-safi/ipv4-unicast/admin-distance-route
destroy	/frr-routing:routing/control-plane-protocols/control-plane-protocol/frr-bgp:bgp/global/afi-safis/afi-safi/ipv4-unicast/admin-distance-route
get_next	/frr-routing:routing/control-plane-protocols/control-plane-protocol/frr-bgp:bgp/global/afi-safis/afi-safi/ipv4-unicast/admin-distance-route
get_keys	/frr-routing:routing/control-plane-protocols/control-plane-protocol/frr-bgp:bgp/global/afi-safis/afi-safi/ipv4-unicast/admin-distance-route
lookup_entry	/frr-routing:routing/control-plane-protocols/control-plane-protocol/frr-bgp:bgp/global/afi-safis/afi-safi/ipv4-unicast/admin-distance-route
modify	/frr-routing:routing/control-plane-protocols/control-plane-protocol/frr-bgp:bgp/global/afi-safis/afi-safi/ipv4-unicast/admin-distance-route/distance
modify	/frr-routing:routing/control-plane-protocols/control-plane-protocol/frr-bgp:bgp/global/afi-safis/afi-safi/ipv4-unicast/admin-distance-route/access-list-policy-export
destroy	/frr-routing:routing/control-plane-protocols/control-plane-protocol/frr-bgp:bgp/global/afi-safis/afi-safi/ipv4-unicast/admin-distance-route/access-list-policy-export
modify	/frr-routing:routing/control-plane-protocols/control-plane-protocol/frr-bgp:bgp/global/afi-safis/afi-safi/ipv4-unicast/route-flap-dampening/enable
modify	/frr-routing:routing/control-plane-protocols/control-plane-protocol/frr-bgp:bgp/global/afi-safis/afi-safi/ipv4-unicast/route-flap-dampening/reach-decay
destroy	/frr-routing:routing/control-plane-protocols/control-plane-protocol/frr-bgp:bgp/global/afi-safis/afi-safi/ipv4-unicast/route-flap-dampening/reach-decay
modify	/frr-routing:routing/control-plane-protocols/control-plane-protocol/frr-bgp:bgp/global/afi-safis/afi-safi/ipv4-unicast/route-flap-dampening/reuse-above
destroy	/frr-routing:routing/control-plane-protocols/control-plane-protocol/frr-bgp:bgp/global/afi-safis/afi-safi/ipv4-unicast/route-flap-dampening/reuse-above
modify	/frr-routing:routing/control-plane-protocols/control-plane-protocol/frr-bgp:bgp/global/afi-safis/afi-safi/ipv4-unicast/route-flap-dampening/suppress-above
destroy	/frr-routing:routing/control-plane-protocols/control-plane-protocol/frr-bgp:bgp/global/afi-safis/afi-safi/ipv4-unicast/route-flap-dampening/suppress-above
modify	/frr-routing:routing/control-plane-protocols/control-plane-protocol/frr-bgp:bgp/global/afi-safis/afi-safi/ipv4-unicast/route-flap-dampening/unreach-decay
destroy	/frr-routing:routing/control-plane-protocols/control-plane-protocol/frr-bgp:bgp/global/afi-safis/afi-safi/ipv4-unicast/route-flap-dampening/unreach-decay
modify	/frr-routing:routing/control-plane-protocols/control-plane-protocol/frr-bgp:bgp/global/afi-safis/afi-safi/ipv4-unicast/use-multiple-paths/ebgp/maximum-paths
modify	/frr-routing:routing/control-plane-protocols/control-plane-protocol/frr-bgp:bgp/global/afi-safis/afi-safi/ipv4-unicast/use-multiple-paths/ibgp/maximum-paths
modify	/frr-routing:routing/control-plane-protocols/control-plane-protocol/frr-bgp:bgp/global/afi-safis/afi-safi/ipv4-unicast/use-multiple-paths/ibgp/cluster-length-list
destroy	/frr-routing:routing/control-plane-protocols/control-plane-protocol/frr-bgp:bgp/global/afi-safis/afi-safi/ipv4-unicast/use-multiple-paths/ibgp/cluster-length-list
create	/frr-routing:routing/control-plane-protocols/control-plane-protocol/frr-bgp:bgp/global/afi-safis/afi-safi/ipv4-unicast/redistribution-list
destroy	/frr-routing:routing/control-plane-protocols/control-plane-protocol/frr-bgp:bgp/global/afi-safis/afi-safi/ipv4-unicast/redistribution-list
get_next	/frr-routing:routing/control-plane-protocols/control-plane-protocol/frr-bgp:bgp/global/afi-safis/afi-safi/ipv4-unicast/redistribution-list
get_keys	/frr-routing:routing/control-plane-protocols/control-plane-protocol/frr-bgp:bgp/global/afi-safis/afi-safi/ipv4-unicast/redistribution-list
lookup_entry	/frr-routing:routing/control-plane-protocols/control-plane-protocol/frr-bgp:bgp/global/afi-safis/afi-safi/ipv4-unicast/redistribution-list
modify	/frr-routing:routing/control-plane-protocols/control-plane-protocol/frr-bgp:bgp/global/afi-safis/afi-safi/ipv4-unicast/redistribution-list/metric
destroy	/frr-routing:routing/control-plane-protocols/control-plane-protocol/frr-bgp:bgp/global/afi-safis/afi-safi/ipv4-unicast/redistribution-list/metric
modify	/frr-routing:routing/control-plane-protocols/control-plane-protocol/frr-bgp:bgp/global/afi-safis/afi-safi/ipv4-unicast/redistribution-list/rmap-policy-import
destroy	/frr-routing:routing/control-plane-protocols/control-plane-protocol/frr-bgp:bgp/global/afi-safis/afi-safi/ipv4-unicast/redistribution-list/rmap-policy-import
modify	/frr-routing:routing/control-plane-protocols/control-plane-protocol/frr-bgp:bgp/global/afi-safis/afi-safi/ipv4-unicast/admin-distance/external
modify	/frr-routing:routing/control-plane-protocols/control-plane-protocol/frr-bgp:bgp/global/afi-safis/afi-safi/ipv4-unicast/admin-distance/internal
modify	/frr-routing:routing/control-plane-protocols/control-plane-protocol/frr-bgp:bgp/global/afi-safis/afi-safi/ipv4-unicast/admin-distance/local
modify	/frr-routing:routing/control-plane-protocols/control-plane-protocol/frr-bgp:bgp/global/afi-safis/afi-safi/ipv4-unicast/filter-config/rmap-export
destroy	/frr-routing:routing/control-plane-protocols/control-plane-protocol/frr-bgp:bgp/global/afi-safis/afi-safi/ipv4-unicast/filter-config/rmap-export
modify	/frr-routing:routing/control-plane-protocols/control-plane-protocol/frr-bgp:bgp/global/afi-safis/afi-safi/ipv4-unicast/vpn-config/rd
destroy	/frr-routing:routing/control-plane-protocols/control-plane-protocol/frr-bgp:bgp/global/afi-safis/afi-safi/ipv4-unicast/vpn-config/rd
modify	/frr-routing:routing/control-plane-protocols/control-plane-protocol/frr-bgp:bgp/global/afi-safis/afi-safi/ipv4-unicast/vpn-config/label
destroy	/frr-routing:routing/control-plane-protocols/control-plane-protocol/frr-bgp:bgp/global/afi-safis/afi-safi/ipv4-unicast/vpn-config/label
modify	/frr-routing:routing/control-plane-protocols/control-plane-protocol/frr-bgp:bgp/global/afi-safis/afi-safi/ipv4-unicast/vpn-config/label-auto
destroy	/frr-routing:routing/control-plane-protocols/control-plane-protocol/frr-bgp:bgp/global/afi-safis/afi-safi/ipv4-unicast/vpn-config/label-auto
modify	/frr-routing:routing/control-plane-protocols/control-plane-protocol/frr-bgp:bgp/global/afi-safis/afi-safi/ipv4-unicast/vpn-config/nexthop
destroy	/frr-routing:routing/control-plane-protocols/control-plane-protocol/frr-bgp:bgp/global/afi-safis/afi-safi/ipv4-unicast/vpn-config/nexthop
modify	/frr-routing:routing/control-plane-protocols/control-plane-protocol/frr-bgp:bgp/global/afi-safis/afi-safi/ipv4-unicast/vpn-config/import-vpn
modify	/frr-routing:routing/control-plane-protocols/control-plane-protocol/frr-bgp:bgp/global/afi-safis/afi-safi/ipv4-unicast/vpn-config/export-vpn
create	/frr-routing:routing/control-plane-protocols/control-plane-protocol/frr-bgp:bgp/global/afi-safis/afi-safi/ipv4-unicast/vpn-config/import-vrf-list
destroy	/frr-routing:routing/control-plane-protocols/control-plane-protocol/frr-bgp:bgp/global/afi-safis/afi-safi/ipv4-unicast/vpn-config/import-vrf-list
get_next	/frr-routing:routing/control-plane-protocols/control-plane-protocol/frr-bgp:bgp/global/afi-safis/afi-safi/ipv4-unicast/vpn-config/import-vrf-list
get_keys	/frr-routing:routing/control-plane-protocols/control-plane-protocol/frr-bgp:bgp/global/afi-safis/afi-safi/ipv4-unicast/vpn-config/import-vrf-list
lookup_entry	/frr-routing:routing/control-plane-protocols/control-plane-protocol/frr-bgp:bgp/global/afi-safis/afi-safi/ipv4-unicast/vpn-config/import-vrf-list
modify	/frr-routing:routing/control-plane-protocols/control-plane-protocol/frr-bgp:bgp/global/afi-safis/afi-safi/ipv4-unicast/vpn-config/rmap-import
destroy	/frr-routing:routing/control-plane-protocols/control-plane-protocol/frr-bgp:bgp/global/afi-safis/afi-safi/ipv4-unicast/vpn-config/rmap-import
modify	/frr-routing:routing/control-plane-protocols/control-plane-protocol/frr-bgp:bgp/global/afi-safis/afi-safi/ipv4-unicast/vpn-config/rmap-export
destroy	/frr-routing:routing/control-plane-protocols/control-plane-protocol/frr-bgp:bgp/global/afi-safis/afi-safi/ipv4-unicast/vpn-config/rmap-export
modify	/frr-routing:routing/control-plane-protocols/control-plane-protocol/frr-bgp:bgp/global/afi-safis/afi-safi/ipv4-unicast/vpn-config/redirect-rt
destroy	/frr-routing:routing/control-plane-protocols/control-plane-protocol/frr-bgp:bgp/global/afi-safis/afi-safi/ipv4-unicast/vpn-config/redirect-rt
create	/frr-routing:routing/control-plane-protocols/control-plane-protocol/frr-bgp:bgp/global/afi-safis/afi-safi/ipv4-unicast/vpn-config/import-rt-list
destroy	/frr-routing:routing/control-plane-protocols/control-plane-protocol/frr-bgp:bgp/global/afi-safis/afi-safi/ipv4-unicast/vpn-config/import-rt-list
create	/frr-routing:routing/control-plane-protocols/control-plane-protocol/frr-bgp:bgp/global/afi-safis/afi-safi/ipv4-unicast/vpn-config/export-rt-list
destroy	/frr-routing:routing/control-plane-protocols/control-plane-protocol/frr-bgp:bgp/global/afi-safis/afi-safi/ipv4-unicast/vpn-config/export-rt-list
create	/frr-routing:routing/control-plane-protocols/control-plane-protocol/frr-bgp:bgp/global/afi-safis/afi-safi/ipv4-unicast/vpn-config/rt-list
destroy	/frr-routing:routing/control-plane-protocols/control-plane-protocol/frr-bgp:bgp/global/afi-safis/afi-safi/ipv4-unicast/vpn-config/rt-list
create	/frr-routing:routing/control-plane-protocols/control-plane-protocol/frr-bgp:bgp/global/afi-safis/afi-safi/ipv6-unicast/network-config
destroy	/frr-routing:routing/control-plane-protocols/control-plane-protocol/frr-bgp:bgp/global/afi-safis/afi-safi/ipv6-unicast/network-config
get_next	/frr-routing:routing/control-plane-protocols/control-plane-protocol/frr-bgp:bgp/global/afi-safis/afi-safi/ipv6-unicast/network-config
get_keys	/frr-routing:routing/control-plane-protocols/control-plane-protocol/frr-bgp:bgp/global/afi-safis/afi-safi/ipv6-unicast/network-config
lookup_entry	/frr-routing:routing/control-plane-protocols/control-plane-protocol/frr-bgp:bgp/global/afi-safis/afi-safi/ipv6-unicast/network-config
modify	/frr-routing:routing/control-plane-protocols/control-plane-protocol/frr-bgp:bgp/global/afi-safis/afi-safi/ipv6-unicast/network-config/backdoor
modify	/frr-routing:routing/control-plane-protocols/control-plane-protocol/frr-bgp:bgp/global/afi-safis/afi-safi/ipv6-unicast/network-config/label-index
destroy	/frr-routing:routing/control-plane-protocols/control-plane-protocol/frr-bgp:bgp/global/afi-safis/afi-safi/ipv6-unicast/network-config/label-index
modify	/frr-routing:routing/control-plane-protocols/control-plane-protocol/frr-bgp:bgp/global/afi-safis/afi-safi/ipv6-unicast/network-config/rmap-policy-export
destroy	/frr-routing:routing/control-plane-protocols/control-plane-protocol/frr-bgp:bgp/global/afi-safis/afi-safi/ipv6-unicast/network-config/rmap-policy-export
create	/frr-routing:routing/control-plane-protocols/control-plane-protocol/frr-bgp:bgp/global/afi-safis/afi-safi/ipv6-unicast/aggregate-route
destroy	/frr-routing:routing/control-plane-protocols/control-plane-protocol/frr-bgp:bgp/global/afi-safis/afi-safi/ipv6-unicast/aggregate-route
get_next	/frr-routing:routing/control-plane-protocols/control-plane-protocol/frr-bgp:bgp/global/afi-safis/afi-safi/ipv6-unicast/aggregate-route
get_keys	/frr-routing:routing/control-plane-protocols/control-plane-protocol/frr-bgp:bgp/global/afi-safis/afi-safi/ipv6-unicast/aggregate-route
lookup_entry	/frr-routing:routing/control-plane-protocols/control-plane-protocol/frr-bgp:bgp/global/afi-safis/afi-safi/ipv6-unicast/aggregate-route
modify	/frr-routing:routing/control-plane-protocols/control-plane-protocol/frr-bgp:bgp/global/afi-safis/afi-safi/ipv6-unicast/aggregate-route/as-set
modify	/frr-routing:routing/control-plane-protocols/control-plane-protocol/frr-bgp:bgp/global/afi-safis/afi-safi/ipv6-unicast/aggregate-route/summary-only
modify	/frr-routing:routing/control-plane-protocols/control-plane-protocol/frr-bgp:bgp/global/afi-safis/afi-safi/ipv6-unicast/aggregate-route/rmap-policy-export
destroy	/frr-routing:routing/control-plane-protocols/control-plane-protocol/frr-bgp:bgp/global/afi-safis/afi-safi/ipv6-unicast/aggregate-route/rmap-policy-export
modify	/frr-routing:routing/control-plane-protocols/control-plane-protocol/frr-bgp:bgp/global/afi-safis/afi-safi/ipv6-unicast/aggregate-route/origin
modify	/frr-routing:routing/control-plane-protocols/control-plane-protocol/frr-bgp:bgp/global/afi-safis/afi-safi/ipv6-unicast/aggregate-route/match-med
modify	/frr-routing:routing/control-plane-protocols/control-plane-protocol/frr-bgp:bgp/global/afi-safis/afi-safi/ipv6-unicast/aggregate-route/suppress-map
destroy	/frr-routing:routing/control-plane-protocols/control-plane-protocol/frr-bgp:bgp/global/afi-safis/afi-safi/ipv6-unicast/aggregate-route/suppress-map
create	/frr-routing:routing/control-plane-protocols/control-plane-protocol/frr-bgp:bgp/global/afi-safis/afi-safi/ipv6-unicast/admin-distance-route
destroy	/frr-routing:routing/control-plane-protocols/control-plane-protocol/frr-bgp:bgp/global/afi-safis/afi-safi/ipv6-unicast/admin-distance-route
get_next	/frr-routing:routing/control-plane-protocols/control-plane-protocol/frr-bgp:bgp/global/afi-safis/afi-safi/ipv6-unicast/admin-distance-route
get_keys	/frr-routing:routing/control-plane-protocols/control-plane-protocol/frr-bgp:bgp/global/afi-safis/afi-safi/ipv6-unicast/admin-distance-route
lookup_entry	/frr-routing:routing/control-plane-protocols/control-plane-protocol/frr-bgp:bgp/global/afi-safis/afi-safi/ipv6-unicast/admin-distance-route
modify	/frr-routing:routing/control-plane-protocols/control-plane-protocol/frr-bgp:bgp/global/afi-safis/afi-safi/ipv6-unicast/admin-distance-route/distance
modify	/frr-routing:routing/control-plane-protocols/control-plane-protocol/frr-bgp:bgp/global/afi-safis/afi-safi/ipv6-unicast/admin-distance-route/access-list-policy-export
destroy	/frr-routing:routing/control-plane-protocols/control-plane-protocol/frr-bgp:bgp/global/afi-safis/afi-safi/ipv6-unicast/admin-distance-route/access-list-policy-export
modify	/frr-routing:routing/control-plane-protocols/control-plane-protocol/frr-bgp:bgp/global/afi-safis/afi-safi/ipv6-unicast/route-flap-dampening/enable
modify	/frr-routing:routing/control-plane-protocols/control-plane-protocol/frr-bgp:bgp/global/afi-safis/afi-safi/ipv6-unicast/route-flap-dampening/reach-decay
destroy	/frr-routing:routing/control-plane-protocols/control-plane-protocol/frr-bgp:bgp/global/afi-safis/afi-safi/ipv6-unicast/route-flap-dampening/reach-decay
modify	/frr-routing:routing/control-plane-protocols/control-plane-protocol/frr-bgp:bgp/global/afi-safis/afi-safi/ipv6-unicast/route-flap-dampening/reuse-above
destroy	/frr-routing:routing/control-plane-protocols/control-plane-protocol/frr-bgp:bgp/global/afi-safis/afi-safi/ipv6-unicast/route-flap-dampening/reuse-above
modify	/frr-routing:routing/control-plane-protocols/control-plane-protocol/frr-bgp:bgp/global/afi-safis/afi-safi/ipv6-unicast/route-flap-dampening/suppress-above
destroy	/frr-routing:routing/control-plane-protocols/control-plane-protocol/frr-bgp:bgp/global/afi-safis/afi-safi/ipv6-unicast/route-flap-dampening/suppress-above
modify	/frr-routing:routing/control-plane-protocols/control-plane-protocol/frr-bgp:bgp/global/afi-safis/afi-safi/ipv6-unicast/route-flap-dampening/unreach-decay
destroy	/frr-routing:routing/control-plane-protocols/control-plane-protocol/frr-bgp:bgp/global/afi-safis/afi-safi/ipv6-unicast/route-flap-dampening/unreach-decay
modify	/frr-routing:routing/control-plane-protocols/control-plane-protocol/frr-bgp:bgp/global/afi-safis/afi-safi/ipv6-unicast/use-multiple-paths/ebgp/maximum-paths
modify	/frr-routing:routing/control-plane-protocols/control-plane-protocol/frr-bgp:bgp/global/afi-safis/afi-safi/ipv6-unicast/use-multiple-paths/ibgp/maximum-paths
modify	/frr-routing:routing/control-plane-protocols/control-plane-protocol/frr-bgp:bgp/global/afi-safis/afi-safi/ipv6-unicast/use-multiple-paths/ibgp/cluster-length-list
destroy	/frr-routing:routing/control-plane-protocols/control-plane-protocol/frr-bgp:bgp/global/afi-safis/afi-safi/ipv6-unicast/use-multiple-paths/ibgp/cluster-length-list
create	/frr-routing:routing/control-plane-protocols/control-plane-protocol/frr-bgp:bgp/global/afi-safis/afi-safi/ipv6-unicast/redistribution-list
destroy	/frr-routing:routing/control-plane-protocols/control-plane-protocol/frr-bgp:bgp/global/afi-safis/afi-safi/ipv6-unicast/redistribution-list
get_next	/frr-routing:routing/control-plane-protocols/control-plane-protocol/frr-bgp:bgp/global/afi-safis/afi-safi/ipv6-unicast/redistribution-list
get_keys	/frr-routing:routing/control-plane-protocols/control-plane-protocol/frr-bgp:bgp/global/afi-safis/afi-safi/ipv6-unicast/redistribution-list
lookup_entry	/frr-routing:routing/control-plane-protocols/control-plane-protocol/frr-bgp:bgp/global/afi-safis/afi-safi/ipv6-unicast/redistribution-list
modify	/frr-routing:routing/control-plane-protocols/control-plane-protocol/frr-bgp:bgp/global/afi-safis/afi-safi/ipv6-unicast/redistribution-list/metric
destroy	/frr-routing:routing/control-plane-protocols/control-plane-protocol/frr-bgp:bgp/global/afi-safis/afi-safi/ipv6-unicast/redistribution-list/metric
modify	/frr-routing:routing/control-plane-protocols/control-plane-protocol/frr-bgp:bgp/global/afi-safis/afi-safi/ipv6-unicast/redistribution-list/rmap-policy-import
destroy	/frr-routing:routing/control-plane-protocols/control-plane-protocol/frr-bgp:bgp/global/afi-safis/afi-safi/ipv6-unicast/redistribution-list/rmap-policy-import
modify	/frr-routing:routing/control-plane-protocols/control-plane-protocol/frr-bgp:bgp/global/afi-safis/afi-safi/ipv6-unicast/admin-distance/external
modify	/frr-routing:routing/control-plane-protocols/control-plane-protocol/frr-bgp:bgp/global/afi-safis/afi-safi/ipv6-unicast/admin-distance/internal
modify	/frr-routing:routing/control-plane-protocols/control-plane-protocol/frr-bgp:bgp/global/afi-safis/afi-safi/ipv6-unicast/admin-distance/local
modify	/frr-routing:routing/control-plane-protocols/control-plane-protocol/frr-bgp:bgp/global/afi-safis/afi-safi/ipv6-unicast/prefer-global
modify	/frr-routing:routing/control-plane-protocols/control-plane-protocol/frr-bgp:bgp/global/afi-safis/afi-safi/ipv6-unicast/filter-config/rmap-export
destroy	/frr-routing:routing/control-plane-protocols/control-plane-protocol/frr-bgp:bgp/global/afi-safis/afi-safi/ipv6-unicast/filter-config/rmap-export
modify	/frr-routing:routing/control-plane-protocols/control-plane-protocol/frr-bgp:bgp/global/afi-safis/afi-safi/ipv6-unicast/vpn-config/rd
destroy	/frr-routing:routing/control-plane-protocols/control-plane-protocol/frr-bgp:bgp/global/afi-safis/afi-safi/ipv6-unicast/vpn-config/rd
modify	/frr-routing:routing/control-plane-protocols/control-plane-protocol/frr-bgp:bgp/global/afi-safis/afi-safi/ipv6-unicast/vpn-config/label
destroy	/frr-routing:routing/control-plane-protocols/control-plane-protocol/frr-bgp:bgp/global/afi-safis/afi-safi/ipv6-unicast/vpn-config/label
modify	/frr-routing:routing/control-plane-protocols/control-plane-protocol/frr-bgp:bgp/global/afi-safis/afi-safi/ipv6-unicast/vpn-config/label-auto
destroy	/frr-routing:routing/control-plane-protocols/control-plane-protocol/frr-bgp:bgp/global/afi-safis/afi-safi/ipv6-unicast/vpn-config/label-auto
modify	/frr-routing:routing/control-plane-protocols/control-plane-protocol/frr-bgp:bgp/global/afi-safis/afi-safi/ipv6-unicast/vpn-config/nexthop
destroy	/frr-routing:routing/control-plane-protocols/control-plane-protocol/frr-bgp:bgp/global/afi-safis/afi-safi/ipv6-unicast/vpn-config/nexthop
modify	/frr-routing:routing/control-plane-protocols/control-plane-protocol/frr-bgp:bgp/global/afi-safis/afi-safi/ipv6-unicast/vpn-config/import-vpn
modify	/frr-routing:routing/control-plane-protocols/control-plane-protocol/frr-bgp:bgp/global/afi-safis/afi-safi/ipv6-unicast/vpn-config/export-vpn
create	/frr-routing:routing/control-plane-protocols/control-plane-protocol/frr-bgp:bgp/global/afi-safis/afi-safi/ipv6-unicast/vpn-config/import-vrf-list
destroy	/frr-routing:routing/control-plane-protocols/control-plane-protocol/frr-bgp:bgp/global/afi-safis/afi-safi/ipv6-unicast/vpn-config/import-vrf-list
get_next	/frr-routing:routing/control-plane-protocols/control-plane-protocol/frr-bgp:bgp/global/afi-safis/afi-safi/ipv6-unicast/vpn-config/import-vrf-list
get_keys	/frr-routing:routing/control-plane-protocols/control-plane-protocol/frr-bgp:bgp/global/afi-safis/afi-safi/ipv6-unicast/vpn-config/import-vrf-list
lookup_entry	/frr-routing:routing/control-plane-protocols/control-plane-protocol/frr-bgp:bgp/global/afi-safis/afi-safi/ipv6-unicast/vpn-config/import-vrf-list
modify	/frr-routing:routing/control-plane-protocols/control-plane-protocol/frr-bgp:bgp/global/afi-safis/afi-safi/ipv6-unicast/vpn-config/rmap-import
destroy	/frr-routing:routing/control-plane-protocols/control-plane-protocol/frr-bgp:bgp/global/afi-safis/afi-safi/ipv6-unicast/vpn-config/rmap-import
modify	/frr-routing:routing/control-plane-protocols/control-plane-protocol/frr-bgp:bgp/global/afi-safis/afi-safi/ipv6-unicast/vpn-config/rmap-export
destroy	/frr-routing:routing/control-plane-protocols/control-plane-protocol/frr-bgp:bgp/global/afi-safis/afi-safi/ipv6-unicast/vpn-config/rmap-export
modify	/frr-routing:routing/control-plane-protocols/control-plane-protocol/frr-bgp:bgp/global/afi-safis/afi-safi/ipv6-unicast/vpn-config/redirect-rt
destroy	/frr-routing:routing/control-plane-protocols/control-plane-protocol/frr-bgp:bgp/global/afi-safis/afi-safi/ipv6-unicast/vpn-config/redirect-rt
create	/frr-routing:routing/control-plane-protocols/control-plane-protocol/frr-bgp:bgp/global/afi-safis/afi-safi/ipv6-unicast/vpn-config/import-rt-list
destroy	/frr-routing:routing/control-plane-protocols/control-plane-protocol/frr-bgp:bgp/global/afi-safis/afi-safi/ipv6-unicast/vpn-config/import-rt-list
create	/frr-routing:routing/control-plane-protocols/control-plane-protocol/frr-bgp:bgp/global/afi-safis/afi-safi/ipv6-unicast/vpn-config/export-rt-list
destroy	/frr-routing:routing/control-plane-protocols/control-plane-protocol/frr-bgp:bgp/global/afi-safis/afi-safi/ipv6-unicast/vpn-config/export-rt-list
create	/frr-routing:routing/control-plane-protocols/control-plane-protocol/frr-bgp:bgp/global/afi-safis/afi-safi/ipv6-unicast/vpn-config/rt-list
destroy	/frr-routing:routing/control-plane-protocols/control-plane-protocol/frr-bgp:bgp/global/afi-safis/afi-safi/ipv6-unicast/vpn-config/rt-list
modify	/frr-routing:routing/control-plane-protocols/control-plane-protocol/frr-bgp:bgp/global/afi-safis/afi-safi/ipv4-labeled-unicast/use-multiple-paths/ebgp/maximum-paths
modify	/frr-routing:routing/control-plane-protocols/control-plane-protocol/frr-bgp:bgp/global/afi-safis/afi-safi/ipv4-labeled-unicast/use-multiple-paths/ibgp/maximum-paths
modify	/frr-routing:routing/control-plane-protocols/control-plane-protocol/frr-bgp:bgp/global/afi-safis/afi-safi/ipv4-labeled-unicast/use-multiple-paths/ibgp/cluster-length-list
destroy	/frr-routing:routing/control-plane-protocols/control-plane-protocol/frr-bgp:bgp/global/afi-safis/afi-safi/ipv4-labeled-unicast/use-multiple-paths/ibgp/cluster-length-list
modify	/frr-routing:routing/control-plane-protocols/control-plane-protocol/frr-bgp:bgp/global/afi-safis/afi-safi/ipv4-labeled-unicast/route-flap-dampening/enable
modify	/frr-routing:routing/control-plane-protocols/control-plane-protocol/frr-bgp:bgp/global/afi-safis/afi-safi/ipv4-labeled-unicast/route-flap-dampening/reach-decay
destroy	/frr-routing:routing/control-plane-protocols/control-plane-protocol/frr-bgp:bgp/global/afi-safis/afi-safi/ipv4-labeled-unicast/route-flap-dampening/reach-decay
modify	/frr-routing:routing/control-plane-protocols/control-plane-protocol/frr-bgp:bgp/global/afi-safis/afi-safi/ipv4-labeled-unicast/route-flap-dampening/reuse-above
destroy	/frr-routing:routing/control-plane-protocols/control-plane-protocol/frr-bgp:bgp/global/afi-safis/afi-safi/ipv4-labeled-unicast/route-flap-dampening/reuse-above
modify	/frr-routing:routing/control-plane-protocols/control-plane-protocol/frr-bgp:bgp/global/afi-safis/afi-safi/ipv4-labeled-unicast/route-flap-dampening/suppress-above
destroy	/frr-routing:routing/control-plane-protocols/control-plane-protocol/frr-bgp:bgp/global/afi-safis/afi-safi/ipv4-labeled-unicast/route-flap-dampening/suppress-above
modify	/frr-routing:routing/control-plane-protocols/control-plane-protocol/frr-bgp:bgp/global/afi-safis/afi-safi/ipv4-labeled-unicast/route-flap-dampening/unreach-decay
destroy	/frr-routing:routing/control-plane-protocols/control-plane-protocol/frr-bgp:bgp/global/afi-safis/afi-safi/ipv4-labeled-unicast/route-flap-dampening/unreach-decay
modify	/frr-routing:routing/control-plane-protocols/control-plane-protocol/frr-bgp:bgp/global/afi-safis/afi-safi/ipv6-labeled-unicast/use-multiple-paths/ebgp/maximum-paths
modify	/frr-routing:routing/control-plane-protocols/control-plane-protocol/frr-bgp:bgp/global/afi-safis/afi-safi/ipv6-labeled-unicast/use-multiple-paths/ibgp/maximum-paths
modify	/frr-routing:routing/control-plane-protocols/control-plane-protocol/frr-bgp:bgp/global/afi-safis/afi-safi/ipv6-labeled-unicast/use-multiple-paths/ibgp/cluster-length-list
destroy	/frr-routing:routing/control-plane-protocols/control-plane-protocol/frr-bgp:bgp/global/afi-safis/afi-safi/ipv6-labeled-unicast/use-multiple-paths/ibgp/cluster-length-list
modify	/frr-routing:routing/control-plane-protocols/control-plane-protocol/frr-bgp:bgp/global/afi-safis/afi-safi/ipv6-labeled-unicast/route-flap-dampening/enable
modify	/frr-routing:routing/control-plane-protocols/control-plane-protocol/frr-bgp:bgp/global/afi-safis/afi-safi/ipv6-labeled-unicast/route-flap-dampening/reach-decay
destroy	/frr-routing:routing/control-plane-protocols/control-plane-protocol/frr-bgp:bgp/global/afi-safis/afi-safi/ipv6-labeled-unicast/route-flap-dampening/reach-decay
modify	/frr-routing:routing/control-plane-protocols/control-plane-protocol/frr-bgp:bgp/global/afi-safis/afi-safi/ipv6-labeled-unicast/route-flap-dampening/reuse-above
destroy	/frr-routing:routing/control-plane-protocols/control-plane-protocol/frr-bgp:bgp/global/afi-safis/afi-safi/ipv6-labeled-unicast/route-flap-dampening/reuse-above
modify	/frr-routing:routing/control-plane-protocols/control-plane-protocol/frr-bgp:bgp/global/afi-safis/afi-safi/ipv6-labeled-unicast/route-flap-dampening/suppress-above
destroy	/frr-routing:routing/control-plane-protocols/control-plane-protocol/frr-bgp:bgp/global/afi-safis/afi-safi/ipv6-labeled-unicast/route-flap-dampening/suppress-above
modify	/frr-routing:routing/control-plane-protocols/control-plane-protocol/frr-bgp:bgp/global/afi-safis/afi-safi/ipv6-labeled-unicast/route-flap-dampening/unreach-decay
destroy	/frr-routing:routing/control-plane-protocols/control-plane-protocol/frr-bgp:bgp/global/afi-safis/afi-safi/ipv6-labeled-unicast/route-flap-dampening/unreach-decay
modify	/frr-routing:routing/control-plane-protocols/control-plane-protocol/frr-bgp:bgp/global/afi-safis/afi-safi/ipv6-labeled-unicast/prefer-global
create	/frr-routing:routing/control-plane-protocols/control-plane-protocol/frr-bgp:bgp/global/afi-safis/afi-safi/l3vpn-ipv4-unicast/network-config
destroy	/frr-routing:routing/control-plane-protocols/control-plane-protocol/frr-bgp:bgp/global/afi-safis/afi-safi/l3vpn-ipv4-unicast/network-config
get_next	/frr-routing:routing/control-plane-protocols/control-plane-protocol/frr-bgp:bgp/global/afi-safis/afi-safi/l3vpn-ipv4-unicast/network-config
get_keys	/frr-routing:routing/control-plane-protocols/control-plane-protocol/frr-bgp:bgp/global/afi-safis/afi-safi/l3vpn-ipv4-unicast/network-config
lookup_entry	/frr-routing:routing/control-plane-protocols/control-plane-protocol/frr-bgp:bgp/global/afi-safis/afi-safi/l3vpn-ipv4-unicast/network-config
create	/frr-routing:routing/control-plane-protocols/control-plane-protocol/frr-bgp:bgp/global/afi-safis/afi-safi/l3vpn-ipv4-unicast/network-config/prefix-list
destroy	/frr-routing:routing/control-plane-protocols/control-plane-protocol/frr-bgp:bgp/global/afi-safis/afi-safi/l3vpn-ipv4-unicast/network-config/prefix-list
get_next	/frr-routing:routing/control-plane-protocols/control-plane-protocol/frr-bgp:bgp/global/afi-safis/afi-safi/l3vpn-ipv4-unicast/network-config/prefix-list
get_keys	/frr-routing:routing/control-plane-protocols/control-plane-protocol/frr-bgp:bgp/global/afi-safis/afi-safi/l3vpn-ipv4-unicast/network-config/prefix-list
lookup_entry	/frr-routing:routing/control-plane-protocols/control-plane-protocol/frr-bgp:bgp/global/afi-safis/afi-safi/l3vpn-ipv4-unicast/network-config/prefix-list
modify	/frr-routing:routing/control-plane-protocols/control-plane-protocol/frr-bgp:bgp/global/afi-safis/afi-safi/l3vpn-ipv4-unicast/network-config/prefix-list/label-index
modify	/frr-routing:routing/control-plane-protocols/control-plane-protocol/frr-bgp:bgp/global/afi-safis/afi-safi/l3vpn-ipv4-unicast/network-config/prefix-list/rmap-policy-export
destroy	/frr-routing:routing/control-plane-protocols/control-plane-protocol/frr-bgp:bgp/global/afi-safis/afi-safi/l3vpn-ipv4-unicast/network-config/prefix-list/rmap-policy-export
create	/frr-routing:routing/control-plane-protocols/control-plane-protocol/frr-bgp:bgp/global/afi-safis/afi-safi/l3vpn-ipv6-unicast/network-config
destroy	/frr-routing:routing/control-plane-protocols/control-plane-protocol/frr-bgp:bgp/global/afi-safis/afi-safi/l3vpn-ipv6-unicast/network-config
get_next	/frr-routing:routing/control-plane-protocols/control-plane-protocol/frr-bgp:bgp/global/afi-safis/afi-safi/l3vpn-ipv6-unicast/network-config
get_keys	/frr-routing:routing/control-plane-protocols/control-plane-protocol/frr-bgp:bgp/global/afi-safis/afi-safi/l3vpn-ipv6-unicast/network-config
lookup_entry	/frr-routing:routing/control-plane-protocols/control-plane-protocol/frr-bgp:bgp/global/afi-safis/afi-safi/l3vpn-ipv6-unicast/network-config
create	/frr-routing:routing/control-plane-protocols/control-plane-protocol/frr-bgp:bgp/global/afi-safis/afi-safi/l3vpn-ipv6-unicast/network-config/prefix-list
destroy	/frr-routing:routing/control-plane-protocols/control-plane-protocol/frr-bgp:bgp/global/afi-safis/afi-safi/l3vpn-ipv6-unicast/network-config/prefix-list
get_next	/frr-routing:routing/control-plane-protocols/control-plane-protocol/frr-bgp:bgp/global/afi-safis/afi-safi/l3vpn-ipv6-unicast/network-config/prefix-list
get_keys	/frr-routing:routing/control-plane-protocols/control-plane-protocol/frr-bgp:bgp/global/afi-safis/afi-safi/l3vpn-ipv6-unicast/network-config/prefix-list
lookup_entry	/frr-routing:routing/control-plane-protocols/control-plane-protocol/frr-bgp:bgp/global/afi-safis/afi-safi/l3vpn-ipv6-unicast/network-config/prefix-list
modify	/frr-routing:routing/control-plane-protocols/control-plane-protocol/frr-bgp:bgp/global/afi-safis/afi-safi/l3vpn-ipv6-unicast/network-config/prefix-list/label-index
modify	/frr-routing:routing/control-plane-protocols/control-plane-protocol/frr-bgp:bgp/global/afi-safis/afi-safi/l3vpn-ipv6-unicast/network-config/prefix-list/rmap-policy-export
destroy	/frr-routing:routing/control-plane-protocols/control-plane-protocol/frr-bgp:bgp/global/afi-safis/afi-safi/l3vpn-ipv6-unicast/network-config/prefix-list/rmap-policy-export
modify	/frr-routing:routing/control-plane-protocols/control-plane-protocol/frr-bgp:bgp/global/afi-safis/afi-safi/l2vpn-evpn/advertise-all-vni
modify	/frr-routing:routing/control-plane-protocols/control-plane-protocol/frr-bgp:bgp/global/afi-safis/afi-safi/l2vpn-evpn/advertise-svi-ip
modify	/frr-routing:routing/control-plane-protocols/control-plane-protocol/frr-bgp:bgp/global/afi-safis/afi-safi/l2vpn-evpn/advertise-default-gw
modify	/frr-routing:routing/control-plane-protocols/control-plane-protocol/frr-bgp:bgp/global/afi-safis/afi-safi/l2vpn-evpn/advertise-subnet
modify	/frr-routing:routing/control-plane-protocols/control-plane-protocol/frr-bgp:bgp/global/afi-safis/afi-safi/l2vpn-evpn/autort-rfc8365-compatible
modify	/frr-routing:routing/control-plane-protocols/control-plane-protocol/frr-bgp:bgp/global/afi-safis/afi-safi/l2vpn-evpn/use-es-l3nhg
modify	/frr-routing:routing/control-plane-protocols/control-plane-protocol/frr-bgp:bgp/global/afi-safis/afi-safi/l2vpn-evpn/enable-resolve-overlay-index
modify	/frr-routing:routing/control-plane-protocols/control-plane-protocol/frr-bgp:bgp/global/afi-safis/afi-safi/l2vpn-evpn/disable-ead-evi-rx
modify	/frr-routing:routing/control-plane-protocols/control-plane-protocol/frr-bgp:bgp/global/afi-safis/afi-safi/l2vpn-evpn/disable-ead-evi-tx
create	/frr-routing:routing/control-plane-protocols/control-plane-protocol/frr-bgp:bgp/global/afi-safis/afi-safi/l2vpn-evpn/advertise-pip
destroy	/frr-routing:routing/control-plane-protocols/control-plane-protocol/frr-bgp:bgp/global/afi-safis/afi-safi/l2vpn-evpn/advertise-pip
modify	/frr-routing:routing/control-plane-protocols/control-plane-protocol/frr-bgp:bgp/global/afi-safis/afi-safi/l2vpn-evpn/advertise-pip/ip
destroy	/frr-routing:routing/control-plane-protocols/control-plane-protocol/frr-bgp:bgp/global/afi-safis/afi-safi/l2vpn-evpn/advertise-pip/ip
modify	/frr-routing:routing/control-plane-protocols/control-plane-protocol/frr-bgp:bgp/global/afi-safis/afi-safi/l2vpn-evpn/advertise-pip/mac
destroy	/frr-routing:routing/control-plane-protocols/control-plane-protocol/frr-bgp:bgp/global/afi-safis/afi-safi/l2vpn-evpn/advertise-pip/mac
modify	/frr-routing:routing/control-plane-protocols/control-plane-protocol/frr-bgp:bgp/global/afi-safis/afi-safi/l2vpn-evpn/advertise/ipv4-unicast
modify	/frr-routing:routing/control-plane-protocols/control-plane-protocol/frr-bgp:bgp/global/afi-safis/afi-safi/l2vpn-evpn/advertise/ipv4-unicast-route-map
destroy	/frr-routing:routing/control-plane-protocols/control-plane-protocol/frr-bgp:bgp/global/afi-safis/afi-safi/l2vpn-evpn/advertise/ipv4-unicast-route-map
modify	/frr-routing:routing/control-plane-protocols/control-plane-protocol/frr-bgp:bgp/global/afi-safis/afi-safi/l2vpn-evpn/advertise/ipv6-unicast
modify	/frr-routing:routing/control-plane-protocols/control-plane-protocol/frr-bgp:bgp/global/afi-safis/afi-safi/l2vpn-evpn/advertise/ipv6-unicast-route-map
destroy	/frr-routing:routing/control-plane-protocols/control-plane-protocol/frr-bgp:bgp/global/afi-safis/afi-safi/l2vpn-evpn/advertise/ipv6-unicast-route-map
modify	/frr-routing:routing/control-plane-protocols/control-plane-protocol/frr-bgp:bgp/global/afi-safis/afi-safi/l2vpn-evpn/dup-addr-detection/max-moves
modify	/frr-routing:routing/control-plane-protocols/control-plane-protocol/frr-bgp:bgp/global/afi-safis/afi-safi/l2vpn-evpn/dup-addr-detection/time
modify	/frr-routing:routing/control-plane-protocols/control-plane-protocol/frr-bgp:bgp/global/afi-safis/afi-safi/l2vpn-evpn/dup-addr-detection/freeze-permanent
destroy	/frr-routing:routing/control-plane-protocols/control-plane-protocol/frr-bgp:bgp/global/afi-safis/afi-safi/l2vpn-evpn/dup-addr-detection/freeze-permanent
modify	/frr-routing:routing/control-plane-protocols/control-plane-protocol/frr-bgp:bgp/global/afi-safis/afi-safi/l2vpn-evpn/dup-addr-detection/freeze-time
destroy	/frr-routing:routing/control-plane-protocols/control-plane-protocol/frr-bgp:bgp/global/afi-safis/afi-safi/l2vpn-evpn/dup-addr-detection/freeze-time
modify	/frr-routing:routing/control-plane-protocols/control-plane-protocol/frr-bgp:bgp/global/afi-safis/afi-safi/l2vpn-evpn/flooding
modify	/frr-routing:routing/control-plane-protocols/control-plane-protocol/frr-bgp:bgp/global/afi-safis/afi-safi/l2vpn-evpn/mac-vrf-soo
destroy	/frr-routing:routing/control-plane-protocols/control-plane-protocol/frr-bgp:bgp/global/afi-safis/afi-safi/l2vpn-evpn/mac-vrf-soo
modify	/frr-routing:routing/control-plane-protocols/control-plane-protocol/frr-bgp:bgp/global/afi-safis/afi-safi/l2vpn-evpn/ead-es/fragmentation/evi-limit
create	/frr-routing:routing/control-plane-protocols/control-plane-protocol/frr-bgp:bgp/global/afi-safis/afi-safi/l2vpn-evpn/ead-es/route-target-export
destroy	/frr-routing:routing/control-plane-protocols/control-plane-protocol/frr-bgp:bgp/global/afi-safis/afi-safi/l2vpn-evpn/ead-es/route-target-export
create	/frr-routing:routing/control-plane-protocols/control-plane-protocol/frr-bgp:bgp/global/afi-safis/afi-safi/ipv4-multicast/network-config
destroy	/frr-routing:routing/control-plane-protocols/control-plane-protocol/frr-bgp:bgp/global/afi-safis/afi-safi/ipv4-multicast/network-config
get_next	/frr-routing:routing/control-plane-protocols/control-plane-protocol/frr-bgp:bgp/global/afi-safis/afi-safi/ipv4-multicast/network-config
get_keys	/frr-routing:routing/control-plane-protocols/control-plane-protocol/frr-bgp:bgp/global/afi-safis/afi-safi/ipv4-multicast/network-config
lookup_entry	/frr-routing:routing/control-plane-protocols/control-plane-protocol/frr-bgp:bgp/global/afi-safis/afi-safi/ipv4-multicast/network-config
modify	/frr-routing:routing/control-plane-protocols/control-plane-protocol/frr-bgp:bgp/global/afi-safis/afi-safi/ipv4-multicast/network-config/backdoor
modify	/frr-routing:routing/control-plane-protocols/control-plane-protocol/frr-bgp:bgp/global/afi-safis/afi-safi/ipv4-multicast/network-config/label-index
destroy	/frr-routing:routing/control-plane-protocols/control-plane-protocol/frr-bgp:bgp/global/afi-safis/afi-safi/ipv4-multicast/network-config/label-index
modify	/frr-routing:routing/control-plane-protocols/control-plane-protocol/frr-bgp:bgp/global/afi-safis/afi-safi/ipv4-multicast/network-config/rmap-policy-export
destroy	/frr-routing:routing/control-plane-protocols/control-plane-protocol/frr-bgp:bgp/global/afi-safis/afi-safi/ipv4-multicast/network-config/rmap-policy-export
create	/frr-routing:routing/control-plane-protocols/control-plane-protocol/frr-bgp:bgp/global/afi-safis/afi-safi/ipv4-multicast/aggregate-route
destroy	/frr-routing:routing/control-plane-protocols/control-plane-protocol/frr-bgp:bgp/global/afi-safis/afi-safi/ipv4-multicast/aggregate-route
get_next	/frr-routing:routing/control-plane-protocols/control-plane-protocol/frr-bgp:bgp/global/afi-safis/afi-safi/ipv4-multicast/aggregate-route
get_keys	/frr-routing:routing/control-plane-protocols/control-plane-protocol/frr-bgp:bgp/global/afi-safis/afi-safi/ipv4-multicast/aggregate-route
lookup_entry	/frr-routing:routing/control-plane-protocols/control-plane-protocol/frr-bgp:bgp/global/afi-safis/afi-safi/ipv4-multicast/aggregate-route
modify	/frr-routing:routing/control-plane-protocols/control-plane-protocol/frr-bgp:bgp/global/afi-safis/afi-safi/ipv4-multicast/aggregate-route/as-set
modify	/frr-routing:routing/control-plane-protocols/control-plane-protocol/frr-bgp:bgp/global/afi-safis/afi-safi/ipv4-multicast/aggregate-route/summary-only
modify	/frr-routing:routing/control-plane-protocols/control-plane-protocol/frr-bgp:bgp/global/afi-safis/afi-safi/ipv4-multicast/aggregate-route/rmap-policy-export
destroy	/frr-routing:routing/control-plane-protocols/control-plane-protocol/frr-bgp:bgp/global/afi-safis/afi-safi/ipv4-multicast/aggregate-route/rmap-policy-export
modify	/frr-routing:routing/control-plane-protocols/control-plane-protocol/frr-bgp:bgp/global/afi-safis/afi-safi/ipv4-multicast/aggregate-route/origin
modify	/frr-routing:routing/control-plane-protocols/control-plane-protocol/frr-bgp:bgp/global/afi-safis/afi-safi/ipv4-multicast/aggregate-route/match-med
modify	/frr-routing:routing/control-plane-protocols/control-plane-protocol/frr-bgp:bgp/global/afi-safis/afi-safi/ipv4-multicast/aggregate-route/suppress-map
destroy	/frr-routing:routing/control-plane-protocols/control-plane-protocol/frr-bgp:bgp/global/afi-safis/afi-safi/ipv4-multicast/aggregate-route/suppress-map
create	/frr-routing:routing/control-plane-protocols/control-plane-protocol/frr-bgp:bgp/global/afi-safis/afi-safi/ipv4-multicast/admin-distance-route
destroy	/frr-routing:routing/control-plane-protocols/control-plane-protocol/frr-bgp:bgp/global/afi-safis/afi-safi/ipv4-multicast/admin-distance-route
get_next	/frr-routing:routing/control-plane-protocols/control-plane-protocol/frr-bgp:bgp/global/afi-safis/afi-safi/ipv4-multicast/admin-distance-route
get_keys	/frr-routing:routing/control-plane-protocols/control-plane-protocol/frr-bgp:bgp/global/afi-safis/afi-safi/ipv4-multicast/admin-distance-route
lookup_entry	/frr-routing:routing/control-plane-protocols/control-plane-protocol/frr-bgp:bgp/global/afi-safis/afi-safi/ipv4-multicast/admin-distance-route
modify	/frr-routing:routing/control-plane-protocols/control-plane-protocol/frr-bgp:bgp/global/afi-safis/afi-safi/ipv4-multicast/admin-distance-route/distance
modify	/frr-routing:routing/control-plane-protocols/control-plane-protocol/frr-bgp:bgp/global/afi-safis/afi-safi/ipv4-multicast/admin-distance-route/access-list-policy-export
destroy	/frr-routing:routing/control-plane-protocols/control-plane-protocol/frr-bgp:bgp/global/afi-safis/afi-safi/ipv4-multicast/admin-distance-route/access-list-policy-export
modify	/frr-routing:routing/control-plane-protocols/control-plane-protocol/frr-bgp:bgp/global/afi-safis/afi-safi/ipv4-multicast/admin-distance/external
modify	/frr-routing:routing/control-plane-protocols/control-plane-protocol/frr-bgp:bgp/global/afi-safis/afi-safi/ipv4-multicast/admin-distance/internal
modify	/frr-routing:routing/control-plane-protocols/control-plane-protocol/frr-bgp:bgp/global/afi-safis/afi-safi/ipv4-multicast/admin-distance/local
modify	/frr-routing:routing/control-plane-protocols/control-plane-protocol/frr-bgp:bgp/global/afi-safis/afi-safi/ipv4-multicast/route-flap-dampening/enable
modify	/frr-routing:routing/control-plane-protocols/control-plane-protocol/frr-bgp:bgp/global/afi-safis/afi-safi/ipv4-multicast/route-flap-dampening/reach-decay
destroy	/frr-routing:routing/control-plane-protocols/control-plane-protocol/frr-bgp:bgp/global/afi-safis/afi-safi/ipv4-multicast/route-flap-dampening/reach-decay
modify	/frr-routing:routing/control-plane-protocols/control-plane-protocol/frr-bgp:bgp/global/afi-safis/afi-safi/ipv4-multicast/route-flap-dampening/reuse-above
destroy	/frr-routing:routing/control-plane-protocols/control-plane-protocol/frr-bgp:bgp/global/afi-safis/afi-safi/ipv4-multicast/route-flap-dampening/reuse-above
modify	/frr-routing:routing/control-plane-protocols/control-plane-protocol/frr-bgp:bgp/global/afi-safis/afi-safi/ipv4-multicast/route-flap-dampening/suppress-above
destroy	/frr-routing:routing/control-plane-protocols/control-plane-protocol/frr-bgp:bgp/global/afi-safis/afi-safi/ipv4-multicast/route-flap-dampening/suppress-above
modify	/frr-routing:routing/control-plane-protocols/control-plane-protocol/frr-bgp:bgp/global/afi-safis/afi-safi/ipv4-multicast/route-flap-dampening/unreach-decay
destroy	/frr-routing:routing/control-plane-protocols/control-plane-protocol/frr-bgp:bgp/global/afi-safis/afi-safi/ipv4-multicast/route-flap-dampening/unreach-decay
modify	/frr-routing:routing/control-plane-protocols/control-plane-protocol/frr-bgp:bgp/global/afi-safis/afi-safi/ipv4-multicast/filter-config/rmap-export
destroy	/frr-routing:routing/control-plane-protocols/control-plane-protocol/frr-bgp:bgp/global/afi-safis/afi-safi/ipv4-multicast/filter-config/rmap-export
create	/frr-routing:routing/control-plane-protocols/control-plane-protocol/frr-bgp:bgp/global/afi-safis/afi-safi/ipv6-multicast/network-config
destroy	/frr-routing:routing/control-plane-protocols/control-plane-protocol/frr-bgp:bgp/global/afi-safis/afi-safi/ipv6-multicast/network-config
get_next	/frr-routing:routing/control-plane-protocols/control-plane-protocol/frr-bgp:bgp/global/afi-safis/afi-safi/ipv6-multicast/network-config
get_keys	/frr-routing:routing/control-plane-protocols/control-plane-protocol/frr-bgp:bgp/global/afi-safis/afi-safi/ipv6-multicast/network-config
lookup_entry	/frr-routing:routing/control-plane-protocols/control-plane-protocol/frr-bgp:bgp/global/afi-safis/afi-safi/ipv6-multicast/network-config
modify	/frr-routing:routing/control-plane-protocols/control-plane-protocol/frr-bgp:bgp/global/afi-safis/afi-safi/ipv6-multicast/network-config/backdoor
modify	/frr-routing:routing/control-plane-protocols/control-plane-protocol/frr-bgp:bgp/global/afi-safis/afi-safi/ipv6-multicast/network-config/label-index
destroy	/frr-routing:routing/control-plane-protocols/control-plane-protocol/frr-bgp:bgp/global/afi-safis/afi-safi/ipv6-multicast/network-config/label-index
modify	/frr-routing:routing/control-plane-protocols/control-plane-protocol/frr-bgp:bgp/global/afi-safis/afi-safi/ipv6-multicast/network-config/rmap-policy-export
destroy	/frr-routing:routing/control-plane-protocols/control-plane-protocol/frr-bgp:bgp/global/afi-safis/afi-safi/ipv6-multicast/network-config/rmap-policy-export
create	/frr-routing:routing/control-plane-protocols/control-plane-protocol/frr-bgp:bgp/global/afi-safis/afi-safi/ipv6-multicast/aggregate-route
destroy	/frr-routing:routing/control-plane-protocols/control-plane-protocol/frr-bgp:bgp/global/afi-safis/afi-safi/ipv6-multicast/aggregate-route
get_next	/frr-routing:routing/control-plane-protocols/control-plane-protocol/frr-bgp:bgp/global/afi-safis/afi-safi/ipv6-multicast/aggregate-route
get_keys	/frr-routing:routing/control-plane-protocols/control-plane-protocol/frr-bgp:bgp/global/afi-safis/afi-safi/ipv6-multicast/aggregate-route
lookup_entry	/frr-routing:routing/control-plane-protocols/control-plane-protocol/frr-bgp:bgp/global/afi-safis/afi-safi/ipv6-multicast/aggregate-route
modify	/frr-routing:routing/control-plane-protocols/control-plane-protocol/frr-bgp:bgp/global/afi-safis/afi-safi/ipv6-multicast/aggregate-route/as-set
modify	/frr-routing:routing/control-plane-protocols/control-plane-protocol/frr-bgp:bgp/global/afi-safis/afi-safi/ipv6-multicast/aggregate-route/summary-only
modify	/frr-routing:routing/control-plane-protocols/control-plane-protocol/frr-bgp:bgp/global/afi-safis/afi-safi/ipv6-multicast/aggregate-route/rmap-policy-export
destroy	/frr-routing:routing/control-plane-protocols/control-plane-protocol/frr-bgp:bgp/global/afi-safis/afi-safi/ipv6-multicast/aggregate-route/rmap-policy-export
modify	/frr-routing:routing/control-plane-protocols/control-plane-protocol/frr-bgp:bgp/global/afi-safis/afi-safi/ipv6-multicast/aggregate-route/origin
modify	/frr-routing:routing/control-plane-protocols/control-plane-protocol/frr-bgp:bgp/global/afi-safis/afi-safi/ipv6-multicast/aggregate-route/match-med
modify	/frr-routing:routing/control-plane-protocols/control-plane-protocol/frr-bgp:bgp/global/afi-safis/afi-safi/ipv6-multicast/aggregate-route/suppress-map
destroy	/frr-routing:routing/control-plane-protocols/control-plane-protocol/frr-bgp:bgp/global/afi-safis/afi-safi/ipv6-multicast/aggregate-route/suppress-map
create	/frr-routing:routing/control-plane-protocols/control-plane-protocol/frr-bgp:bgp/global/afi-safis/afi-safi/ipv6-multicast/admin-distance-route
destroy	/frr-routing:routing/control-plane-protocols/control-plane-protocol/frr-bgp:bgp/global/afi-safis/afi-safi/ipv6-multicast/admin-distance-route
get_next	/frr-routing:routing/control-plane-protocols/control-plane-protocol/frr-bgp:bgp/global/afi-safis/afi-safi/ipv6-multicast/admin-distance-route
get_keys	/frr-routing:routing/control-plane-protocols/control-plane-protocol/frr-bgp:bgp/global/afi-safis/afi-safi/ipv6-multicast/admin-distance-route
lookup_entry	/frr-routing:routing/control-plane-protocols/control-plane-protocol/frr-bgp:bgp/global/afi-safis/afi-safi/ipv6-multicast/admin-distance-route
modify	/frr-routing:routing/control-plane-protocols/control-plane-protocol/frr-bgp:bgp/global/afi-safis/afi-safi/ipv6-multicast/admin-distance-route/distance
modify	/frr-routing:routing/control-plane-protocols/control-plane-protocol/frr-bgp:bgp/global/afi-safis/afi-safi/ipv6-multicast/admin-distance-route/access-list-policy-export
destroy	/frr-routing:routing/control-plane-protocols/control-plane-protocol/frr-bgp:bgp/global/afi-safis/afi-safi/ipv6-multicast/admin-distance-route/access-list-policy-export
modify	/frr-routing:routing/control-plane-protocols/control-plane-protocol/frr-bgp:bgp/global/afi-safis/afi-safi/ipv6-multicast/route-flap-dampening/enable
modify	/frr-routing:routing/control-plane-protocols/control-plane-protocol/frr-bgp:bgp/global/afi-safis/afi-safi/ipv6-multicast/route-flap-dampening/reach-decay
destroy	/frr-routing:routing/control-plane-protocols/control-plane-protocol/frr-bgp:bgp/global/afi-safis/afi-safi/ipv6-multicast/route-flap-dampening/reach-decay
modify	/frr-routing:routing/control-plane-protocols/control-plane-protocol/frr-bgp:bgp/global/afi-safis/afi-safi/ipv6-multicast/route-flap-dampening/reuse-above
destroy	/frr-routing:routing/control-plane-protocols/control-plane-protocol/frr-bgp:bgp/global/afi-safis/afi-safi/ipv6-multicast/route-flap-dampening/reuse-above
modify	/frr-routing:routing/control-plane-protocols/control-plane-protocol/frr-bgp:bgp/global/afi-safis/afi-safi/ipv6-multicast/route-flap-dampening/suppress-above
destroy	/frr-routing:routing/control-plane-protocols/control-plane-protocol/frr-bgp:bgp/global/afi-safis/afi-safi/ipv6-multicast/route-flap-dampening/suppress-above
modify	/frr-routing:routing/control-plane-protocols/control-plane-protocol/frr-bgp:bgp/global/afi-safis/afi-safi/ipv6-multicast/route-flap-dampening/unreach-decay
destroy	/frr-routing:routing/control-plane-protocols/control-plane-protocol/frr-bgp:bgp/global/afi-safis/afi-safi/ipv6-multicast/route-flap-dampening/unreach-decay
modify	/frr-routing:routing/control-plane-protocols/control-plane-protocol/frr-bgp:bgp/global/afi-safis/afi-safi/ipv6-multicast/admin-distance/external
modify	/frr-routing:routing/control-plane-protocols/control-plane-protocol/frr-bgp:bgp/global/afi-safis/afi-safi/ipv6-multicast/admin-distance/internal
modify	/frr-routing:routing/control-plane-protocols/control-plane-protocol/frr-bgp:bgp/global/afi-safis/afi-safi/ipv6-multicast/admin-distance/local
modify	/frr-routing:routing/control-plane-protocols/control-plane-protocol/frr-bgp:bgp/global/afi-safis/afi-safi/ipv6-multicast/prefer-global
create	/frr-routing:routing/control-plane-protocols/control-plane-protocol/frr-bgp:bgp/global/afi-safis/afi-safi/ipv4-flowspec/local-install-interface
destroy	/frr-routing:routing/control-plane-protocols/control-plane-protocol/frr-bgp:bgp/global/afi-safis/afi-safi/ipv4-flowspec/local-install-interface
modify	/frr-routing:routing/control-plane-protocols/control-plane-protocol/frr-bgp:bgp/global/afi-safis/afi-safi/ipv4-flowspec/flow-spec-config/interface
destroy	/frr-routing:routing/control-plane-protocols/control-plane-protocol/frr-bgp:bgp/global/afi-safis/afi-safi/ipv4-flowspec/flow-spec-config/interface
create	/frr-routing:routing/control-plane-protocols/control-plane-protocol/frr-bgp:bgp/global/afi-safis/afi-safi/ipv6-flowspec/local-install-interface
destroy	/frr-routing:routing/control-plane-protocols/control-plane-protocol/frr-bgp:bgp/global/afi-safis/afi-safi/ipv6-flowspec/local-install-interface
get_next	/frr-routing:routing/control-plane-protocols/control-plane-protocol/frr-bgp:bgp/neighbors/neighbor
get_keys	/frr-routing:routing/control-plane-protocols/control-plane-protocol/frr-bgp:bgp/neighbors/neighbor
lookup_entry	/frr-routing:routing/control-plane-protocols/control-plane-protocol/frr-bgp:bgp/neighbors/neighbor
modify	/frr-routing:routing/control-plane-protocols/control-plane-protocol/frr-bgp:bgp/neighbors/neighbor/local-interface
destroy	/frr-routing:routing/control-plane-protocols/control-plane-protocol/frr-bgp:bgp/neighbors/neighbor/local-interface
modify	/frr-routing:routing/control-plane-protocols/control-plane-protocol/frr-bgp:bgp/neighbors/neighbor/local-port
destroy	/frr-routing:routing/control-plane-protocols/control-plane-protocol/frr-bgp:bgp/neighbors/neighbor/local-port
modify	/frr-routing:routing/control-plane-protocols/control-plane-protocol/frr-bgp:bgp/neighbors/neighbor/peer-group
destroy	/frr-routing:routing/control-plane-protocols/control-plane-protocol/frr-bgp:bgp/neighbors/neighbor/peer-group
modify	/frr-routing:routing/control-plane-protocols/control-plane-protocol/frr-bgp:bgp/neighbors/neighbor/shutdown-rtt/rtt
destroy	/frr-routing:routing/control-plane-protocols/control-plane-protocol/frr-bgp:bgp/neighbors/neighbor/shutdown-rtt/rtt
modify	/frr-routing:routing/control-plane-protocols/control-plane-protocol/frr-bgp:bgp/neighbors/neighbor/shutdown-rtt/count
destroy	/frr-routing:routing/control-plane-protocols/control-plane-protocol/frr-bgp:bgp/neighbors/neighbor/shutdown-rtt/count
modify	/frr-routing:routing/control-plane-protocols/control-plane-protocol/frr-bgp:bgp/neighbors/neighbor/local-role/role
destroy	/frr-routing:routing/control-plane-protocols/control-plane-protocol/frr-bgp:bgp/neighbors/neighbor/local-role/role
modify	/frr-routing:routing/control-plane-protocols/control-plane-protocol/frr-bgp:bgp/neighbors/neighbor/local-role/strict-mode
modify	/frr-routing:routing/control-plane-protocols/control-plane-protocol/frr-bgp:bgp/neighbors/neighbor/local-as/local-as
destroy	/frr-routing:routing/control-plane-protocols/control-plane-protocol/frr-bgp:bgp/neighbors/neighbor/local-as/local-as
modify	/frr-routing:routing/control-plane-protocols/control-plane-protocol/frr-bgp:bgp/neighbors/neighbor/local-as/no-prepend
modify	/frr-routing:routing/control-plane-protocols/control-plane-protocol/frr-bgp:bgp/neighbors/neighbor/local-as/replace-as
modify	/frr-routing:routing/control-plane-protocols/control-plane-protocol/frr-bgp:bgp/neighbors/neighbor/local-as/dual-as
modify	/frr-routing:routing/control-plane-protocols/control-plane-protocol/frr-bgp:bgp/neighbors/neighbor/bfd-options/enable
modify	/frr-routing:routing/control-plane-protocols/control-plane-protocol/frr-bgp:bgp/neighbors/neighbor/bfd-options/detect-multiplier
destroy	/frr-routing:routing/control-plane-protocols/control-plane-protocol/frr-bgp:bgp/neighbors/neighbor/bfd-options/detect-multiplier
modify	/frr-routing:routing/control-plane-protocols/control-plane-protocol/frr-bgp:bgp/neighbors/neighbor/bfd-options/required-min-rx
destroy	/frr-routing:routing/control-plane-protocols/control-plane-protocol/frr-bgp:bgp/neighbors/neighbor/bfd-options/required-min-rx
modify	/frr-routing:routing/control-plane-protocols/control-plane-protocol/frr-bgp:bgp/neighbors/neighbor/bfd-options/desired-min-tx
destroy	/frr-routing:routing/control-plane-protocols/control-plane-protocol/frr-bgp:bgp/neighbors/neighbor/bfd-options/desired-min-tx
modify	/frr-routing:routing/control-plane-protocols/control-plane-protocol/frr-bgp:bgp/neighbors/neighbor/bfd-options/session-type
destroy	/frr-routing:routing/control-plane-protocols/control-plane-protocol/frr-bgp:bgp/neighbors/neighbor/bfd-options/session-type
modify	/frr-routing:routing/control-plane-protocols/control-plane-protocol/frr-bgp:bgp/neighbors/neighbor/bfd-options/check-cp-failure
destroy	/frr-routing:routing/control-plane-protocols/control-plane-protocol/frr-bgp:bgp/neighbors/neighbor/bfd-options/check-cp-failure
modify	/frr-routing:routing/control-plane-protocols/control-plane-protocol/frr-bgp:bgp/neighbors/neighbor/timers/hold-time
modify	/frr-routing:routing/control-plane-protocols/control-plane-protocol/frr-bgp:bgp/neighbors/neighbor/timers/keepalive
create	/frr-routing:routing/control-plane-protocols/control-plane-protocol/frr-bgp:bgp/neighbors/neighbor/afi-safis/afi-safi
destroy	/frr-routing:routing/control-plane-protocols/control-plane-protocol/frr-bgp:bgp/neighbors/neighbor/afi-safis/afi-safi
get_next	/frr-routing:routing/control-plane-protocols/control-plane-protocol/frr-bgp:bgp/neighbors/neighbor/afi-safis/afi-safi
get_keys	/frr-routing:routing/control-plane-protocols/control-plane-protocol/frr-bgp:bgp/neighbors/neighbor/afi-safis/afi-safi
lookup_entry	/frr-routing:routing/control-plane-protocols/control-plane-protocol/frr-bgp:bgp/neighbors/neighbor/afi-safis/afi-safi
modify	/frr-routing:routing/control-plane-protocols/control-plane-protocol/frr-bgp:bgp/neighbors/neighbor/afi-safis/afi-safi/weight
destroy	/frr-routing:routing/control-plane-protocols/control-plane-protocol/frr-bgp:bgp/neighbors/neighbor/afi-safis/afi-safi/weight
modify	/frr-routing:routing/control-plane-protocols/control-plane-protocol/frr-bgp:bgp/neighbors/neighbor/afi-safis/afi-safi/allowas-in
destroy	/frr-routing:routing/control-plane-protocols/control-plane-protocol/frr-bgp:bgp/neighbors/neighbor/afi-safis/afi-safi/allowas-in
modify	/frr-routing:routing/control-plane-protocols/control-plane-protocol/frr-bgp:bgp/neighbors/neighbor/afi-safis/afi-safi/addpath-tx-best-selected-paths
destroy	/frr-routing:routing/control-plane-protocols/control-plane-protocol/frr-bgp:bgp/neighbors/neighbor/afi-safis/afi-safi/addpath-tx-best-selected-paths
modify	/frr-routing:routing/control-plane-protocols/control-plane-protocol/frr-bgp:bgp/neighbors/neighbor/afi-safis/afi-safi/soo
destroy	/frr-routing:routing/control-plane-protocols/control-plane-protocol/frr-bgp:bgp/neighbors/neighbor/afi-safis/afi-safi/soo
modify	/frr-routing:routing/control-plane-protocols/control-plane-protocol/frr-bgp:bgp/neighbors/neighbor/afi-safis/afi-safi/ipv4-unicast/add-paths/path-type
modify	/frr-routing:routing/control-plane-protocols/control-plane-protocol/frr-bgp:bgp/neighbors/neighbor/afi-safis/afi-safi/ipv4-unicast/as-path-options/allow-own-as
destroy	/frr-routing:routing/control-plane-protocols/control-plane-protocol/frr-bgp:bgp/neighbors/neighbor/afi-safis/afi-safi/ipv4-unicast/as-path-options/allow-own-as
modify	/frr-routing:routing/control-plane-protocols/control-plane-protocol/frr-bgp:bgp/neighbors/neighbor/afi-safis/afi-safi/ipv4-unicast/as-path-options/allow-own-origin-as
destroy	/frr-routing:routing/control-plane-protocols/control-plane-protocol/frr-bgp:bgp/neighbors/neighbor/afi-safis/afi-safi/ipv4-unicast/as-path-options/allow-own-origin-as
modify	/frr-routing:routing/control-plane-protocols/control-plane-protocol/frr-bgp:bgp/neighbors/neighbor/afi-safis/afi-safi/ipv4-unicast/as-path-options/replace-peer-as
modify	/frr-routing:routing/control-plane-protocols/control-plane-protocol/frr-bgp:bgp/neighbors/neighbor/afi-safis/afi-safi/ipv4-unicast/default-originate/originate
modify	/frr-routing:routing/control-plane-protocols/control-plane-protocol/frr-bgp:bgp/neighbors/neighbor/afi-safis/afi-safi/ipv4-unicast/default-originate/route-map
destroy	/frr-routing:routing/control-plane-protocols/control-plane-protocol/frr-bgp:bgp/neighbors/neighbor/afi-safis/afi-safi/ipv4-unicast/default-originate/route-map
create	/frr-routing:routing/control-plane-protocols/control-plane-protocol/frr-bgp:bgp/neighbors/neighbor/afi-safis/afi-safi/ipv4-unicast/prefix-limit/direction-list
destroy	/frr-routing:routing/control-plane-protocols/control-plane-protocol/frr-bgp:bgp/neighbors/neighbor/afi-safis/afi-safi/ipv4-unicast/prefix-limit/direction-list
get_next	/frr-routing:routing/control-plane-protocols/control-plane-protocol/frr-bgp:bgp/neighbors/neighbor/afi-safis/afi-safi/ipv4-unicast/prefix-limit/direction-list
get_keys	/frr-routing:routing/control-plane-protocols/control-plane-protocol/frr-bgp:bgp/neighbors/neighbor/afi-safis/afi-safi/ipv4-unicast/prefix-limit/direction-list
lookup_entry	/frr-routing:routing/control-plane-protocols/control-plane-protocol/frr-bgp:bgp/neighbors/neighbor/afi-safis/afi-safi/ipv4-unicast/prefix-limit/direction-list
modify	/frr-routing:routing/control-plane-protocols/control-plane-protocol/frr-bgp:bgp/neighbors/neighbor/afi-safis/afi-safi/ipv4-unicast/prefix-limit/direction-list/max-prefixes
modify	/frr-routing:routing/control-plane-protocols/control-plane-protocol/frr-bgp:bgp/neighbors/neighbor/afi-safis/afi-safi/ipv4-unicast/prefix-limit/direction-list/force-check
modify	/frr-routing:routing/control-plane-protocols/control-plane-protocol/frr-bgp:bgp/neighbors/neighbor/afi-safis/afi-safi/ipv4-unicast/prefix-limit/direction-list/options/warning-only
destroy	/frr-routing:routing/control-plane-protocols/control-plane-protocol/frr-bgp:bgp/neighbors/neighbor/afi-safis/afi-safi/ipv4-unicast/prefix-limit/direction-list/options/warning-only
modify	/frr-routing:routing/control-plane-protocols/control-plane-protocol/frr-bgp:bgp/neighbors/neighbor/afi-safis/afi-safi/ipv4-unicast/prefix-limit/direction-list/options/restart-timer
destroy	/frr-routing:routing/control-plane-protocols/control-plane-protocol/frr-bgp:bgp/neighbors/neighbor/afi-safis/afi-safi/ipv4-unicast/prefix-limit/direction-list/options/restart-timer
modify	/frr-routing:routing/control-plane-protocols/control-plane-protocol/frr-bgp:bgp/neighbors/neighbor/afi-safis/afi-safi/ipv4-unicast/prefix-limit/direction-list/options/shutdown-threshold-pct
destroy	/frr-routing:routing/control-plane-protocols/control-plane-protocol/frr-bgp:bgp/neighbors/neighbor/afi-safis/afi-safi/ipv4-unicast/prefix-limit/direction-list/options/shutdown-threshold-pct
modify	/frr-routing:routing/control-plane-protocols/control-plane-protocol/frr-bgp:bgp/neighbors/neighbor/afi-safis/afi-safi/ipv4-unicast/prefix-limit/direction-list/options/tr-shutdown-threshold-pct
destroy	/frr-routing:routing/control-plane-protocols/control-plane-protocol/frr-bgp:bgp/neighbors/neighbor/afi-safis/afi-safi/ipv4-unicast/prefix-limit/direction-list/options/tr-shutdown-threshold-pct
modify	/frr-routing:routing/control-plane-protocols/control-plane-protocol/frr-bgp:bgp/neighbors/neighbor/afi-safis/afi-safi/ipv4-unicast/prefix-limit/direction-list/options/tr-restart-timer
destroy	/frr-routing:routing/control-plane-protocols/control-plane-protocol/frr-bgp:bgp/neighbors/neighbor/afi-safis/afi-safi/ipv4-unicast/prefix-limit/direction-list/options/tr-restart-timer
modify	/frr-routing:routing/control-plane-protocols/control-plane-protocol/frr-bgp:bgp/neighbors/neighbor/afi-safis/afi-safi/ipv4-unicast/prefix-limit/direction-list/options/tw-shutdown-threshold-pct
destroy	/frr-routing:routing/control-plane-protocols/control-plane-protocol/frr-bgp:bgp/neighbors/neighbor/afi-safis/afi-safi/ipv4-unicast/prefix-limit/direction-list/options/tw-shutdown-threshold-pct
modify	/frr-routing:routing/control-plane-protocols/control-plane-protocol/frr-bgp:bgp/neighbors/neighbor/afi-safis/afi-safi/ipv4-unicast/prefix-limit/direction-list/options/tw-warning-only
destroy	/frr-routing:routing/control-plane-protocols/control-plane-protocol/frr-bgp:bgp/neighbors/neighbor/afi-safis/afi-safi/ipv4-unicast/prefix-limit/direction-list/options/tw-warning-only
modify	/frr-routing:routing/control-plane-protocols/control-plane-protocol/frr-bgp:bgp/neighbors/neighbor/afi-safis/afi-safi/ipv4-unicast/nexthop-self/next-hop-self
modify	/frr-routing:routing/control-plane-protocols/control-plane-protocol/frr-bgp:bgp/neighbors/neighbor/afi-safis/afi-safi/ipv4-unicast/nexthop-self/next-hop-self-force
modify	/frr-routing:routing/control-plane-protocols/control-plane-protocol/frr-bgp:bgp/neighbors/neighbor/afi-safis/afi-safi/ipv4-unicast/private-as/remove-private-as-all
modify	/frr-routing:routing/control-plane-protocols/control-plane-protocol/frr-bgp:bgp/neighbors/neighbor/afi-safis/afi-safi/ipv4-unicast/private-as/remove-private-as-all-replace
modify	/frr-routing:routing/control-plane-protocols/control-plane-protocol/frr-bgp:bgp/neighbors/neighbor/afi-safis/afi-safi/ipv4-unicast/private-as/remove-private-as
modify	/frr-routing:routing/control-plane-protocols/control-plane-protocol/frr-bgp:bgp/neighbors/neighbor/afi-safis/afi-safi/ipv4-unicast/private-as/remove-private-as-replace
modify	/frr-routing:routing/control-plane-protocols/control-plane-protocol/frr-bgp:bgp/neighbors/neighbor/afi-safis/afi-safi/ipv4-unicast/weight/weight-attribute
destroy	/frr-routing:routing/control-plane-protocols/control-plane-protocol/frr-bgp:bgp/neighbors/neighbor/afi-safis/afi-safi/ipv4-unicast/weight/weight-attribute
modify	/frr-routing:routing/control-plane-protocols/control-plane-protocol/frr-bgp:bgp/neighbors/neighbor/afi-safis/afi-safi/ipv4-unicast/route-reflector/route-reflector-client
modify	/frr-routing:routing/control-plane-protocols/control-plane-protocol/frr-bgp:bgp/neighbors/neighbor/afi-safis/afi-safi/ipv4-unicast/route-server/route-server-client
modify	/frr-routing:routing/control-plane-protocols/control-plane-protocol/frr-bgp:bgp/neighbors/neighbor/afi-safis/afi-safi/ipv4-unicast/send-community/send-community
modify	/frr-routing:routing/control-plane-protocols/control-plane-protocol/frr-bgp:bgp/neighbors/neighbor/afi-safis/afi-safi/ipv4-unicast/send-community/send-ext-community
modify	/frr-routing:routing/control-plane-protocols/control-plane-protocol/frr-bgp:bgp/neighbors/neighbor/afi-safis/afi-safi/ipv4-unicast/send-community/send-large-community
modify	/frr-routing:routing/control-plane-protocols/control-plane-protocol/frr-bgp:bgp/neighbors/neighbor/afi-safis/afi-safi/ipv4-unicast/soft-reconfiguration
modify	/frr-routing:routing/control-plane-protocols/control-plane-protocol/frr-bgp:bgp/neighbors/neighbor/afi-safis/afi-safi/ipv4-unicast/attr-unchanged/as-path-unchanged
modify	/frr-routing:routing/control-plane-protocols/control-plane-protocol/frr-bgp:bgp/neighbors/neighbor/afi-safis/afi-safi/ipv4-unicast/attr-unchanged/next-hop-unchanged
modify	/frr-routing:routing/control-plane-protocols/control-plane-protocol/frr-bgp:bgp/neighbors/neighbor/afi-safis/afi-safi/ipv4-unicast/attr-unchanged/med-unchanged
modify	/frr-routing:routing/control-plane-protocols/control-plane-protocol/frr-bgp:bgp/neighbors/neighbor/afi-safis/afi-safi/ipv4-unicast/orf-capability/orf-send
destroy	/frr-routing:routing/control-plane-protocols/control-plane-protocol/frr-bgp:bgp/neighbors/neighbor/afi-safis/afi-safi/ipv4-unicast/orf-capability/orf-send
modify	/frr-routing:routing/control-plane-protocols/control-plane-protocol/frr-bgp:bgp/neighbors/neighbor/afi-safis/afi-safi/ipv4-unicast/orf-capability/orf-receive
destroy	/frr-routing:routing/control-plane-protocols/control-plane-protocol/frr-bgp:bgp/neighbors/neighbor/afi-safis/afi-safi/ipv4-unicast/orf-capability/orf-receive
modify	/frr-routing:routing/control-plane-protocols/control-plane-protocol/frr-bgp:bgp/neighbors/neighbor/afi-safis/afi-safi/ipv4-unicast/orf-capability/orf-both
destroy	/frr-routing:routing/control-plane-protocols/control-plane-protocol/frr-bgp:bgp/neighbors/neighbor/afi-safis/afi-safi/ipv4-unicast/orf-capability/orf-both
modify	/frr-routing:routing/control-plane-protocols/control-plane-protocol/frr-bgp:bgp/neighbors/neighbor/afi-safis/afi-safi/ipv4-unicast/filter-config/rmap-import
destroy	/frr-routing:routing/control-plane-protocols/control-plane-protocol/frr-bgp:bgp/neighbors/neighbor/afi-safis/afi-safi/ipv4-unicast/filter-config/rmap-import
modify	/frr-routing:routing/control-plane-protocols/control-plane-protocol/frr-bgp:bgp/neighbors/neighbor/afi-safis/afi-safi/ipv4-unicast/filter-config/rmap-export
destroy	/frr-routing:routing/control-plane-protocols/control-plane-protocol/frr-bgp:bgp/neighbors/neighbor/afi-safis/afi-safi/ipv4-unicast/filter-config/rmap-export
modify	/frr-routing:routing/control-plane-protocols/control-plane-protocol/frr-bgp:bgp/neighbors/neighbor/afi-safis/afi-safi/ipv4-unicast/filter-config/plist-import
destroy	/frr-routing:routing/control-plane-protocols/control-plane-protocol/frr-bgp:bgp/neighbors/neighbor/afi-safis/afi-safi/ipv4-unicast/filter-config/plist-import
modify	/frr-routing:routing/control-plane-protocols/control-plane-protocol/frr-bgp:bgp/neighbors/neighbor/afi-safis/afi-safi/ipv4-unicast/filter-config/plist-export
destroy	/frr-routing:routing/control-plane-protocols/control-plane-protocol/frr-bgp:bgp/neighbors/neighbor/afi-safis/afi-safi/ipv4-unicast/filter-config/plist-export
modify	/frr-routing:routing/control-plane-protocols/control-plane-protocol/frr-bgp:bgp/neighbors/neighbor/afi-safis/afi-safi/ipv4-unicast/filter-config/access-list-import
destroy	/frr-routing:routing/control-plane-protocols/control-plane-protocol/frr-bgp:bgp/neighbors/neighbor/afi-safis/afi-safi/ipv4-unicast/filter-config/access-list-import
modify	/frr-routing:routing/control-plane-protocols/control-plane-protocol/frr-bgp:bgp/neighbors/neighbor/afi-safis/afi-safi/ipv4-unicast/filter-config/access-list-export
destroy	/frr-routing:routing/control-plane-protocols/control-plane-protocol/frr-bgp:bgp/neighbors/neighbor/afi-safis/afi-safi/ipv4-unicast/filter-config/access-list-export
modify	/frr-routing:routing/control-plane-protocols/control-plane-protocol/frr-bgp:bgp/neighbors/neighbor/afi-safis/afi-safi/ipv4-unicast/filter-config/as-path-filter-list-import
destroy	/frr-routing:routing/control-plane-protocols/control-plane-protocol/frr-bgp:bgp/neighbors/neighbor/afi-safis/afi-safi/ipv4-unicast/filter-config/as-path-filter-list-import
modify	/frr-routing:routing/control-plane-protocols/control-plane-protocol/frr-bgp:bgp/neighbors/neighbor/afi-safis/afi-safi/ipv4-unicast/filter-config/as-path-filter-list-export
destroy	/frr-routing:routing/control-plane-protocols/control-plane-protocol/frr-bgp:bgp/neighbors/neighbor/afi-safis/afi-safi/ipv4-unicast/filter-config/as-path-filter-list-export
modify	/frr-routing:routing/control-plane-protocols/control-plane-protocol/frr-bgp:bgp/neighbors/neighbor/afi-safis/afi-safi/ipv4-unicast/filter-config/unsuppress-map-import
destroy	/frr-routing:routing/control-plane-protocols/control-plane-protocol/frr-bgp:bgp/neighbors/neighbor/afi-safis/afi-safi/ipv4-unicast/filter-config/unsuppress-map-import
modify	/frr-routing:routing/control-plane-protocols/control-plane-protocol/frr-bgp:bgp/neighbors/neighbor/afi-safis/afi-safi/ipv4-unicast/filter-config/unsuppress-map-export
destroy	/frr-routing:routing/control-plane-protocols/control-plane-protocol/frr-bgp:bgp/neighbors/neighbor/afi-safis/afi-safi/ipv4-unicast/filter-config/unsuppress-map-export
modify	/frr-routing:routing/control-plane-protocols/control-plane-protocol/frr-bgp:bgp/neighbors/neighbor/afi-safis/afi-safi/ipv6-unicast/nexthop-local-unchanged
modify	/frr-routing:routing/control-plane-protocols/control-plane-protocol/frr-bgp:bgp/neighbors/neighbor/afi-safis/afi-safi/ipv6-unicast/add-paths/path-type
modify	/frr-routing:routing/control-plane-protocols/control-plane-protocol/frr-bgp:bgp/neighbors/neighbor/afi-safis/afi-safi/ipv6-unicast/as-path-options/allow-own-as
destroy	/frr-routing:routing/control-plane-protocols/control-plane-protocol/frr-bgp:bgp/neighbors/neighbor/afi-safis/afi-safi/ipv6-unicast/as-path-options/allow-own-as
modify	/frr-routing:routing/control-plane-protocols/control-plane-protocol/frr-bgp:bgp/neighbors/neighbor/afi-safis/afi-safi/ipv6-unicast/as-path-options/allow-own-origin-as
destroy	/frr-routing:routing/control-plane-protocols/control-plane-protocol/frr-bgp:bgp/neighbors/neighbor/afi-safis/afi-safi/ipv6-unicast/as-path-options/allow-own-origin-as
modify	/frr-routing:routing/control-plane-protocols/control-plane-protocol/frr-bgp:bgp/neighbors/neighbor/afi-safis/afi-safi/ipv6-unicast/as-path-options/replace-peer-as
modify	/frr-routing:routing/control-plane-protocols/control-plane-protocol/frr-bgp:bgp/neighbors/neighbor/afi-safis/afi-safi/ipv6-unicast/default-originate/originate
modify	/frr-routing:routing/control-plane-protocols/control-plane-protocol/frr-bgp:bgp/neighbors/neighbor/afi-safis/afi-safi/ipv6-unicast/default-originate/route-map
destroy	/frr-routing:routing/control-plane-protocols/control-plane-protocol/frr-bgp:bgp/neighbors/neighbor/afi-safis/afi-safi/ipv6-unicast/default-originate/route-map
modify	/frr-routing:routing/control-plane-protocols/control-plane-protocol/frr-bgp:bgp/neighbors/neighbor/afi-safis/afi-safi/ipv6-unicast/attr-unchanged/as-path-unchanged
modify	/frr-routing:routing/control-plane-protocols/control-plane-protocol/frr-bgp:bgp/neighbors/neighbor/afi-safis/afi-safi/ipv6-unicast/attr-unchanged/next-hop-unchanged
modify	/frr-routing:routing/control-plane-protocols/control-plane-protocol/frr-bgp:bgp/neighbors/neighbor/afi-safis/afi-safi/ipv6-unicast/attr-unchanged/med-unchanged
modify	/frr-routing:routing/control-plane-protocols/control-plane-protocol/frr-bgp:bgp/neighbors/neighbor/afi-safis/afi-safi/ipv6-unicast/orf-capability/orf-send
destroy	/frr-routing:routing/control-plane-protocols/control-plane-protocol/frr-bgp:bgp/neighbors/neighbor/afi-safis/afi-safi/ipv6-unicast/orf-capability/orf-send
modify	/frr-routing:routing/control-plane-protocols/control-plane-protocol/frr-bgp:bgp/neighbors/neighbor/afi-safis/afi-safi/ipv6-unicast/orf-capability/orf-receive
destroy	/frr-routing:routing/control-plane-protocols/control-plane-protocol/frr-bgp:bgp/neighbors/neighbor/afi-safis/afi-safi/ipv6-unicast/orf-capability/orf-receive
modify	/frr-routing:routing/control-plane-protocols/control-plane-protocol/frr-bgp:bgp/neighbors/neighbor/afi-safis/afi-safi/ipv6-unicast/orf-capability/orf-both
destroy	/frr-routing:routing/control-plane-protocols/control-plane-protocol/frr-bgp:bgp/neighbors/neighbor/afi-safis/afi-safi/ipv6-unicast/orf-capability/orf-both
create	/frr-routing:routing/control-plane-protocols/control-plane-protocol/frr-bgp:bgp/neighbors/neighbor/afi-safis/afi-safi/ipv6-unicast/prefix-limit/direction-list
destroy	/frr-routing:routing/control-plane-protocols/control-plane-protocol/frr-bgp:bgp/neighbors/neighbor/afi-safis/afi-safi/ipv6-unicast/prefix-limit/direction-list
get_next	/frr-routing:routing/control-plane-protocols/control-plane-protocol/frr-bgp:bgp/neighbors/neighbor/afi-safis/afi-safi/ipv6-unicast/prefix-limit/direction-list
get_keys	/frr-routing:routing/control-plane-protocols/control-plane-protocol/frr-bgp:bgp/neighbors/neighbor/afi-safis/afi-safi/ipv6-unicast/prefix-limit/direction-list
lookup_entry	/frr-routing:routing/control-plane-protocols/control-plane-protocol/frr-bgp:bgp/neighbors/neighbor/afi-safis/afi-safi/ipv6-unicast/prefix-limit/direction-list
modify	/frr-routing:routing/control-plane-protocols/control-plane-protocol/frr-bgp:bgp/neighbors/neighbor/afi-safis/afi-safi/ipv6-unicast/prefix-limit/direction-list/max-prefixes
modify	/frr-routing:routing/control-plane-protocols/control-plane-protocol/frr-bgp:bgp/neighbors/neighbor/afi-safis/afi-safi/ipv6-unicast/prefix-limit/direction-list/force-check
modify	/frr-routing:routing/control-plane-protocols/control-plane-protocol/frr-bgp:bgp/neighbors/neighbor/afi-safis/afi-safi/ipv6-unicast/prefix-limit/direction-list/options/warning-only
destroy	/frr-routing:routing/control-plane-protocols/control-plane-protocol/frr-bgp:bgp/neighbors/neighbor/afi-safis/afi-safi/ipv6-unicast/prefix-limit/direction-list/options/warning-only
modify	/frr-routing:routing/control-plane-protocols/control-plane-protocol/frr-bgp:bgp/neighbors/neighbor/afi-safis/afi-safi/ipv6-unicast/prefix-limit/direction-list/options/restart-timer
destroy	/frr-routing:routing/control-plane-protocols/control-plane-protocol/frr-bgp:bgp/neighbors/neighbor/afi-safis/afi-safi/ipv6-unicast/prefix-limit/direction-list/options/restart-timer
modify	/frr-routing:routing/control-plane-protocols/control-plane-protocol/frr-bgp:bgp/neighbors/neighbor/afi-safis/afi-safi/ipv6-unicast/prefix-limit/direction-list/options/shutdown-threshold-pct
destroy	/frr-routing:routing/control-plane-protocols/control-plane-protocol/frr-bgp:bgp/neighbors/neighbor/afi-safis/afi-safi/ipv6-unicast/prefix-limit/direction-list/options/shutdown-threshold-pct
modify	/frr-routing:routing/control-plane-protocols/control-plane-protocol/frr-bgp:bgp/neighbors/neighbor/afi-safis/afi-safi/ipv6-unicast/prefix-limit/direction-list/options/tr-shutdown-threshold-pct
destroy	/frr-routing:routing/control-plane-protocols/control-plane-protocol/frr-bgp:bgp/neighbors/neighbor/afi-safis/afi-safi/ipv6-unicast/prefix-limit/direction-list/options/tr-shutdown-threshold-pct
modify	/frr-routing:routing/control-plane-protocols/control-plane-protocol/frr-bgp:bgp/neighbors/neighbor/afi-safis/afi-safi/ipv6-unicast/prefix-limit/direction-list/options/tr-restart-timer
destroy	/frr-routing:routing/control-plane-protocols/control-plane-protocol/frr-bgp:bgp/neighbors/neighbor/afi-safis/afi-safi/ipv6-unicast/prefix-limit/direction-list/options/tr-restart-timer
modify	/frr-routing:routing/control-plane-protocols/control-plane-protocol/frr-bgp:bgp/neighbors/neighbor/afi-safis/afi-safi/ipv6-unicast/prefix-limit/direction-list/options/tw-shutdown-threshold-pct
destroy	/frr-routing:routing/control-plane-protocols/control-plane-protocol/frr-bgp:bgp/neighbors/neighbor/afi-safis/afi-safi/ipv6-unicast/prefix-limit/direction-list/options/tw-shutdown-threshold-pct
modify	/frr-routing:routing/control-plane-protocols/control-plane-protocol/frr-bgp:bgp/neighbors/neighbor/afi-safis/afi-safi/ipv6-unicast/prefix-limit/direction-list/options/tw-warning-only
destroy	/frr-routing:routing/control-plane-protocols/control-plane-protocol/frr-bgp:bgp/neighbors/neighbor/afi-safis/afi-safi/ipv6-unicast/prefix-limit/direction-list/options/tw-warning-only
modify	/frr-routing:routing/control-plane-protocols/control-plane-protocol/frr-bgp:bgp/neighbors/neighbor/afi-safis/afi-safi/ipv6-unicast/nexthop-self/next-hop-self
modify	/frr-routing:routing/control-plane-protocols/control-plane-protocol/frr-bgp:bgp/neighbors/neighbor/afi-safis/afi-safi/ipv6-unicast/nexthop-self/next-hop-self-force
modify	/frr-routing:routing/control-plane-protocols/control-plane-protocol/frr-bgp:bgp/neighbors/neighbor/afi-safis/afi-safi/ipv6-unicast/private-as/remove-private-as-all
modify	/frr-routing:routing/control-plane-protocols/control-plane-protocol/frr-bgp:bgp/neighbors/neighbor/afi-safis/afi-safi/ipv6-unicast/private-as/remove-private-as-all-replace
modify	/frr-routing:routing/control-plane-protocols/control-plane-protocol/frr-bgp:bgp/neighbors/neighbor/afi-safis/afi-safi/ipv6-unicast/private-as/remove-private-as
modify	/frr-routing:routing/control-plane-protocols/control-plane-protocol/frr-bgp:bgp/neighbors/neighbor/afi-safis/afi-safi/ipv6-unicast/private-as/remove-private-as-replace
modify	/frr-routing:routing/control-plane-protocols/control-plane-protocol/frr-bgp:bgp/neighbors/neighbor/afi-safis/afi-safi/ipv6-unicast/route-reflector/route-reflector-client
modify	/frr-routing:routing/control-plane-protocols/control-plane-protocol/frr-bgp:bgp/neighbors/neighbor/afi-safis/afi-safi/ipv6-unicast/route-server/route-server-client
modify	/frr-routing:routing/control-plane-protocols/control-plane-protocol/frr-bgp:bgp/neighbors/neighbor/afi-safis/afi-safi/ipv6-unicast/send-community/send-community
modify	/frr-routing:routing/control-plane-protocols/control-plane-protocol/frr-bgp:bgp/neighbors/neighbor/afi-safis/afi-safi/ipv6-unicast/send-community/send-ext-community
modify	/frr-routing:routing/control-plane-protocols/control-plane-protocol/frr-bgp:bgp/neighbors/neighbor/afi-safis/afi-safi/ipv6-unicast/send-community/send-large-community
modify	/frr-routing:routing/control-plane-protocols/control-plane-protocol/frr-bgp:bgp/neighbors/neighbor/afi-safis/afi-safi/ipv6-unicast/soft-reconfiguration
modify	/frr-routing:routing/control-plane-protocols/control-plane-protocol/frr-bgp:bgp/neighbors/neighbor/afi-safis/afi-safi/ipv6-unicast/weight/weight-attribute
destroy	/frr-routing:routing/control-plane-protocols/control-plane-protocol/frr-bgp:bgp/neighbors/neighbor/afi-safis/afi-safi/ipv6-unicast/weight/weight-attribute
modify	/frr-routing:routing/control-plane-protocols/control-plane-protocol/frr-bgp:bgp/neighbors/neighbor/afi-safis/afi-safi/ipv6-unicast/filter-config/rmap-import
destroy	/frr-routing:routing/control-plane-protocols/control-plane-protocol/frr-bgp:bgp/neighbors/neighbor/afi-safis/afi-safi/ipv6-unicast/filter-config/rmap-import
modify	/frr-routing:routing/control-plane-protocols/control-plane-protocol/frr-bgp:bgp/neighbors/neighbor/afi-safis/afi-safi/ipv6-unicast/filter-config/rmap-export
destroy	/frr-routing:routing/control-plane-protocols/control-plane-protocol/frr-bgp:bgp/neighbors/neighbor/afi-safis/afi-safi/ipv6-unicast/filter-config/rmap-export
modify	/frr-routing:routing/control-plane-protocols/control-plane-protocol/frr-bgp:bgp/neighbors/neighbor/afi-safis/afi-safi/ipv6-unicast/filter-config/plist-import
destroy	/frr-routing:routing/control-plane-protocols/control-plane-protocol/frr-bgp:bgp/neighbors/neighbor/afi-safis/afi-safi/ipv6-unicast/filter-config/plist-import
modify	/frr-routing:routing/control-plane-protocols/control-plane-protocol/frr-bgp:bgp/neighbors/neighbor/afi-safis/afi-safi/ipv6-unicast/filter-config/plist-export
destroy	/frr-routing:routing/control-plane-protocols/control-plane-protocol/frr-bgp:bgp/neighbors/neighbor/afi-safis/afi-safi/ipv6-unicast/filter-config/plist-export
modify	/frr-routing:routing/control-plane-protocols/control-plane-protocol/frr-bgp:bgp/neighbors/neighbor/afi-safis/afi-safi/ipv6-unicast/filter-config/access-list-import
destroy	/frr-routing:routing/control-plane-protocols/control-plane-protocol/frr-bgp:bgp/neighbors/neighbor/afi-safis/afi-safi/ipv6-unicast/filter-config/access-list-import
modify	/frr-routing:routing/control-plane-protocols/control-plane-protocol/frr-bgp:bgp/neighbors/neighbor/afi-safis/afi-safi/ipv6-unicast/filter-config/access-list-export
destroy	/frr-routing:routing/control-plane-protocols/control-plane-protocol/frr-bgp:bgp/neighbors/neighbor/afi-safis/afi-safi/ipv6-unicast/filter-config/access-list-export
modify	/frr-routing:routing/control-plane-protocols/control-plane-protocol/frr-bgp:bgp/neighbors/neighbor/afi-safis/afi-safi/ipv6-unicast/filter-config/as-path-filter-list-import
destroy	/frr-routing:routing/control-plane-protocols/control-plane-protocol/frr-bgp:bgp/neighbors/neighbor/afi-safis/afi-safi/ipv6-unicast/filter-config/as-path-filter-list-import
modify	/frr-routing:routing/control-plane-protocols/control-plane-protocol/frr-bgp:bgp/neighbors/neighbor/afi-safis/afi-safi/ipv6-unicast/filter-config/as-path-filter-list-export
destroy	/frr-routing:routing/control-plane-protocols/control-plane-protocol/frr-bgp:bgp/neighbors/neighbor/afi-safis/afi-safi/ipv6-unicast/filter-config/as-path-filter-list-export
modify	/frr-routing:routing/control-plane-protocols/control-plane-protocol/frr-bgp:bgp/neighbors/neighbor/afi-safis/afi-safi/ipv6-unicast/filter-config/unsuppress-map-import
destroy	/frr-routing:routing/control-plane-protocols/control-plane-protocol/frr-bgp:bgp/neighbors/neighbor/afi-safis/afi-safi/ipv6-unicast/filter-config/unsuppress-map-import
modify	/frr-routing:routing/control-plane-protocols/control-plane-protocol/frr-bgp:bgp/neighbors/neighbor/afi-safis/afi-safi/ipv6-unicast/filter-config/unsuppress-map-export
destroy	/frr-routing:routing/control-plane-protocols/control-plane-protocol/frr-bgp:bgp/neighbors/neighbor/afi-safis/afi-safi/ipv6-unicast/filter-config/unsuppress-map-export
modify	/frr-routing:routing/control-plane-protocols/control-plane-protocol/frr-bgp:bgp/neighbors/neighbor/afi-safis/afi-safi/ipv4-labeled-unicast/add-paths/path-type
modify	/frr-routing:routing/control-plane-protocols/control-plane-protocol/frr-bgp:bgp/neighbors/neighbor/afi-safis/afi-safi/ipv4-labeled-unicast/as-path-options/allow-own-as
destroy	/frr-routing:routing/control-plane-protocols/control-plane-protocol/frr-bgp:bgp/neighbors/neighbor/afi-safis/afi-safi/ipv4-labeled-unicast/as-path-options/allow-own-as
modify	/frr-routing:routing/control-plane-protocols/control-plane-protocol/frr-bgp:bgp/neighbors/neighbor/afi-safis/afi-safi/ipv4-labeled-unicast/as-path-options/allow-own-origin-as
destroy	/frr-routing:routing/control-plane-protocols/control-plane-protocol/frr-bgp:bgp/neighbors/neighbor/afi-safis/afi-safi/ipv4-labeled-unicast/as-path-options/allow-own-origin-as
modify	/frr-routing:routing/control-plane-protocols/control-plane-protocol/frr-bgp:bgp/neighbors/neighbor/afi-safis/afi-safi/ipv4-labeled-unicast/as-path-options/replace-peer-as
modify	/frr-routing:routing/control-plane-protocols/control-plane-protocol/frr-bgp:bgp/neighbors/neighbor/afi-safis/afi-safi/ipv4-labeled-unicast/default-originate/originate
modify	/frr-routing:routing/control-plane-protocols/control-plane-protocol/frr-bgp:bgp/neighbors/neighbor/afi-safis/afi-safi/ipv4-labeled-unicast/default-originate/route-map
destroy	/frr-routing:routing/control-plane-protocols/control-plane-protocol/frr-bgp:bgp/neighbors/neighbor/afi-safis/afi-safi/ipv4-labeled-unicast/default-originate/route-map
modify	/frr-routing:routing/control-plane-protocols/control-plane-protocol/frr-bgp:bgp/neighbors/neighbor/afi-safis/afi-safi/ipv4-labeled-unicast/attr-unchanged/as-path-unchanged
modify	/frr-routing:routing/control-plane-protocols/control-plane-protocol/frr-bgp:bgp/neighbors/neighbor/afi-safis/afi-safi/ipv4-labeled-unicast/attr-unchanged/next-hop-unchanged
modify	/frr-routing:routing/control-plane-protocols/control-plane-protocol/frr-bgp:bgp/neighbors/neighbor/afi-safis/afi-safi/ipv4-labeled-unicast/attr-unchanged/med-unchanged
modify	/frr-routing:routing/control-plane-protocols/control-plane-protocol/frr-bgp:bgp/neighbors/neighbor/afi-safis/afi-safi/ipv4-labeled-unicast/orf-capability/orf-send
destroy	/frr-routing:routing/control-plane-protocols/control-plane-protocol/frr-bgp:bgp/neighbors/neighbor/afi-safis/afi-safi/ipv4-labeled-unicast/orf-capability/orf-send
modify	/frr-routing:routing/control-plane-protocols/control-plane-protocol/frr-bgp:bgp/neighbors/neighbor/afi-safis/afi-safi/ipv4-labeled-unicast/orf-capability/orf-receive
destroy	/frr-routing:routing/control-plane-protocols/control-plane-protocol/frr-bgp:bgp/neighbors/neighbor/afi-safis/afi-safi/ipv4-labeled-unicast/orf-capability/orf-receive
modify	/frr-routing:routing/control-plane-protocols/control-plane-protocol/frr-bgp:bgp/neighbors/neighbor/afi-safis/afi-safi/ipv4-labeled-unicast/orf-capability/orf-both
destroy	/frr-routing:routing/control-plane-protocols/control-plane-protocol/frr-bgp:bgp/neighbors/neighbor/afi-safis/afi-safi/ipv4-labeled-unicast/orf-capability/orf-both
create	/frr-routing:routing/control-plane-protocols/control-plane-protocol/frr-bgp:bgp/neighbors/neighbor/afi-safis/afi-safi/ipv4-labeled-unicast/prefix-limit/direction-list
destroy	/frr-routing:routing/control-plane-protocols/control-plane-protocol/frr-bgp:bgp/neighbors/neighbor/afi-safis/afi-safi/ipv4-labeled-unicast/prefix-limit/direction-list
get_next	/frr-routing:routing/control-plane-protocols/control-plane-protocol/frr-bgp:bgp/neighbors/neighbor/afi-safis/afi-safi/ipv4-labeled-unicast/prefix-limit/direction-list
get_keys	/frr-routing:routing/control-plane-protocols/control-plane-protocol/frr-bgp:bgp/neighbors/neighbor/afi-safis/afi-safi/ipv4-labeled-unicast/prefix-limit/direction-list
lookup_entry	/frr-routing:routing/control-plane-protocols/control-plane-protocol/frr-bgp:bgp/neighbors/neighbor/afi-safis/afi-safi/ipv4-labeled-unicast/prefix-limit/direction-list
modify	/frr-routing:routing/control-plane-protocols/control-plane-protocol/frr-bgp:bgp/neighbors/neighbor/afi-safis/afi-safi/ipv4-labeled-unicast/prefix-limit/direction-list/max-prefixes
modify	/frr-routing:routing/control-plane-protocols/control-plane-protocol/frr-bgp:bgp/neighbors/neighbor/afi-safis/afi-safi/ipv4-labeled-unicast/prefix-limit/direction-list/force-check
modify	/frr-routing:routing/control-plane-protocols/control-plane-protocol/frr-bgp:bgp/neighbors/neighbor/afi-safis/afi-safi/ipv4-labeled-unicast/prefix-limit/direction-list/options/warning-only
destroy	/frr-routing:routing/control-plane-protocols/control-plane-protocol/frr-bgp:bgp/neighbors/neighbor/afi-safis/afi-safi/ipv4-labeled-unicast/prefix-limit/direction-list/options/warning-only
modify	/frr-routing:routing/control-plane-protocols/control-plane-protocol/frr-bgp:bgp/neighbors/neighbor/afi-safis/afi-safi/ipv4-labeled-unicast/prefix-limit/direction-list/options/restart-timer
destroy	/frr-routing:routing/control-plane-protocols/control-plane-protocol/frr-bgp:bgp/neighbors/neighbor/afi-safis/afi-safi/ipv4-labeled-unicast/prefix-limit/direction-list/options/restart-timer
modify	/frr-routing:routing/control-plane-protocols/control-plane-protocol/frr-bgp:bgp/neighbors/neighbor/afi-safis/afi-safi/ipv4-labeled-unicast/prefix-limit/direction-list/options/shutdown-threshold-pct
destroy	/frr-routing:routing/control-plane-protocols/control-plane-protocol/frr-bgp:bgp/neighbors/neighbor/afi-safis/afi-safi/ipv4-labeled-unicast/prefix-limit/direction-list/options/shutdown-threshold-pct
modify	/frr-routing:routing/control-plane-protocols/control-plane-protocol/frr-bgp:bgp/neighbors/neighbor/afi-safis/afi-safi/ipv4-labeled-unicast/prefix-limit/direction-list/options/tr-shutdown-threshold-pct
destroy	/frr-routing:routing/control-plane-protocols/control-plane-protocol/frr-bgp:bgp/neighbors/neighbor/afi-safis/afi-safi/ipv4-labeled-unicast/prefix-limit/direction-list/options/tr-shutdown-threshold-pct
modify	/frr-routing:routing/control-plane-protocols/control-plane-protocol/frr-bgp:bgp/neighbors/neighbor/afi-safis/afi-safi/ipv4-labeled-unicast/prefix-limit/direction-list/options/tr-restart-timer
destroy	/frr-routing:routing/control-plane-protocols/control-plane-protocol/frr-bgp:bgp/neighbors/neighbor/afi-safis/afi-safi/ipv4-labeled-unicast/prefix-limit/direction-list/options/tr-restart-timer
modify	/frr-routing:routing/control-plane-protocols/control-plane-protocol/frr-bgp:bgp/neighbors/neighbor/afi-safis/afi-safi/ipv4-labeled-unicast/prefix-limit/direction-list/options/tw-shutdown-threshold-pct
destroy	/frr-routing:routing/control-plane-protocols/control-plane-protocol/frr-bgp:bgp/neighbors/neighbor/afi-safis/afi-safi/ipv4-labeled-unicast/prefix-limit/direction-list/options/tw-shutdown-threshold-pct
modify	/frr-routing:routing/control-plane-protocols/control-plane-protocol/frr-bgp:bgp/neighbors/neighbor/afi-safis/afi-safi/ipv4-labeled-unicast/prefix-limit/direction-list/options/tw-warning-only
destroy	/frr-routing:routing/control-plane-protocols/control-plane-protocol/frr-bgp:bgp/neighbors/neighbor/afi-safis/afi-safi/ipv4-labeled-unicast/prefix-limit/direction-list/options/tw-warning-only
modify	/frr-routing:routing/control-plane-protocols/control-plane-protocol/frr-bgp:bgp/neighbors/neighbor/afi-safis/afi-safi/ipv4-labeled-unicast/nexthop-self/next-hop-self
modify	/frr-routing:routing/control-plane-protocols/control-plane-protocol/frr-bgp:bgp/neighbors/neighbor/afi-safis/afi-safi/ipv4-labeled-unicast/nexthop-self/next-hop-self-force
modify	/frr-routing:routing/control-plane-protocols/control-plane-protocol/frr-bgp:bgp/neighbors/neighbor/afi-safis/afi-safi/ipv4-labeled-unicast/private-as/remove-private-as-all
modify	/frr-routing:routing/control-plane-protocols/control-plane-protocol/frr-bgp:bgp/neighbors/neighbor/afi-safis/afi-safi/ipv4-labeled-unicast/private-as/remove-private-as-all-replace
modify	/frr-routing:routing/control-plane-protocols/control-plane-protocol/frr-bgp:bgp/neighbors/neighbor/afi-safis/afi-safi/ipv4-labeled-unicast/private-as/remove-private-as
modify	/frr-routing:routing/control-plane-protocols/control-plane-protocol/frr-bgp:bgp/neighbors/neighbor/afi-safis/afi-safi/ipv4-labeled-unicast/private-as/remove-private-as-replace
modify	/frr-routing:routing/control-plane-protocols/control-plane-protocol/frr-bgp:bgp/neighbors/neighbor/afi-safis/afi-safi/ipv4-labeled-unicast/route-reflector/route-reflector-client
modify	/frr-routing:routing/control-plane-protocols/control-plane-protocol/frr-bgp:bgp/neighbors/neighbor/afi-safis/afi-safi/ipv4-labeled-unicast/route-server/route-server-client
modify	/frr-routing:routing/control-plane-protocols/control-plane-protocol/frr-bgp:bgp/neighbors/neighbor/afi-safis/afi-safi/ipv4-labeled-unicast/send-community/send-community
modify	/frr-routing:routing/control-plane-protocols/control-plane-protocol/frr-bgp:bgp/neighbors/neighbor/afi-safis/afi-safi/ipv4-labeled-unicast/send-community/send-ext-community
modify	/frr-routing:routing/control-plane-protocols/control-plane-protocol/frr-bgp:bgp/neighbors/neighbor/afi-safis/afi-safi/ipv4-labeled-unicast/send-community/send-large-community
modify	/frr-routing:routing/control-plane-protocols/control-plane-protocol/frr-bgp:bgp/neighbors/neighbor/afi-safis/afi-safi/ipv4-labeled-unicast/soft-reconfiguration
modify	/frr-routing:routing/control-plane-protocols/control-plane-protocol/frr-bgp:bgp/neighbors/neighbor/afi-safis/afi-safi/ipv4-labeled-unicast/weight/weight-attribute
destroy	/frr-routing:routing/control-plane-protocols/control-plane-protocol/frr-bgp:bgp/neighbors/neighbor/afi-safis/afi-safi/ipv4-labeled-unicast/weight/weight-attribute
modify	/frr-routing:routing/control-plane-protocols/control-plane-protocol/frr-bgp:bgp/neighbors/neighbor/afi-safis/afi-safi/ipv4-labeled-unicast/filter-config/rmap-import
destroy	/frr-routing:routing/control-plane-protocols/control-plane-protocol/frr-bgp:bgp/neighbors/neighbor/afi-safis/afi-safi/ipv4-labeled-unicast/filter-config/rmap-import
modify	/frr-routing:routing/control-plane-protocols/control-plane-protocol/frr-bgp:bgp/neighbors/neighbor/afi-safis/afi-safi/ipv4-labeled-unicast/filter-config/rmap-export
destroy	/frr-routing:routing/control-plane-protocols/control-plane-protocol/frr-bgp:bgp/neighbors/neighbor/afi-safis/afi-safi/ipv4-labeled-unicast/filter-config/rmap-export
modify	/frr-routing:routing/control-plane-protocols/control-plane-protocol/frr-bgp:bgp/neighbors/neighbor/afi-safis/afi-safi/ipv4-labeled-unicast/filter-config/plist-import
destroy	/frr-routing:routing/control-plane-protocols/control-plane-protocol/frr-bgp:bgp/neighbors/neighbor/afi-safis/afi-safi/ipv4-labeled-unicast/filter-config/plist-import
modify	/frr-routing:routing/control-plane-protocols/control-plane-protocol/frr-bgp:bgp/neighbors/neighbor/afi-safis/afi-safi/ipv4-labeled-unicast/filter-config/plist-export
destroy	/frr-routing:routing/control-plane-protocols/control-plane-protocol/frr-bgp:bgp/neighbors/neighbor/afi-safis/afi-safi/ipv4-labeled-unicast/filter-config/plist-export
modify	/frr-routing:routing/control-plane-protocols/control-plane-protocol/frr-bgp:bgp/neighbors/neighbor/afi-safis/afi-safi/ipv4-labeled-unicast/filter-config/access-list-import
destroy	/frr-routing:routing/control-plane-protocols/control-plane-protocol/frr-bgp:bgp/neighbors/neighbor/afi-safis/afi-safi/ipv4-labeled-unicast/filter-config/access-list-import
modify	/frr-routing:routing/control-plane-protocols/control-plane-protocol/frr-bgp:bgp/neighbors/neighbor/afi-safis/afi-safi/ipv4-labeled-unicast/filter-config/access-list-export
destroy	/frr-routing:routing/control-plane-protocols/control-plane-protocol/frr-bgp:bgp/neighbors/neighbor/afi-safis/afi-safi/ipv4-labeled-unicast/filter-config/access-list-export
modify	/frr-routing:routing/control-plane-protocols/control-plane-protocol/frr-bgp:bgp/neighbors/neighbor/afi-safis/afi-safi/ipv4-labeled-unicast/filter-config/as-path-filter-list-import
destroy	/frr-routing:routing/control-plane-protocols/control-plane-protocol/frr-bgp:bgp/neighbors/neighbor/afi-safis/afi-safi/ipv4-labeled-unicast/filter-config/as-path-filter-list-import
modify	/frr-routing:routing/control-plane-protocols/control-plane-protocol/frr-bgp:bgp/neighbors/neighbor/afi-safis/afi-safi/ipv4-labeled-unicast/filter-config/as-path-filter-list-export
destroy	/frr-routing:routing/control-plane-protocols/control-plane-protocol/frr-bgp:bgp/neighbors/neighbor/afi-safis/afi-safi/ipv4-labeled-unicast/filter-config/as-path-filter-list-export
modify	/frr-routing:routing/control-plane-protocols/control-plane-protocol/frr-bgp:bgp/neighbors/neighbor/afi-safis/afi-safi/ipv4-labeled-unicast/filter-config/unsuppress-map-import
destroy	/frr-routing:routing/control-plane-protocols/control-plane-protocol/frr-bgp:bgp/neighbors/neighbor/afi-safis/afi-safi/ipv4-labeled-unicast/filter-config/unsuppress-map-import
modify	/frr-routing:routing/control-plane-protocols/control-plane-protocol/frr-bgp:bgp/neighbors/neighbor/afi-safis/afi-safi/ipv4-labeled-unicast/filter-config/unsuppress-map-export
destroy	/frr-routing:routing/control-plane-protocols/control-plane-protocol/frr-bgp:bgp/neighbors/neighbor/afi-safis/afi-safi/ipv4-labeled-unicast/filter-config/unsuppress-map-export
modify	/frr-routing:routing/control-plane-protocols/control-plane-protocol/frr-bgp:bgp/neighbors/neighbor/afi-safis/afi-safi/ipv6-labeled-unicast/add-paths/path-type
modify	/frr-routing:routing/control-plane-protocols/control-plane-protocol/frr-bgp:bgp/neighbors/neighbor/afi-safis/afi-safi/ipv6-labeled-unicast/as-path-options/allow-own-as
destroy	/frr-routing:routing/control-plane-protocols/control-plane-protocol/frr-bgp:bgp/neighbors/neighbor/afi-safis/afi-safi/ipv6-labeled-unicast/as-path-options/allow-own-as
modify	/frr-routing:routing/control-plane-protocols/control-plane-protocol/frr-bgp:bgp/neighbors/neighbor/afi-safis/afi-safi/ipv6-labeled-unicast/as-path-options/allow-own-origin-as
destroy	/frr-routing:routing/control-plane-protocols/control-plane-protocol/frr-bgp:bgp/neighbors/neighbor/afi-safis/afi-safi/ipv6-labeled-unicast/as-path-options/allow-own-origin-as
modify	/frr-routing:routing/control-plane-protocols/control-plane-protocol/frr-bgp:bgp/neighbors/neighbor/afi-safis/afi-safi/ipv6-labeled-unicast/as-path-options/replace-peer-as
modify	/frr-routing:routing/control-plane-protocols/control-plane-protocol/frr-bgp:bgp/neighbors/neighbor/afi-safis/afi-safi/ipv6-labeled-unicast/default-originate/originate
modify	/frr-routing:routing/control-plane-protocols/control-plane-protocol/frr-bgp:bgp/neighbors/neighbor/afi-safis/afi-safi/ipv6-labeled-unicast/default-originate/route-map
destroy	/frr-routing:routing/control-plane-protocols/control-plane-protocol/frr-bgp:bgp/neighbors/neighbor/afi-safis/afi-safi/ipv6-labeled-unicast/default-originate/route-map
modify	/frr-routing:routing/control-plane-protocols/control-plane-protocol/frr-bgp:bgp/neighbors/neighbor/afi-safis/afi-safi/ipv6-labeled-unicast/attr-unchanged/as-path-unchanged
modify	/frr-routing:routing/control-plane-protocols/control-plane-protocol/frr-bgp:bgp/neighbors/neighbor/afi-safis/afi-safi/ipv6-labeled-unicast/attr-unchanged/next-hop-unchanged
modify	/frr-routing:routing/control-plane-protocols/control-plane-protocol/frr-bgp:bgp/neighbors/neighbor/afi-safis/afi-safi/ipv6-labeled-unicast/attr-unchanged/med-unchanged
modify	/frr-routing:routing/control-plane-protocols/control-plane-protocol/frr-bgp:bgp/neighbors/neighbor/afi-safis/afi-safi/ipv6-labeled-unicast/orf-capability/orf-send
destroy	/frr-routing:routing/control-plane-protocols/control-plane-protocol/frr-bgp:bgp/neighbors/neighbor/afi-safis/afi-safi/ipv6-labeled-unicast/orf-capability/orf-send
modify	/frr-routing:routing/control-plane-protocols/control-plane-protocol/frr-bgp:bgp/neighbors/neighbor/afi-safis/afi-safi/ipv6-labeled-unicast/orf-capability/orf-receive
destroy	/frr-routing:routing/control-plane-protocols/control-plane-protocol/frr-bgp:bgp/neighbors/neighbor/afi-safis/afi-safi/ipv6-labeled-unicast/orf-capability/orf-receive
modify	/frr-routing:routing/control-plane-protocols/control-plane-protocol/frr-bgp:bgp/neighbors/neighbor/afi-safis/afi-safi/ipv6-labeled-unicast/orf-capability/orf-both
destroy	/frr-routing:routing/control-plane-protocols/control-plane-protocol/frr-bgp:bgp/neighbors/neighbor/afi-safis/afi-safi/ipv6-labeled-unicast/orf-capability/orf-both
create	/frr-routing:routing/control-plane-protocols/control-plane-protocol/frr-bgp:bgp/neighbors/neighbor/afi-safis/afi-safi/ipv6-labeled-unicast/prefix-limit/direction-list
destroy	/frr-routing:routing/control-plane-protocols/control-plane-protocol/frr-bgp:bgp/neighbors/neighbor/afi-safis/afi-safi/ipv6-labeled-unicast/prefix-limit/direction-list
get_next	/frr-routing:routing/control-plane-protocols/control-plane-protocol/frr-bgp:bgp/neighbors/neighbor/afi-safis/afi-safi/ipv6-labeled-unicast/prefix-limit/direction-list
get_keys	/frr-routing:routing/control-plane-protocols/control-plane-protocol/frr-bgp:bgp/neighbors/neighbor/afi-safis/afi-safi/ipv6-labeled-unicast/prefix-limit/direction-list
lookup_entry	/frr-routing:routing/control-plane-protocols/control-plane-protocol/frr-bgp:bgp/neighbors/neighbor/afi-safis/afi-safi/ipv6-labeled-unicast/prefix-limit/direction-list
modify	/frr-routing:routing/control-plane-protocols/control-plane-protocol/frr-bgp:bgp/neighbors/neighbor/afi-safis/afi-safi/ipv6-labeled-unicast/prefix-limit/direction-list/max-prefixes
modify	/frr-routing:routing/control-plane-protocols/control-plane-protocol/frr-bgp:bgp/neighbors/neighbor/afi-safis/afi-safi/ipv6-labeled-unicast/prefix-limit/direction-list/force-check
modify	/frr-routing:routing/control-plane-protocols/control-plane-protocol/frr-bgp:bgp/neighbors/neighbor/afi-safis/afi-safi/ipv6-labeled-unicast/prefix-limit/direction-list/options/warning-only
destroy	/frr-routing:routing/control-plane-protocols/control-plane-protocol/frr-bgp:bgp/neighbors/neighbor/afi-safis/afi-safi/ipv6-labeled-unicast/prefix-limit/direction-list/options/warning-only
modify	/frr-routing:routing/control-plane-protocols/control-plane-protocol/frr-bgp:bgp/neighbors/neighbor/afi-safis/afi-safi/ipv6-labeled-unicast/prefix-limit/direction-list/options/restart-timer
destroy	/frr-routing:routing/control-plane-protocols/control-plane-protocol/frr-bgp:bgp/neighbors/neighbor/afi-safis/afi-safi/ipv6-labeled-unicast/prefix-limit/direction-list/options/restart-timer
modify	/frr-routing:routing/control-plane-protocols/control-plane-protocol/frr-bgp:bgp/neighbors/neighbor/afi-safis/afi-safi/ipv6-labeled-unicast/prefix-limit/direction-list/options/shutdown-threshold-pct
destroy	/frr-routing:routing/control-plane-protocols/control-plane-protocol/frr-bgp:bgp/neighbors/neighbor/afi-safis/afi-safi/ipv6-labeled-unicast/prefix-limit/direction-list/options/shutdown-threshold-pct
modify	/frr-routing:routing/control-plane-protocols/control-plane-protocol/frr-bgp:bgp/neighbors/neighbor/afi-safis/afi-safi/ipv6-labeled-unicast/prefix-limit/direction-list/options/tr-shutdown-threshold-pct
destroy	/frr-routing:routing/control-plane-protocols/control-plane-protocol/frr-bgp:bgp/neighbors/neighbor/afi-safis/afi-safi/ipv6-labeled-unicast/prefix-limit/direction-list/options/tr-shutdown-threshold-pct
modify	/frr-routing:routing/control-plane-protocols/control-plane-protocol/frr-bgp:bgp/neighbors/neighbor/afi-safis/afi-safi/ipv6-labeled-unicast/prefix-limit/direction-list/options/tr-restart-timer
destroy	/frr-routing:routing/control-plane-protocols/control-plane-protocol/frr-bgp:bgp/neighbors/neighbor/afi-safis/afi-safi/ipv6-labeled-unicast/prefix-limit/direction-list/options/tr-restart-timer
modify	/frr-routing:routing/control-plane-protocols/control-plane-protocol/frr-bgp:bgp/neighbors/neighbor/afi-safis/afi-safi/ipv6-labeled-unicast/prefix-limit/direction-list/options/tw-shutdown-threshold-pct
destroy	/frr-routing:routing/control-plane-protocols/control-plane-protocol/frr-bgp:bgp/neighbors/neighbor/afi-safis/afi-safi/ipv6-labeled-unicast/prefix-limit/direction-list/options/tw-shutdown-threshold-pct
modify	/frr-routing:routing/control-plane-protocols/control-plane-protocol/frr-bgp:bgp/neighbors/neighbor/afi-safis/afi-safi/ipv6-labeled-unicast/prefix-limit/direction-list/options/tw-warning-only
destroy	/frr-routing:routing/control-plane-protocols/control-plane-protocol/frr-bgp:bgp/neighbors/neighbor/afi-safis/afi-safi/ipv6-labeled-unicast/prefix-limit/direction-list/options/tw-warning-only
modify	/frr-routing:routing/control-plane-protocols/control-plane-protocol/frr-bgp:bgp/neighbors/neighbor/afi-safis/afi-safi/ipv6-labeled-unicast/nexthop-self/next-hop-self
modify	/frr-routing:routing/control-plane-protocols/control-plane-protocol/frr-bgp:bgp/neighbors/neighbor/afi-safis/afi-safi/ipv6-labeled-unicast/nexthop-self/next-hop-self-force
modify	/frr-routing:routing/control-plane-protocols/control-plane-protocol/frr-bgp:bgp/neighbors/neighbor/afi-safis/afi-safi/ipv6-labeled-unicast/private-as/remove-private-as-all
modify	/frr-routing:routing/control-plane-protocols/control-plane-protocol/frr-bgp:bgp/neighbors/neighbor/afi-safis/afi-safi/ipv6-labeled-unicast/private-as/remove-private-as-all-replace
modify	/frr-routing:routing/control-plane-protocols/control-plane-protocol/frr-bgp:bgp/neighbors/neighbor/afi-safis/afi-safi/ipv6-labeled-unicast/private-as/remove-private-as
modify	/frr-routing:routing/control-plane-protocols/control-plane-protocol/frr-bgp:bgp/neighbors/neighbor/afi-safis/afi-safi/ipv6-labeled-unicast/private-as/remove-private-as-replace
modify	/frr-routing:routing/control-plane-protocols/control-plane-protocol/frr-bgp:bgp/neighbors/neighbor/afi-safis/afi-safi/ipv6-labeled-unicast/route-reflector/route-reflector-client
modify	/frr-routing:routing/control-plane-protocols/control-plane-protocol/frr-bgp:bgp/neighbors/neighbor/afi-safis/afi-safi/ipv6-labeled-unicast/route-server/route-server-client
modify	/frr-routing:routing/control-plane-protocols/control-plane-protocol/frr-bgp:bgp/neighbors/neighbor/afi-safis/afi-safi/ipv6-labeled-unicast/send-community/send-community
modify	/frr-routing:routing/control-plane-protocols/control-plane-protocol/frr-bgp:bgp/neighbors/neighbor/afi-safis/afi-safi/ipv6-labeled-unicast/send-community/send-ext-community
modify	/frr-routing:routing/control-plane-protocols/control-plane-protocol/frr-bgp:bgp/neighbors/neighbor/afi-safis/afi-safi/ipv6-labeled-unicast/send-community/send-large-community
modify	/frr-routing:routing/control-plane-protocols/control-plane-protocol/frr-bgp:bgp/neighbors/neighbor/afi-safis/afi-safi/ipv6-labeled-unicast/soft-reconfiguration
modify	/frr-routing:routing/control-plane-protocols/control-plane-protocol/frr-bgp:bgp/neighbors/neighbor/afi-safis/afi-safi/ipv6-labeled-unicast/weight/weight-attribute
destroy	/frr-routing:routing/control-plane-protocols/control-plane-protocol/frr-bgp:bgp/neighbors/neighbor/afi-safis/afi-safi/ipv6-labeled-unicast/weight/weight-attribute
modify	/frr-routing:routing/control-plane-protocols/control-plane-protocol/frr-bgp:bgp/neighbors/neighbor/afi-safis/afi-safi/ipv6-labeled-unicast/filter-config/rmap-import
destroy	/frr-routing:routing/control-plane-protocols/control-plane-protocol/frr-bgp:bgp/neighbors/neighbor/afi-safis/afi-safi/ipv6-labeled-unicast/filter-config/rmap-import
modify	/frr-routing:routing/control-plane-protocols/control-plane-protocol/frr-bgp:bgp/neighbors/neighbor/afi-safis/afi-safi/ipv6-labeled-unicast/filter-config/rmap-export
destroy	/frr-routing:routing/control-plane-protocols/control-plane-protocol/frr-bgp:bgp/neighbors/neighbor/afi-safis/afi-safi/ipv6-labeled-unicast/filter-config/rmap-export
modify	/frr-routing:routing/control-plane-protocols/control-plane-protocol/frr-bgp:bgp/neighbors/neighbor/afi-safis/afi-safi/ipv6-labeled-unicast/filter-config/plist-import
destroy	/frr-routing:routing/control-plane-protocols/control-plane-protocol/frr-bgp:bgp/neighbors/neighbor/afi-safis/afi-safi/ipv6-labeled-unicast/filter-config/plist-import
modify	/frr-routing:routing/control-plane-protocols/control-plane-protocol/frr-bgp:bgp/neighbors/neighbor/afi-safis/afi-safi/ipv6-labeled-unicast/filter-config/plist-export
destroy	/frr-routing:routing/control-plane-protocols/control-plane-protocol/frr-bgp:bgp/neighbors/neighbor/afi-safis/afi-safi/ipv6-labeled-unicast/filter-config/plist-export
modify	/frr-routing:routing/control-plane-protocols/control-plane-protocol/frr-bgp:bgp/neighbors/neighbor/afi-safis/afi-safi/ipv6-labeled-unicast/filter-config/access-list-import
destroy	/frr-routing:routing/control-plane-protocols/control-plane-protocol/frr-bgp:bgp/neighbors/neighbor/afi-safis/afi-safi/ipv6-labeled-unicast/filter-config/access-list-import
modify	/frr-routing:routing/control-plane-protocols/control-plane-protocol/frr-bgp:bgp/neighbors/neighbor/afi-safis/afi-safi/ipv6-labeled-unicast/filter-config/access-list-export
destroy	/frr-routing:routing/control-plane-protocols/control-plane-protocol/frr-bgp:bgp/neighbors/neighbor/afi-safis/afi-safi/ipv6-labeled-unicast/filter-config/access-list-export
modify	/frr-routing:routing/control-plane-protocols/control-plane-protocol/frr-bgp:bgp/neighbors/neighbor/afi-safis/afi-safi/ipv6-labeled-unicast/filter-config/as-path-filter-list-import
destroy	/frr-routing:routing/control-plane-protocols/control-plane-protocol/frr-bgp:bgp/neighbors/neighbor/afi-safis/afi-safi/ipv6-labeled-unicast/filter-config/as-path-filter-list-import
modify	/frr-routing:routing/control-plane-protocols/control-plane-protocol/frr-bgp:bgp/neighbors/neighbor/afi-safis/afi-safi/ipv6-labeled-unicast/filter-config/as-path-filter-list-export
destroy	/frr-routing:routing/control-plane-protocols/control-plane-protocol/frr-bgp:bgp/neighbors/neighbor/afi-safis/afi-safi/ipv6-labeled-unicast/filter-config/as-path-filter-list-export
modify	/frr-routing:routing/control-plane-protocols/control-plane-protocol/frr-bgp:bgp/neighbors/neighbor/afi-safis/afi-safi/ipv6-labeled-unicast/filter-config/unsuppress-map-import
destroy	/frr-routing:routing/control-plane-protocols/control-plane-protocol/frr-bgp:bgp/neighbors/neighbor/afi-safis/afi-safi/ipv6-labeled-unicast/filter-config/unsuppress-map-import
modify	/frr-routing:routing/control-plane-protocols/control-plane-protocol/frr-bgp:bgp/neighbors/neighbor/afi-safis/afi-safi/ipv6-labeled-unicast/filter-config/unsuppress-map-export
destroy	/frr-routing:routing/control-plane-protocols/control-plane-protocol/frr-bgp:bgp/neighbors/neighbor/afi-safis/afi-safi/ipv6-labeled-unicast/filter-config/unsuppress-map-export
modify	/frr-routing:routing/control-plane-protocols/control-plane-protocol/frr-bgp:bgp/neighbors/neighbor/afi-safis/afi-safi/l3vpn-ipv4-unicast/add-paths/path-type
modify	/frr-routing:routing/control-plane-protocols/control-plane-protocol/frr-bgp:bgp/neighbors/neighbor/afi-safis/afi-safi/l3vpn-ipv4-unicast/as-path-options/allow-own-as
destroy	/frr-routing:routing/control-plane-protocols/control-plane-protocol/frr-bgp:bgp/neighbors/neighbor/afi-safis/afi-safi/l3vpn-ipv4-unicast/as-path-options/allow-own-as
modify	/frr-routing:routing/control-plane-protocols/control-plane-protocol/frr-bgp:bgp/neighbors/neighbor/afi-safis/afi-safi/l3vpn-ipv4-unicast/as-path-options/allow-own-origin-as
destroy	/frr-routing:routing/control-plane-protocols/control-plane-protocol/frr-bgp:bgp/neighbors/neighbor/afi-safis/afi-safi/l3vpn-ipv4-unicast/as-path-options/allow-own-origin-as
modify	/frr-routing:routing/control-plane-protocols/control-plane-protocol/frr-bgp:bgp/neighbors/neighbor/afi-safis/afi-safi/l3vpn-ipv4-unicast/as-path-options/replace-peer-as
modify	/frr-routing:routing/control-plane-protocols/control-plane-protocol/frr-bgp:bgp/neighbors/neighbor/afi-safis/afi-safi/l3vpn-ipv4-unicast/attr-unchanged/as-path-unchanged
modify	/frr-routing:routing/control-plane-protocols/control-plane-protocol/frr-bgp:bgp/neighbors/neighbor/afi-safis/afi-safi/l3vpn-ipv4-unicast/attr-unchanged/next-hop-unchanged
modify	/frr-routing:routing/control-plane-protocols/control-plane-protocol/frr-bgp:bgp/neighbors/neighbor/afi-safis/afi-safi/l3vpn-ipv4-unicast/attr-unchanged/med-unchanged
create	/frr-routing:routing/control-plane-protocols/control-plane-protocol/frr-bgp:bgp/neighbors/neighbor/afi-safis/afi-safi/l3vpn-ipv4-unicast/prefix-limit/direction-list
destroy	/frr-routing:routing/control-plane-protocols/control-plane-protocol/frr-bgp:bgp/neighbors/neighbor/afi-safis/afi-safi/l3vpn-ipv4-unicast/prefix-limit/direction-list
get_next	/frr-routing:routing/control-plane-protocols/control-plane-protocol/frr-bgp:bgp/neighbors/neighbor/afi-safis/afi-safi/l3vpn-ipv4-unicast/prefix-limit/direction-list
get_keys	/frr-routing:routing/control-plane-protocols/control-plane-protocol/frr-bgp:bgp/neighbors/neighbor/afi-safis/afi-safi/l3vpn-ipv4-unicast/prefix-limit/direction-list
lookup_entry	/frr-routing:routing/control-plane-protocols/control-plane-protocol/frr-bgp:bgp/neighbors/neighbor/afi-safis/afi-safi/l3vpn-ipv4-unicast/prefix-limit/direction-list
modify	/frr-routing:routing/control-plane-protocols/control-plane-protocol/frr-bgp:bgp/neighbors/neighbor/afi-safis/afi-safi/l3vpn-ipv4-unicast/prefix-limit/direction-list/max-prefixes
modify	/frr-routing:routing/control-plane-protocols/control-plane-protocol/frr-bgp:bgp/neighbors/neighbor/afi-safis/afi-safi/l3vpn-ipv4-unicast/prefix-limit/direction-list/force-check
modify	/frr-routing:routing/control-plane-protocols/control-plane-protocol/frr-bgp:bgp/neighbors/neighbor/afi-safis/afi-safi/l3vpn-ipv4-unicast/prefix-limit/direction-list/options/warning-only
destroy	/frr-routing:routing/control-plane-protocols/control-plane-protocol/frr-bgp:bgp/neighbors/neighbor/afi-safis/afi-safi/l3vpn-ipv4-unicast/prefix-limit/direction-list/options/warning-only
modify	/frr-routing:routing/control-plane-protocols/control-plane-protocol/frr-bgp:bgp/neighbors/neighbor/afi-safis/afi-safi/l3vpn-ipv4-unicast/prefix-limit/direction-list/options/restart-timer
destroy	/frr-routing:routing/control-plane-protocols/control-plane-protocol/frr-bgp:bgp/neighbors/neighbor/afi-safis/afi-safi/l3vpn-ipv4-unicast/prefix-limit/direction-list/options/restart-timer
modify	/frr-routing:routing/control-plane-protocols/control-plane-protocol/frr-bgp:bgp/neighbors/neighbor/afi-safis/afi-safi/l3vpn-ipv4-unicast/prefix-limit/direction-list/options/shutdown-threshold-pct
destroy	/frr-routing:routing/control-plane-protocols/control-plane-protocol/frr-bgp:bgp/neighbors/neighbor/afi-safis/afi-safi/l3vpn-ipv4-unicast/prefix-limit/direction-list/options/shutdown-threshold-pct
modify	/frr-routing:routing/control-plane-protocols/control-plane-protocol/frr-bgp:bgp/neighbors/neighbor/afi-safis/afi-safi/l3vpn-ipv4-unicast/prefix-limit/direction-list/options/tr-shutdown-threshold-pct
destroy	/frr-routing:routing/control-plane-protocols/control-plane-protocol/frr-bgp:bgp/neighbors/neighbor/afi-safis/afi-safi/l3vpn-ipv4-unicast/prefix-limit/direction-list/options/tr-shutdown-threshold-pct
modify	/frr-routing:routing/control-plane-protocols/control-plane-protocol/frr-bgp:bgp/neighbors/neighbor/afi-safis/afi-safi/l3vpn-ipv4-unicast/prefix-limit/direction-list/options/tr-restart-timer
destroy	/frr-routing:routing/control-plane-protocols/control-plane-protocol/frr-bgp:bgp/neighbors/neighbor/afi-safis/afi-safi/l3vpn-ipv4-unicast/prefix-limit/direction-list/options/tr-restart-timer
modify	/frr-routing:routing/control-plane-protocols/control-plane-protocol/frr-bgp:bgp/neighbors/neighbor/afi-safis/afi-safi/l3vpn-ipv4-unicast/prefix-limit/direction-list/options/tw-shutdown-threshold-pct
destroy	/frr-routing:routing/control-plane-protocols/control-plane-protocol/frr-bgp:bgp/neighbors/neighbor/afi-safis/afi-safi/l3vpn-ipv4-unicast/prefix-limit/direction-list/options/tw-shutdown-threshold-pct
modify	/frr-routing:routing/control-plane-protocols/control-plane-protocol/frr-bgp:bgp/neighbors/neighbor/afi-safis/afi-safi/l3vpn-ipv4-unicast/prefix-limit/direction-list/options/tw-warning-only
destroy	/frr-routing:routing/control-plane-protocols/control-plane-protocol/frr-bgp:bgp/neighbors/neighbor/afi-safis/afi-safi/l3vpn-ipv4-unicast/prefix-limit/direction-list/options/tw-warning-only
modify	/frr-routing:routing/control-plane-protocols/control-plane-protocol/frr-bgp:bgp/neighbors/neighbor/afi-safis/afi-safi/l3vpn-ipv4-unicast/nexthop-self/next-hop-self
modify	/frr-routing:routing/control-plane-protocols/control-plane-protocol/frr-bgp:bgp/neighbors/neighbor/afi-safis/afi-safi/l3vpn-ipv4-unicast/nexthop-self/next-hop-self-force
modify	/frr-routing:routing/control-plane-protocols/control-plane-protocol/frr-bgp:bgp/neighbors/neighbor/afi-safis/afi-safi/l3vpn-ipv4-unicast/private-as/remove-private-as-all
modify	/frr-routing:routing/control-plane-protocols/control-plane-protocol/frr-bgp:bgp/neighbors/neighbor/afi-safis/afi-safi/l3vpn-ipv4-unicast/private-as/remove-private-as-all-replace
modify	/frr-routing:routing/control-plane-protocols/control-plane-protocol/frr-bgp:bgp/neighbors/neighbor/afi-safis/afi-safi/l3vpn-ipv4-unicast/private-as/remove-private-as
modify	/frr-routing:routing/control-plane-protocols/control-plane-protocol/frr-bgp:bgp/neighbors/neighbor/afi-safis/afi-safi/l3vpn-ipv4-unicast/private-as/remove-private-as-replace
modify	/frr-routing:routing/control-plane-protocols/control-plane-protocol/frr-bgp:bgp/neighbors/neighbor/afi-safis/afi-safi/l3vpn-ipv4-unicast/route-reflector/route-reflector-client
modify	/frr-routing:routing/control-plane-protocols/control-plane-protocol/frr-bgp:bgp/neighbors/neighbor/afi-safis/afi-safi/l3vpn-ipv4-unicast/route-server/route-server-client
modify	/frr-routing:routing/control-plane-protocols/control-plane-protocol/frr-bgp:bgp/neighbors/neighbor/afi-safis/afi-safi/l3vpn-ipv4-unicast/send-community/send-community
modify	/frr-routing:routing/control-plane-protocols/control-plane-protocol/frr-bgp:bgp/neighbors/neighbor/afi-safis/afi-safi/l3vpn-ipv4-unicast/send-community/send-ext-community
modify	/frr-routing:routing/control-plane-protocols/control-plane-protocol/frr-bgp:bgp/neighbors/neighbor/afi-safis/afi-safi/l3vpn-ipv4-unicast/send-community/send-large-community
modify	/frr-routing:routing/control-plane-protocols/control-plane-protocol/frr-bgp:bgp/neighbors/neighbor/afi-safis/afi-safi/l3vpn-ipv4-unicast/soft-reconfiguration
modify	/frr-routing:routing/control-plane-protocols/control-plane-protocol/frr-bgp:bgp/neighbors/neighbor/afi-safis/afi-safi/l3vpn-ipv4-unicast/weight/weight-attribute
destroy	/frr-routing:routing/control-plane-protocols/control-plane-protocol/frr-bgp:bgp/neighbors/neighbor/afi-safis/afi-safi/l3vpn-ipv4-unicast/weight/weight-attribute
modify	/frr-routing:routing/control-plane-protocols/control-plane-protocol/frr-bgp:bgp/neighbors/neighbor/afi-safis/afi-safi/l3vpn-ipv4-unicast/filter-config/rmap-import
destroy	/frr-routing:routing/control-plane-protocols/control-plane-protocol/frr-bgp:bgp/neighbors/neighbor/afi-safis/afi-safi/l3vpn-ipv4-unicast/filter-config/rmap-import
modify	/frr-routing:routing/control-plane-protocols/control-plane-protocol/frr-bgp:bgp/neighbors/neighbor/afi-safis/afi-safi/l3vpn-ipv4-unicast/filter-config/rmap-export
destroy	/frr-routing:routing/control-plane-protocols/control-plane-protocol/frr-bgp:bgp/neighbors/neighbor/afi-safis/afi-safi/l3vpn-ipv4-unicast/filter-config/rmap-export
modify	/frr-routing:routing/control-plane-protocols/control-plane-protocol/frr-bgp:bgp/neighbors/neighbor/afi-safis/afi-safi/l3vpn-ipv4-unicast/filter-config/plist-import
destroy	/frr-routing:routing/control-plane-protocols/control-plane-protocol/frr-bgp:bgp/neighbors/neighbor/afi-safis/afi-safi/l3vpn-ipv4-unicast/filter-config/plist-import
modify	/frr-routing:routing/control-plane-protocols/control-plane-protocol/frr-bgp:bgp/neighbors/neighbor/afi-safis/afi-safi/l3vpn-ipv4-unicast/filter-config/plist-export
destroy	/frr-routing:routing/control-plane-protocols/control-plane-protocol/frr-bgp:bgp/neighbors/neighbor/afi-safis/afi-safi/l3vpn-ipv4-unicast/filter-config/plist-export
modify	/frr-routing:routing/control-plane-protocols/control-plane-protocol/frr-bgp:bgp/neighbors/neighbor/afi-safis/afi-safi/l3vpn-ipv4-unicast/filter-config/access-list-import
destroy	/frr-routing:routing/control-plane-protocols/control-plane-protocol/frr-bgp:bgp/neighbors/neighbor/afi-safis/afi-safi/l3vpn-ipv4-unicast/filter-config/access-list-import
modify	/frr-routing:routing/control-plane-protocols/control-plane-protocol/frr-bgp:bgp/neighbors/neighbor/afi-safis/afi-safi/l3vpn-ipv4-unicast/filter-config/access-list-export
destroy	/frr-routing:routing/control-plane-protocols/control-plane-protocol/frr-bgp:bgp/neighbors/neighbor/afi-safis/afi-safi/l3vpn-ipv4-unicast/filter-config/access-list-export
modify	/frr-routing:routing/control-plane-protocols/control-plane-protocol/frr-bgp:bgp/neighbors/neighbor/afi-safis/afi-safi/l3vpn-ipv4-unicast/filter-config/as-path-filter-list-import
destroy	/frr-routing:routing/control-plane-protocols/control-plane-protocol/frr-bgp:bgp/neighbors/neighbor/afi-safis/afi-safi/l3vpn-ipv4-unicast/filter-config/as-path-filter-list-import
modify	/frr-routing:routing/control-plane-protocols/control-plane-protocol/frr-bgp:bgp/neighbors/neighbor/afi-safis/afi-safi/l3vpn-ipv4-unicast/filter-config/as-path-filter-list-export
destroy	/frr-routing:routing/control-plane-protocols/control-plane-protocol/frr-bgp:bgp/neighbors/neighbor/afi-safis/afi-safi/l3vpn-ipv4-unicast/filter-config/as-path-filter-list-export
modify	/frr-routing:routing/control-plane-protocols/control-plane-protocol/frr-bgp:bgp/neighbors/neighbor/afi-safis/afi-safi/l3vpn-ipv4-unicast/filter-config/unsuppress-map-import
destroy	/frr-routing:routing/control-plane-protocols/control-plane-protocol/frr-bgp:bgp/neighbors/neighbor/afi-safis/afi-safi/l3vpn-ipv4-unicast/filter-config/unsuppress-map-import
modify	/frr-routing:routing/control-plane-protocols/control-plane-protocol/frr-bgp:bgp/neighbors/neighbor/afi-safis/afi-safi/l3vpn-ipv4-unicast/filter-config/unsuppress-map-export
destroy	/frr-routing:routing/control-plane-protocols/control-plane-protocol/frr-bgp:bgp/neighbors/neighbor/afi-safis/afi-safi/l3vpn-ipv4-unicast/filter-config/unsuppress-map-export
modify	/frr-routing:routing/control-plane-protocols/control-plane-protocol/frr-bgp:bgp/neighbors/neighbor/afi-safis/afi-safi/l3vpn-ipv6-unicast/add-paths/path-type
modify	/frr-routing:routing/control-plane-protocols/control-plane-protocol/frr-bgp:bgp/neighbors/neighbor/afi-safis/afi-safi/l3vpn-ipv6-unicast/as-path-options/allow-own-as
destroy	/frr-routing:routing/control-plane-protocols/control-plane-protocol/frr-bgp:bgp/neighbors/neighbor/afi-safis/afi-safi/l3vpn-ipv6-unicast/as-path-options/allow-own-as
modify	/frr-routing:routing/control-plane-protocols/control-plane-protocol/frr-bgp:bgp/neighbors/neighbor/afi-safis/afi-safi/l3vpn-ipv6-unicast/as-path-options/allow-own-origin-as
destroy	/frr-routing:routing/control-plane-protocols/control-plane-protocol/frr-bgp:bgp/neighbors/neighbor/afi-safis/afi-safi/l3vpn-ipv6-unicast/as-path-options/allow-own-origin-as
modify	/frr-routing:routing/control-plane-protocols/control-plane-protocol/frr-bgp:bgp/neighbors/neighbor/afi-safis/afi-safi/l3vpn-ipv6-unicast/as-path-options/replace-peer-as
modify	/frr-routing:routing/control-plane-protocols/control-plane-protocol/frr-bgp:bgp/neighbors/neighbor/afi-safis/afi-safi/l3vpn-ipv6-unicast/attr-unchanged/as-path-unchanged
modify	/frr-routing:routing/control-plane-protocols/control-plane-protocol/frr-bgp:bgp/neighbors/neighbor/afi-safis/afi-safi/l3vpn-ipv6-unicast/attr-unchanged/next-hop-unchanged
modify	/frr-routing:routing/control-plane-protocols/control-plane-protocol/frr-bgp:bgp/neighbors/neighbor/afi-safis/afi-safi/l3vpn-ipv6-unicast/attr-unchanged/med-unchanged
create	/frr-routing:routing/control-plane-protocols/control-plane-protocol/frr-bgp:bgp/neighbors/neighbor/afi-safis/afi-safi/l3vpn-ipv6-unicast/prefix-limit/direction-list
destroy	/frr-routing:routing/control-plane-protocols/control-plane-protocol/frr-bgp:bgp/neighbors/neighbor/afi-safis/afi-safi/l3vpn-ipv6-unicast/prefix-limit/direction-list
get_next	/frr-routing:routing/control-plane-protocols/control-plane-protocol/frr-bgp:bgp/neighbors/neighbor/afi-safis/afi-safi/l3vpn-ipv6-unicast/prefix-limit/direction-list
get_keys	/frr-routing:routing/control-plane-protocols/control-plane-protocol/frr-bgp:bgp/neighbors/neighbor/afi-safis/afi-safi/l3vpn-ipv6-unicast/prefix-limit/direction-list
lookup_entry	/frr-routing:routing/control-plane-protocols/control-plane-protocol/frr-bgp:bgp/neighbors/neighbor/afi-safis/afi-safi/l3vpn-ipv6-unicast/prefix-limit/direction-list
modify	/frr-routing:routing/control-plane-protocols/control-plane-protocol/frr-bgp:bgp/neighbors/neighbor/afi-safis/afi-safi/l3vpn-ipv6-unicast/prefix-limit/direction-list/max-prefixes
modify	/frr-routing:routing/control-plane-protocols/control-plane-protocol/frr-bgp:bgp/neighbors/neighbor/afi-safis/afi-safi/l3vpn-ipv6-unicast/prefix-limit/direction-list/force-check
modify	/frr-routing:routing/control-plane-protocols/control-plane-protocol/frr-bgp:bgp/neighbors/neighbor/afi-safis/afi-safi/l3vpn-ipv6-unicast/prefix-limit/direction-list/options/warning-only
destroy	/frr-routing:routing/control-plane-protocols/control-plane-protocol/frr-bgp:bgp/neighbors/neighbor/afi-safis/afi-safi/l3vpn-ipv6-unicast/prefix-limit/direction-list/options/warning-only
modify	/frr-routing:routing/control-plane-protocols/control-plane-protocol/frr-bgp:bgp/neighbors/neighbor/afi-safis/afi-safi/l3vpn-ipv6-unicast/prefix-limit/direction-list/options/restart-timer
destroy	/frr-routing:routing/control-plane-protocols/control-plane-protocol/frr-bgp:bgp/neighbors/neighbor/afi-safis/afi-safi/l3vpn-ipv6-unicast/prefix-limit/direction-list/options/restart-timer
modify	/frr-routing:routing/control-plane-protocols/control-plane-protocol/frr-bgp:bgp/neighbors/neighbor/afi-safis/afi-safi/l3vpn-ipv6-unicast/prefix-limit/direction-list/options/shutdown-threshold-pct
destroy	/frr-routing:routing/control-plane-protocols/control-plane-protocol/frr-bgp:bgp/neighbors/neighbor/afi-safis/afi-safi/l3vpn-ipv6-unicast/prefix-limit/direction-list/options/shutdown-threshold-pct
modify	/frr-routing:routing/control-plane-protocols/control-plane-protocol/frr-bgp:bgp/neighbors/neighbor/afi-safis/afi-safi/l3vpn-ipv6-unicast/prefix-limit/direction-list/options/tr-shutdown-threshold-pct
destroy	/frr-routing:routing/control-plane-protocols/control-plane-protocol/frr-bgp:bgp/neighbors/neighbor/afi-safis/afi-safi/l3vpn-ipv6-unicast/prefix-limit/direction-list/options/tr-shutdown-threshold-pct
modify	/frr-routing:routing/control-plane-protocols/control-plane-protocol/frr-bgp:bgp/neighbors/neighbor/afi-safis/afi-safi/l3vpn-ipv6-unicast/prefix-limit/direction-list/options/tr-restart-timer
destroy	/frr-routing:routing/control-plane-protocols/control-plane-protocol/frr-bgp:bgp/neighbors/neighbor/afi-safis/afi-safi/l3vpn-ipv6-unicast/prefix-limit/direction-list/options/tr-restart-timer
modify	/frr-routing:routing/control-plane-protocols/control-plane-protocol/frr-bgp:bgp/neighbors/neighbor/afi-safis/afi-safi/l3vpn-ipv6-unicast/prefix-limit/direction-list/options/tw-shutdown-threshold-pct
destroy	/frr-routing:routing/control-plane-protocols/control-plane-protocol/frr-bgp:bgp/neighbors/neighbor/afi-safis/afi-safi/l3vpn-ipv6-unicast/prefix-limit/direction-list/options/tw-shutdown-threshold-pct
modify	/frr-routing:routing/control-plane-protocols/control-plane-protocol/frr-bgp:bgp/neighbors/neighbor/afi-safis/afi-safi/l3vpn-ipv6-unicast/prefix-limit/direction-list/options/tw-warning-only
destroy	/frr-routing:routing/control-plane-protocols/control-plane-protocol/frr-bgp:bgp/neighbors/neighbor/afi-safis/afi-safi/l3vpn-ipv6-unicast/prefix-limit/direction-list/options/tw-warning-only
modify	/frr-routing:routing/control-plane-protocols/control-plane-protocol/frr-bgp:bgp/neighbors/neighbor/afi-safis/afi-safi/l3vpn-ipv6-unicast/nexthop-self/next-hop-self
modify	/frr-routing:routing/control-plane-protocols/control-plane-protocol/frr-bgp:bgp/neighbors/neighbor/afi-safis/afi-safi/l3vpn-ipv6-unicast/nexthop-self/next-hop-self-force
modify	/frr-routing:routing/control-plane-protocols/control-plane-protocol/frr-bgp:bgp/neighbors/neighbor/afi-safis/afi-safi/l3vpn-ipv6-unicast/private-as/remove-private-as-all
modify	/frr-routing:routing/control-plane-protocols/control-plane-protocol/frr-bgp:bgp/neighbors/neighbor/afi-safis/afi-safi/l3vpn-ipv6-unicast/private-as/remove-private-as-all-replace
modify	/frr-routing:routing/control-plane-protocols/control-plane-protocol/frr-bgp:bgp/neighbors/neighbor/afi-safis/afi-safi/l3vpn-ipv6-unicast/private-as/remove-private-as
modify	/frr-routing:routing/control-plane-protocols/control-plane-protocol/frr-bgp:bgp/neighbors/neighbor/afi-safis/afi-safi/l3vpn-ipv6-unicast/private-as/remove-private-as-replace
modify	/frr-routing:routing/control-plane-protocols/control-plane-protocol/frr-bgp:bgp/neighbors/neighbor/afi-safis/afi-safi/l3vpn-ipv6-unicast/route-reflector/route-reflector-client
modify	/frr-routing:routing/control-plane-protocols/control-plane-protocol/frr-bgp:bgp/neighbors/neighbor/afi-safis/afi-safi/l3vpn-ipv6-unicast/route-server/route-server-client
modify	/frr-routing:routing/control-plane-protocols/control-plane-protocol/frr-bgp:bgp/neighbors/neighbor/afi-safis/afi-safi/l3vpn-ipv6-unicast/send-community/send-community
modify	/frr-routing:routing/control-plane-protocols/control-plane-protocol/frr-bgp:bgp/neighbors/neighbor/afi-safis/afi-safi/l3vpn-ipv6-unicast/send-community/send-ext-community
modify	/frr-routing:routing/control-plane-protocols/control-plane-protocol/frr-bgp:bgp/neighbors/neighbor/afi-safis/afi-safi/l3vpn-ipv6-unicast/send-community/send-large-community
modify	/frr-routing:routing/control-plane-protocols/control-plane-protocol/frr-bgp:bgp/neighbors/neighbor/afi-safis/afi-safi/l3vpn-ipv6-unicast/soft-reconfiguration
modify	/frr-routing:routing/control-plane-protocols/control-plane-protocol/frr-bgp:bgp/neighbors/neighbor/afi-safis/afi-safi/l3vpn-ipv6-unicast/weight/weight-attribute
destroy	/frr-routing:routing/control-plane-protocols/control-plane-protocol/frr-bgp:bgp/neighbors/neighbor/afi-safis/afi-safi/l3vpn-ipv6-unicast/weight/weight-attribute
modify	/frr-routing:routing/control-plane-protocols/control-plane-protocol/frr-bgp:bgp/neighbors/neighbor/afi-safis/afi-safi/l3vpn-ipv6-unicast/filter-config/rmap-import
destroy	/frr-routing:routing/control-plane-protocols/control-plane-protocol/frr-bgp:bgp/neighbors/neighbor/afi-safis/afi-safi/l3vpn-ipv6-unicast/filter-config/rmap-import
modify	/frr-routing:routing/control-plane-protocols/control-plane-protocol/frr-bgp:bgp/neighbors/neighbor/afi-safis/afi-safi/l3vpn-ipv6-unicast/filter-config/rmap-export
destroy	/frr-routing:routing/control-plane-protocols/control-plane-protocol/frr-bgp:bgp/neighbors/neighbor/afi-safis/afi-safi/l3vpn-ipv6-unicast/filter-config/rmap-export
modify	/frr-routing:routing/control-plane-protocols/control-plane-protocol/frr-bgp:bgp/neighbors/neighbor/afi-safis/afi-safi/l3vpn-ipv6-unicast/filter-config/plist-import
destroy	/frr-routing:routing/control-plane-protocols/control-plane-protocol/frr-bgp:bgp/neighbors/neighbor/afi-safis/afi-safi/l3vpn-ipv6-unicast/filter-config/plist-import
modify	/frr-routing:routing/control-plane-protocols/control-plane-protocol/frr-bgp:bgp/neighbors/neighbor/afi-safis/afi-safi/l3vpn-ipv6-unicast/filter-config/plist-export
destroy	/frr-routing:routing/control-plane-protocols/control-plane-protocol/frr-bgp:bgp/neighbors/neighbor/afi-safis/afi-safi/l3vpn-ipv6-unicast/filter-config/plist-export
modify	/frr-routing:routing/control-plane-protocols/control-plane-protocol/frr-bgp:bgp/neighbors/neighbor/afi-safis/afi-safi/l3vpn-ipv6-unicast/filter-config/access-list-import
destroy	/frr-routing:routing/control-plane-protocols/control-plane-protocol/frr-bgp:bgp/neighbors/neighbor/afi-safis/afi-safi/l3vpn-ipv6-unicast/filter-config/access-list-import
modify	/frr-routing:routing/control-plane-protocols/control-plane-protocol/frr-bgp:bgp/neighbors/neighbor/afi-safis/afi-safi/l3vpn-ipv6-unicast/filter-config/access-list-export
destroy	/frr-routing:routing/control-plane-protocols/control-plane-protocol/frr-bgp:bgp/neighbors/neighbor/afi-safis/afi-safi/l3vpn-ipv6-unicast/filter-config/access-list-export
modify	/frr-routing:routing/control-plane-protocols/control-plane-protocol/frr-bgp:bgp/neighbors/neighbor/afi-safis/afi-safi/l3vpn-ipv6-unicast/filter-config/as-path-filter-list-import
destroy	/frr-routing:routing/control-plane-protocols/control-plane-protocol/frr-bgp:bgp/neighbors/neighbor/afi-safis/afi-safi/l3vpn-ipv6-unicast/filter-config/as-path-filter-list-import
modify	/frr-routing:routing/control-plane-protocols/control-plane-protocol/frr-bgp:bgp/neighbors/neighbor/afi-safis/afi-safi/l3vpn-ipv6-unicast/filter-config/as-path-filter-list-export
destroy	/frr-routing:routing/control-plane-protocols/control-plane-protocol/frr-bgp:bgp/neighbors/neighbor/afi-safis/afi-safi/l3vpn-ipv6-unicast/filter-config/as-path-filter-list-export
modify	/frr-routing:routing/control-plane-protocols/control-plane-protocol/frr-bgp:bgp/neighbors/neighbor/afi-safis/afi-safi/l3vpn-ipv6-unicast/filter-config/unsuppress-map-import
destroy	/frr-routing:routing/control-plane-protocols/control-plane-protocol/frr-bgp:bgp/neighbors/neighbor/afi-safis/afi-safi/l3vpn-ipv6-unicast/filter-config/unsuppress-map-import
modify	/frr-routing:routing/control-plane-protocols/control-plane-protocol/frr-bgp:bgp/neighbors/neighbor/afi-safis/afi-safi/l3vpn-ipv6-unicast/filter-config/unsuppress-map-export
destroy	/frr-routing:routing/control-plane-protocols/control-plane-protocol/frr-bgp:bgp/neighbors/neighbor/afi-safis/afi-safi/l3vpn-ipv6-unicast/filter-config/unsuppress-map-export
modify	/frr-routing:routing/control-plane-protocols/control-plane-protocol/frr-bgp:bgp/neighbors/neighbor/afi-safis/afi-safi/l2vpn-evpn/advertise-all-vni
modify	/frr-routing:routing/control-plane-protocols/control-plane-protocol/frr-bgp:bgp/neighbors/neighbor/afi-safis/afi-safi/l2vpn-evpn/advertise-svi-ip
modify	/frr-routing:routing/control-plane-protocols/control-plane-protocol/frr-bgp:bgp/neighbors/neighbor/afi-safis/afi-safi/l2vpn-evpn/advertise-default-gw
modify	/frr-routing:routing/control-plane-protocols/control-plane-protocol/frr-bgp:bgp/neighbors/neighbor/afi-safis/afi-safi/l2vpn-evpn/advertise-subnet
modify	/frr-routing:routing/control-plane-protocols/control-plane-protocol/frr-bgp:bgp/neighbors/neighbor/afi-safis/afi-safi/l2vpn-evpn/autort-rfc8365-compatible
modify	/frr-routing:routing/control-plane-protocols/control-plane-protocol/frr-bgp:bgp/neighbors/neighbor/afi-safis/afi-safi/l2vpn-evpn/use-es-l3nhg
modify	/frr-routing:routing/control-plane-protocols/control-plane-protocol/frr-bgp:bgp/neighbors/neighbor/afi-safis/afi-safi/l2vpn-evpn/enable-resolve-overlay-index
modify	/frr-routing:routing/control-plane-protocols/control-plane-protocol/frr-bgp:bgp/neighbors/neighbor/afi-safis/afi-safi/l2vpn-evpn/disable-ead-evi-rx
modify	/frr-routing:routing/control-plane-protocols/control-plane-protocol/frr-bgp:bgp/neighbors/neighbor/afi-safis/afi-safi/l2vpn-evpn/disable-ead-evi-tx
create	/frr-routing:routing/control-plane-protocols/control-plane-protocol/frr-bgp:bgp/neighbors/neighbor/afi-safis/afi-safi/l2vpn-evpn/advertise-pip
destroy	/frr-routing:routing/control-plane-protocols/control-plane-protocol/frr-bgp:bgp/neighbors/neighbor/afi-safis/afi-safi/l2vpn-evpn/advertise-pip
modify	/frr-routing:routing/control-plane-protocols/control-plane-protocol/frr-bgp:bgp/neighbors/neighbor/afi-safis/afi-safi/l2vpn-evpn/advertise-pip/ip
destroy	/frr-routing:routing/control-plane-protocols/control-plane-protocol/frr-bgp:bgp/neighbors/neighbor/afi-safis/afi-safi/l2vpn-evpn/advertise-pip/ip
modify	/frr-routing:routing/control-plane-protocols/control-plane-protocol/frr-bgp:bgp/neighbors/neighbor/afi-safis/afi-safi/l2vpn-evpn/advertise-pip/mac
destroy	/frr-routing:routing/control-plane-protocols/control-plane-protocol/frr-bgp:bgp/neighbors/neighbor/afi-safis/afi-safi/l2vpn-evpn/advertise-pip/mac
modify	/frr-routing:routing/control-plane-protocols/control-plane-protocol/frr-bgp:bgp/neighbors/neighbor/afi-safis/afi-safi/l2vpn-evpn/advertise/ipv4-unicast
modify	/frr-routing:routing/control-plane-protocols/control-plane-protocol/frr-bgp:bgp/neighbors/neighbor/afi-safis/afi-safi/l2vpn-evpn/advertise/ipv4-unicast-route-map
destroy	/frr-routing:routing/control-plane-protocols/control-plane-protocol/frr-bgp:bgp/neighbors/neighbor/afi-safis/afi-safi/l2vpn-evpn/advertise/ipv4-unicast-route-map
modify	/frr-routing:routing/control-plane-protocols/control-plane-protocol/frr-bgp:bgp/neighbors/neighbor/afi-safis/afi-safi/l2vpn-evpn/advertise/ipv6-unicast
modify	/frr-routing:routing/control-plane-protocols/control-plane-protocol/frr-bgp:bgp/neighbors/neighbor/afi-safis/afi-safi/l2vpn-evpn/advertise/ipv6-unicast-route-map
destroy	/frr-routing:routing/control-plane-protocols/control-plane-protocol/frr-bgp:bgp/neighbors/neighbor/afi-safis/afi-safi/l2vpn-evpn/advertise/ipv6-unicast-route-map
modify	/frr-routing:routing/control-plane-protocols/control-plane-protocol/frr-bgp:bgp/neighbors/neighbor/afi-safis/afi-safi/l2vpn-evpn/dup-addr-detection/max-moves
modify	/frr-routing:routing/control-plane-protocols/control-plane-protocol/frr-bgp:bgp/neighbors/neighbor/afi-safis/afi-safi/l2vpn-evpn/dup-addr-detection/time
modify	/frr-routing:routing/control-plane-protocols/control-plane-protocol/frr-bgp:bgp/neighbors/neighbor/afi-safis/afi-safi/l2vpn-evpn/dup-addr-detection/freeze-permanent
destroy	/frr-routing:routing/control-plane-protocols/control-plane-protocol/frr-bgp:bgp/neighbors/neighbor/afi-safis/afi-safi/l2vpn-evpn/dup-addr-detection/freeze-permanent
modify	/frr-routing:routing/control-plane-protocols/control-plane-protocol/frr-bgp:bgp/neighbors/neighbor/afi-safis/afi-safi/l2vpn-evpn/dup-addr-detection/freeze-time
destroy	/frr-routing:routing/control-plane-protocols/control-plane-protocol/frr-bgp:bgp/neighbors/neighbor/afi-safis/afi-safi/l2vpn-evpn/dup-addr-detection/freeze-time
modify	/frr-routing:routing/control-plane-protocols/control-plane-protocol/frr-bgp:bgp/neighbors/neighbor/afi-safis/afi-safi/l2vpn-evpn/flooding
modify	/frr-routing:routing/control-plane-protocols/control-plane-protocol/frr-bgp:bgp/neighbors/neighbor/afi-safis/afi-safi/l2vpn-evpn/mac-vrf-soo
destroy	/frr-routing:routing/control-plane-protocols/control-plane-protocol/frr-bgp:bgp/neighbors/neighbor/afi-safis/afi-safi/l2vpn-evpn/mac-vrf-soo
modify	/frr-routing:routing/control-plane-protocols/control-plane-protocol/frr-bgp:bgp/neighbors/neighbor/afi-safis/afi-safi/l2vpn-evpn/ead-es/fragmentation/evi-limit
create	/frr-routing:routing/control-plane-protocols/control-plane-protocol/frr-bgp:bgp/neighbors/neighbor/afi-safis/afi-safi/l2vpn-evpn/ead-es/route-target-export
destroy	/frr-routing:routing/control-plane-protocols/control-plane-protocol/frr-bgp:bgp/neighbors/neighbor/afi-safis/afi-safi/l2vpn-evpn/ead-es/route-target-export
modify	/frr-routing:routing/control-plane-protocols/control-plane-protocol/frr-bgp:bgp/neighbors/neighbor/afi-safis/afi-safi/l2vpn-evpn/as-path-options/allow-own-as
destroy	/frr-routing:routing/control-plane-protocols/control-plane-protocol/frr-bgp:bgp/neighbors/neighbor/afi-safis/afi-safi/l2vpn-evpn/as-path-options/allow-own-as
modify	/frr-routing:routing/control-plane-protocols/control-plane-protocol/frr-bgp:bgp/neighbors/neighbor/afi-safis/afi-safi/l2vpn-evpn/as-path-options/allow-own-origin-as
destroy	/frr-routing:routing/control-plane-protocols/control-plane-protocol/frr-bgp:bgp/neighbors/neighbor/afi-safis/afi-safi/l2vpn-evpn/as-path-options/allow-own-origin-as
modify	/frr-routing:routing/control-plane-protocols/control-plane-protocol/frr-bgp:bgp/neighbors/neighbor/afi-safis/afi-safi/l2vpn-evpn/as-path-options/replace-peer-as
modify	/frr-routing:routing/control-plane-protocols/control-plane-protocol/frr-bgp:bgp/neighbors/neighbor/afi-safis/afi-safi/l2vpn-evpn/attr-unchanged/as-path-unchanged
modify	/frr-routing:routing/control-plane-protocols/control-plane-protocol/frr-bgp:bgp/neighbors/neighbor/afi-safis/afi-safi/l2vpn-evpn/attr-unchanged/next-hop-unchanged
modify	/frr-routing:routing/control-plane-protocols/control-plane-protocol/frr-bgp:bgp/neighbors/neighbor/afi-safis/afi-safi/l2vpn-evpn/attr-unchanged/med-unchanged
modify	/frr-routing:routing/control-plane-protocols/control-plane-protocol/frr-bgp:bgp/neighbors/neighbor/afi-safis/afi-safi/l2vpn-evpn/nexthop-self/next-hop-self
modify	/frr-routing:routing/control-plane-protocols/control-plane-protocol/frr-bgp:bgp/neighbors/neighbor/afi-safis/afi-safi/l2vpn-evpn/nexthop-self/next-hop-self-force
modify	/frr-routing:routing/control-plane-protocols/control-plane-protocol/frr-bgp:bgp/neighbors/neighbor/afi-safis/afi-safi/l2vpn-evpn/route-reflector/route-reflector-client
modify	/frr-routing:routing/control-plane-protocols/control-plane-protocol/frr-bgp:bgp/neighbors/neighbor/afi-safis/afi-safi/l2vpn-evpn/route-server/route-server-client
modify	/frr-routing:routing/control-plane-protocols/control-plane-protocol/frr-bgp:bgp/neighbors/neighbor/afi-safis/afi-safi/l2vpn-evpn/soft-reconfiguration
modify	/frr-routing:routing/control-plane-protocols/control-plane-protocol/frr-bgp:bgp/neighbors/neighbor/afi-safis/afi-safi/l2vpn-evpn/filter-config/rmap-import
destroy	/frr-routing:routing/control-plane-protocols/control-plane-protocol/frr-bgp:bgp/neighbors/neighbor/afi-safis/afi-safi/l2vpn-evpn/filter-config/rmap-import
modify	/frr-routing:routing/control-plane-protocols/control-plane-protocol/frr-bgp:bgp/neighbors/neighbor/afi-safis/afi-safi/l2vpn-evpn/filter-config/rmap-export
destroy	/frr-routing:routing/control-plane-protocols/control-plane-protocol/frr-bgp:bgp/neighbors/neighbor/afi-safis/afi-safi/l2vpn-evpn/filter-config/rmap-export
modify	/frr-routing:routing/control-plane-protocols/control-plane-protocol/frr-bgp:bgp/neighbors/neighbor/afi-safis/afi-safi/l2vpn-evpn/filter-config/plist-import
destroy	/frr-routing:routing/control-plane-protocols/control-plane-protocol/frr-bgp:bgp/neighbors/neighbor/afi-safis/afi-safi/l2vpn-evpn/filter-config/plist-import
modify	/frr-routing:routing/control-plane-protocols/control-plane-protocol/frr-bgp:bgp/neighbors/neighbor/afi-safis/afi-safi/l2vpn-evpn/filter-config/plist-export
destroy	/frr-routing:routing/control-plane-protocols/control-plane-protocol/frr-bgp:bgp/neighbors/neighbor/afi-safis/afi-safi/l2vpn-evpn/filter-config/plist-export
modify	/frr-routing:routing/control-plane-protocols/control-plane-protocol/frr-bgp:bgp/neighbors/neighbor/afi-safis/afi-safi/l2vpn-evpn/filter-config/access-list-import
destroy	/frr-routing:routing/control-plane-protocols/control-plane-protocol/frr-bgp:bgp/neighbors/neighbor/afi-safis/afi-safi/l2vpn-evpn/filter-config/access-list-import
modify	/frr-routing:routing/control-plane-protocols/control-plane-protocol/frr-bgp:bgp/neighbors/neighbor/afi-safis/afi-safi/l2vpn-evpn/filter-config/access-list-export
destroy	/frr-routing:routing/control-plane-protocols/control-plane-protocol/frr-bgp:bgp/neighbors/neighbor/afi-safis/afi-safi/l2vpn-evpn/filter-config/access-list-export
modify	/frr-routing:routing/control-plane-protocols/control-plane-protocol/frr-bgp:bgp/neighbors/neighbor/afi-safis/afi-safi/l2vpn-evpn/filter-config/as-path-filter-list-import
destroy	/frr-routing:routing/control-plane-protocols/control-plane-protocol/frr-bgp:bgp/neighbors/neighbor/afi-safis/afi-safi/l2vpn-evpn/filter-config/as-path-filter-list-import
modify	/frr-routing:routing/control-plane-protocols/control-plane-protocol/frr-bgp:bgp/neighbors/neighbor/afi-safis/afi-safi/l2vpn-evpn/filter-config/as-path-filter-list-export
destroy	/frr-routing:routing/control-plane-protocols/control-plane-protocol/frr-bgp:bgp/neighbors/neighbor/afi-safis/afi-safi/l2vpn-evpn/filter-config/as-path-filter-list-export
modify	/frr-routing:routing/control-plane-protocols/control-plane-protocol/frr-bgp:bgp/neighbors/neighbor/afi-safis/afi-safi/l2vpn-evpn/filter-config/unsuppress-map-import
destroy	/frr-routing:routing/control-plane-protocols/control-plane-protocol/frr-bgp:bgp/neighbors/neighbor/afi-safis/afi-safi/l2vpn-evpn/filter-config/unsuppress-map-import
modify	/frr-routing:routing/control-plane-protocols/control-plane-protocol/frr-bgp:bgp/neighbors/neighbor/afi-safis/afi-safi/l2vpn-evpn/filter-config/unsuppress-map-export
destroy	/frr-routing:routing/control-plane-protocols/control-plane-protocol/frr-bgp:bgp/neighbors/neighbor/afi-safis/afi-safi/l2vpn-evpn/filter-config/unsuppress-map-export
modify	/frr-routing:routing/control-plane-protocols/control-plane-protocol/frr-bgp:bgp/neighbors/neighbor/afi-safis/afi-safi/ipv4-multicast/add-paths/path-type
modify	/frr-routing:routing/control-plane-protocols/control-plane-protocol/frr-bgp:bgp/neighbors/neighbor/afi-safis/afi-safi/ipv4-multicast/as-path-options/allow-own-as
destroy	/frr-routing:routing/control-plane-protocols/control-plane-protocol/frr-bgp:bgp/neighbors/neighbor/afi-safis/afi-safi/ipv4-multicast/as-path-options/allow-own-as
modify	/frr-routing:routing/control-plane-protocols/control-plane-protocol/frr-bgp:bgp/neighbors/neighbor/afi-safis/afi-safi/ipv4-multicast/as-path-options/allow-own-origin-as
destroy	/frr-routing:routing/control-plane-protocols/control-plane-protocol/frr-bgp:bgp/neighbors/neighbor/afi-safis/afi-safi/ipv4-multicast/as-path-options/allow-own-origin-as
modify	/frr-routing:routing/control-plane-protocols/control-plane-protocol/frr-bgp:bgp/neighbors/neighbor/afi-safis/afi-safi/ipv4-multicast/as-path-options/replace-peer-as
modify	/frr-routing:routing/control-plane-protocols/control-plane-protocol/frr-bgp:bgp/neighbors/neighbor/afi-safis/afi-safi/ipv4-multicast/default-originate/originate
modify	/frr-routing:routing/control-plane-protocols/control-plane-protocol/frr-bgp:bgp/neighbors/neighbor/afi-safis/afi-safi/ipv4-multicast/default-originate/route-map
destroy	/frr-routing:routing/control-plane-protocols/control-plane-protocol/frr-bgp:bgp/neighbors/neighbor/afi-safis/afi-safi/ipv4-multicast/default-originate/route-map
modify	/frr-routing:routing/control-plane-protocols/control-plane-protocol/frr-bgp:bgp/neighbors/neighbor/afi-safis/afi-safi/ipv4-multicast/attr-unchanged/as-path-unchanged
modify	/frr-routing:routing/control-plane-protocols/control-plane-protocol/frr-bgp:bgp/neighbors/neighbor/afi-safis/afi-safi/ipv4-multicast/attr-unchanged/next-hop-unchanged
modify	/frr-routing:routing/control-plane-protocols/control-plane-protocol/frr-bgp:bgp/neighbors/neighbor/afi-safis/afi-safi/ipv4-multicast/attr-unchanged/med-unchanged
modify	/frr-routing:routing/control-plane-protocols/control-plane-protocol/frr-bgp:bgp/neighbors/neighbor/afi-safis/afi-safi/ipv4-multicast/orf-capability/orf-send
destroy	/frr-routing:routing/control-plane-protocols/control-plane-protocol/frr-bgp:bgp/neighbors/neighbor/afi-safis/afi-safi/ipv4-multicast/orf-capability/orf-send
modify	/frr-routing:routing/control-plane-protocols/control-plane-protocol/frr-bgp:bgp/neighbors/neighbor/afi-safis/afi-safi/ipv4-multicast/orf-capability/orf-receive
destroy	/frr-routing:routing/control-plane-protocols/control-plane-protocol/frr-bgp:bgp/neighbors/neighbor/afi-safis/afi-safi/ipv4-multicast/orf-capability/orf-receive
modify	/frr-routing:routing/control-plane-protocols/control-plane-protocol/frr-bgp:bgp/neighbors/neighbor/afi-safis/afi-safi/ipv4-multicast/orf-capability/orf-both
destroy	/frr-routing:routing/control-plane-protocols/control-plane-protocol/frr-bgp:bgp/neighbors/neighbor/afi-safis/afi-safi/ipv4-multicast/orf-capability/orf-both
create	/frr-routing:routing/control-plane-protocols/control-plane-protocol/frr-bgp:bgp/neighbors/neighbor/afi-safis/afi-safi/ipv4-multicast/prefix-limit/direction-list
destroy	/frr-routing:routing/control-plane-protocols/control-plane-protocol/frr-bgp:bgp/neighbors/neighbor/afi-safis/afi-safi/ipv4-multicast/prefix-limit/direction-list
get_next	/frr-routing:routing/control-plane-protocols/control-plane-protocol/frr-bgp:bgp/neighbors/neighbor/afi-safis/afi-safi/ipv4-multicast/prefix-limit/direction-list
get_keys	/frr-routing:routing/control-plane-protocols/control-plane-protocol/frr-bgp:bgp/neighbors/neighbor/afi-safis/afi-safi/ipv4-multicast/prefix-limit/direction-list
lookup_entry	/frr-routing:routing/control-plane-protocols/control-plane-protocol/frr-bgp:bgp/neighbors/neighbor/afi-safis/afi-safi/ipv4-multicast/prefix-limit/direction-list
modify	/frr-routing:routing/control-plane-protocols/control-plane-protocol/frr-bgp:bgp/neighbors/neighbor/afi-safis/afi-safi/ipv4-multicast/prefix-limit/direction-list/max-prefixes
modify	/frr-routing:routing/control-plane-protocols/control-plane-protocol/frr-bgp:bgp/neighbors/neighbor/afi-safis/afi-safi/ipv4-multicast/prefix-limit/direction-list/force-check
modify	/frr-routing:routing/control-plane-protocols/control-plane-protocol/frr-bgp:bgp/neighbors/neighbor/afi-safis/afi-safi/ipv4-multicast/prefix-limit/direction-list/options/warning-only
destroy	/frr-routing:routing/control-plane-protocols/control-plane-protocol/frr-bgp:bgp/neighbors/neighbor/afi-safis/afi-safi/ipv4-multicast/prefix-limit/direction-list/options/warning-only
modify	/frr-routing:routing/control-plane-protocols/control-plane-protocol/frr-bgp:bgp/neighbors/neighbor/afi-safis/afi-safi/ipv4-multicast/prefix-limit/direction-list/options/restart-timer
destroy	/frr-routing:routing/control-plane-protocols/control-plane-protocol/frr-bgp:bgp/neighbors/neighbor/afi-safis/afi-safi/ipv4-multicast/prefix-limit/direction-list/options/restart-timer
modify	/frr-routing:routing/control-plane-protocols/control-plane-protocol/frr-bgp:bgp/neighbors/neighbor/afi-safis/afi-safi/ipv4-multicast/prefix-limit/direction-list/options/shutdown-threshold-pct
destroy	/frr-routing:routing/control-plane-protocols/control-plane-protocol/frr-bgp:bgp/neighbors/neighbor/afi-safis/afi-safi/ipv4-multicast/prefix-limit/direction-list/options/shutdown-threshold-pct
modify	/frr-routing:routing/control-plane-protocols/control-plane-protocol/frr-bgp:bgp/neighbors/neighbor/afi-safis/afi-safi/ipv4-multicast/prefix-limit/direction-list/options/tr-shutdown-threshold-pct
destroy	/frr-routing:routing/control-plane-protocols/control-plane-protocol/frr-bgp:bgp/neighbors/neighbor/afi-safis/afi-safi/ipv4-multicast/prefix-limit/direction-list/options/tr-shutdown-threshold-pct
modify	/frr-routing:routing/control-plane-protocols/control-plane-protocol/frr-bgp:bgp/neighbors/neighbor/afi-safis/afi-safi/ipv4-multicast/prefix-limit/direction-list/options/tr-restart-timer
destroy	/frr-routing:routing/control-plane-protocols/control-plane-protocol/frr-bgp:bgp/neighbors/neighbor/afi-safis/afi-safi/ipv4-multicast/prefix-limit/direction-list/options/tr-restart-timer
modify	/frr-routing:routing/control-plane-protocols/control-plane-protocol/frr-bgp:bgp/neighbors/neighbor/afi-safis/afi-safi/ipv4-multicast/prefix-limit/direction-list/options/tw-shutdown-threshold-pct
destroy	/frr-routing:routing/control-plane-protocols/control-plane-protocol/frr-bgp:bgp/neighbors/neighbor/afi-safis/afi-safi/ipv4-multicast/prefix-limit/direction-list/options/tw-shutdown-threshold-pct
modify	/frr-routing:routing/control-plane-protocols/control-plane-protocol/frr-bgp:bgp/neighbors/neighbor/afi-safis/afi-safi/ipv4-multicast/prefix-limit/direction-list/options/tw-warning-only
destroy	/frr-routing:routing/control-plane-protocols/control-plane-protocol/frr-bgp:bgp/neighbors/neighbor/afi-safis/afi-safi/ipv4-multicast/prefix-limit/direction-list/options/tw-warning-only
modify	/frr-routing:routing/control-plane-protocols/control-plane-protocol/frr-bgp:bgp/neighbors/neighbor/afi-safis/afi-safi/ipv4-multicast/nexthop-self/next-hop-self
modify	/frr-routing:routing/control-plane-protocols/control-plane-protocol/frr-bgp:bgp/neighbors/neighbor/afi-safis/afi-safi/ipv4-multicast/nexthop-self/next-hop-self-force
modify	/frr-routing:routing/control-plane-protocols/control-plane-protocol/frr-bgp:bgp/neighbors/neighbor/afi-safis/afi-safi/ipv4-multicast/private-as/remove-private-as-all
modify	/frr-routing:routing/control-plane-protocols/control-plane-protocol/frr-bgp:bgp/neighbors/neighbor/afi-safis/afi-safi/ipv4-multicast/private-as/remove-private-as-all-replace
modify	/frr-routing:routing/control-plane-protocols/control-plane-protocol/frr-bgp:bgp/neighbors/neighbor/afi-safis/afi-safi/ipv4-multicast/private-as/remove-private-as
modify	/frr-routing:routing/control-plane-protocols/control-plane-protocol/frr-bgp:bgp/neighbors/neighbor/afi-safis/afi-safi/ipv4-multicast/private-as/remove-private-as-replace
modify	/frr-routing:routing/control-plane-protocols/control-plane-protocol/frr-bgp:bgp/neighbors/neighbor/afi-safis/afi-safi/ipv4-multicast/route-reflector/route-reflector-client
modify	/frr-routing:routing/control-plane-protocols/control-plane-protocol/frr-bgp:bgp/neighbors/neighbor/afi-safis/afi-safi/ipv4-multicast/route-server/route-server-client
modify	/frr-routing:routing/control-plane-protocols/control-plane-protocol/frr-bgp:bgp/neighbors/neighbor/afi-safis/afi-safi/ipv4-multicast/send-community/send-community
modify	/frr-routing:routing/control-plane-protocols/control-plane-protocol/frr-bgp:bgp/neighbors/neighbor/afi-safis/afi-safi/ipv4-multicast/send-community/send-ext-community
modify	/frr-routing:routing/control-plane-protocols/control-plane-protocol/frr-bgp:bgp/neighbors/neighbor/afi-safis/afi-safi/ipv4-multicast/send-community/send-large-community
modify	/frr-routing:routing/control-plane-protocols/control-plane-protocol/frr-bgp:bgp/neighbors/neighbor/afi-safis/afi-safi/ipv4-multicast/soft-reconfiguration
modify	/frr-routing:routing/control-plane-protocols/control-plane-protocol/frr-bgp:bgp/neighbors/neighbor/afi-safis/afi-safi/ipv4-multicast/weight/weight-attribute
destroy	/frr-routing:routing/control-plane-protocols/control-plane-protocol/frr-bgp:bgp/neighbors/neighbor/afi-safis/afi-safi/ipv4-multicast/weight/weight-attribute
modify	/frr-routing:routing/control-plane-protocols/control-plane-protocol/frr-bgp:bgp/neighbors/neighbor/afi-safis/afi-safi/ipv4-multicast/filter-config/rmap-import
destroy	/frr-routing:routing/control-plane-protocols/control-plane-protocol/frr-bgp:bgp/neighbors/neighbor/afi-safis/afi-safi/ipv4-multicast/filter-config/rmap-import
modify	/frr-routing:routing/control-plane-protocols/control-plane-protocol/frr-bgp:bgp/neighbors/neighbor/afi-safis/afi-safi/ipv4-multicast/filter-config/rmap-export
destroy	/frr-routing:routing/control-plane-protocols/control-plane-protocol/frr-bgp:bgp/neighbors/neighbor/afi-safis/afi-safi/ipv4-multicast/filter-config/rmap-export
modify	/frr-routing:routing/control-plane-protocols/control-plane-protocol/frr-bgp:bgp/neighbors/neighbor/afi-safis/afi-safi/ipv4-multicast/filter-config/plist-import
destroy	/frr-routing:routing/control-plane-protocols/control-plane-protocol/frr-bgp:bgp/neighbors/neighbor/afi-safis/afi-safi/ipv4-multicast/filter-config/plist-import
modify	/frr-routing:routing/control-plane-protocols/control-plane-protocol/frr-bgp:bgp/neighbors/neighbor/afi-safis/afi-safi/ipv4-multicast/filter-config/plist-export
destroy	/frr-routing:routing/control-plane-protocols/control-plane-protocol/frr-bgp:bgp/neighbors/neighbor/afi-safis/afi-safi/ipv4-multicast/filter-config/plist-export
modify	/frr-routing:routing/control-plane-protocols/control-plane-protocol/frr-bgp:bgp/neighbors/neighbor/afi-safis/afi-safi/ipv4-multicast/filter-config/access-list-import
destroy	/frr-routing:routing/control-plane-protocols/control-plane-protocol/frr-bgp:bgp/neighbors/neighbor/afi-safis/afi-safi/ipv4-multicast/filter-config/access-list-import
modify	/frr-routing:routing/control-plane-protocols/control-plane-protocol/frr-bgp:bgp/neighbors/neighbor/afi-safis/afi-safi/ipv4-multicast/filter-config/access-list-export
destroy	/frr-routing:routing/control-plane-protocols/control-plane-protocol/frr-bgp:bgp/neighbors/neighbor/afi-safis/afi-safi/ipv4-multicast/filter-config/access-list-export
modify	/frr-routing:routing/control-plane-protocols/control-plane-protocol/frr-bgp:bgp/neighbors/neighbor/afi-safis/afi-safi/ipv4-multicast/filter-config/as-path-filter-list-import
destroy	/frr-routing:routing/control-plane-protocols/control-plane-protocol/frr-bgp:bgp/neighbors/neighbor/afi-safis/afi-safi/ipv4-multicast/filter-config/as-path-filter-list-import
modify	/frr-routing:routing/control-plane-protocols/control-plane-protocol/frr-bgp:bgp/neighbors/neighbor/afi-safis/afi-safi/ipv4-multicast/filter-config/as-path-filter-list-export
destroy	/frr-routing:routing/control-plane-protocols/control-plane-protocol/frr-bgp:bgp/neighbors/neighbor/afi-safis/afi-safi/ipv4-multicast/filter-config/as-path-filter-list-export
modify	/frr-routing:routing/control-plane-protocols/control-plane-protocol/frr-bgp:bgp/neighbors/neighbor/afi-safis/afi-safi/ipv4-multicast/filter-config/unsuppress-map-import
destroy	/frr-routing:routing/control-plane-protocols/control-plane-protocol/frr-bgp:bgp/neighbors/neighbor/afi-safis/afi-safi/ipv4-multicast/filter-config/unsuppress-map-import
modify	/frr-routing:routing/control-plane-protocols/control-plane-protocol/frr-bgp:bgp/neighbors/neighbor/afi-safis/afi-safi/ipv4-multicast/filter-config/unsuppress-map-export
destroy	/frr-routing:routing/control-plane-protocols/control-plane-protocol/frr-bgp:bgp/neighbors/neighbor/afi-safis/afi-safi/ipv4-multicast/filter-config/unsuppress-map-export
modify	/frr-routing:routing/control-plane-protocols/control-plane-protocol/frr-bgp:bgp/neighbors/neighbor/afi-safis/afi-safi/ipv6-multicast/add-paths/path-type
modify	/frr-routing:routing/control-plane-protocols/control-plane-protocol/frr-bgp:bgp/neighbors/neighbor/afi-safis/afi-safi/ipv6-multicast/as-path-options/allow-own-as
destroy	/frr-routing:routing/control-plane-protocols/control-plane-protocol/frr-bgp:bgp/neighbors/neighbor/afi-safis/afi-safi/ipv6-multicast/as-path-options/allow-own-as
modify	/frr-routing:routing/control-plane-protocols/control-plane-protocol/frr-bgp:bgp/neighbors/neighbor/afi-safis/afi-safi/ipv6-multicast/as-path-options/allow-own-origin-as
destroy	/frr-routing:routing/control-plane-protocols/control-plane-protocol/frr-bgp:bgp/neighbors/neighbor/afi-safis/afi-safi/ipv6-multicast/as-path-options/allow-own-origin-as
modify	/frr-routing:routing/control-plane-protocols/control-plane-protocol/frr-bgp:bgp/neighbors/neighbor/afi-safis/afi-safi/ipv6-multicast/as-path-options/replace-peer-as
modify	/frr-routing:routing/control-plane-protocols/control-plane-protocol/frr-bgp:bgp/neighbors/neighbor/afi-safis/afi-safi/ipv6-multicast/default-originate/originate
modify	/frr-routing:routing/control-plane-protocols/control-plane-protocol/frr-bgp:bgp/neighbors/neighbor/afi-safis/afi-safi/ipv6-multicast/default-originate/route-map
destroy	/frr-routing:routing/control-plane-protocols/control-plane-protocol/frr-bgp:bgp/neighbors/neighbor/afi-safis/afi-safi/ipv6-multicast/default-originate/route-map
modify	/frr-routing:routing/control-plane-protocols/control-plane-protocol/frr-bgp:bgp/neighbors/neighbor/afi-safis/afi-safi/ipv6-multicast/attr-unchanged/as-path-unchanged
modify	/frr-routing:routing/control-plane-protocols/control-plane-protocol/frr-bgp:bgp/neighbors/neighbor/afi-safis/afi-safi/ipv6-multicast/attr-unchanged/next-hop-unchanged
modify	/frr-routing:routing/control-plane-protocols/control-plane-protocol/frr-bgp:bgp/neighbors/neighbor/afi-safis/afi-safi/ipv6-multicast/attr-unchanged/med-unchanged
modify	/frr-routing:routing/control-plane-protocols/control-plane-protocol/frr-bgp:bgp/neighbors/neighbor/afi-safis/afi-safi/ipv6-multicast/orf-capability/orf-send
destroy	/frr-routing:routing/control-plane-protocols/control-plane-protocol/frr-bgp:bgp/neighbors/neighbor/afi-safis/afi-safi/ipv6-multicast/orf-capability/orf-send
modify	/frr-routing:routing/control-plane-protocols/control-plane-protocol/frr-bgp:bgp/neighbors/neighbor/afi-safis/afi-safi/ipv6-multicast/orf-capability/orf-receive
destroy	/frr-routing:routing/control-plane-protocols/control-plane-protocol/frr-bgp:bgp/neighbors/neighbor/afi-safis/afi-safi/ipv6-multicast/orf-capability/orf-receive
modify	/frr-routing:routing/control-plane-protocols/control-plane-protocol/frr-bgp:bgp/neighbors/neighbor/afi-safis/afi-safi/ipv6-multicast/orf-capability/orf-both
destroy	/frr-routing:routing/control-plane-protocols/control-plane-protocol/frr-bgp:bgp/neighbors/neighbor/afi-safis/afi-safi/ipv6-multicast/orf-capability/orf-both
create	/frr-routing:routing/control-plane-protocols/control-plane-protocol/frr-bgp:bgp/neighbors/neighbor/afi-safis/afi-safi/ipv6-multicast/prefix-limit/direction-list
destroy	/frr-routing:routing/control-plane-protocols/control-plane-protocol/frr-bgp:bgp/neighbors/neighbor/afi-safis/afi-safi/ipv6-multicast/prefix-limit/direction-list
get_next	/frr-routing:routing/control-plane-protocols/control-plane-protocol/frr-bgp:bgp/neighbors/neighbor/afi-safis/afi-safi/ipv6-multicast/prefix-limit/direction-list
get_keys	/frr-routing:routing/control-plane-protocols/control-plane-protocol/frr-bgp:bgp/neighbors/neighbor/afi-safis/afi-safi/ipv6-multicast/prefix-limit/direction-list
lookup_entry	/frr-routing:routing/control-plane-protocols/control-plane-protocol/frr-bgp:bgp/neighbors/neighbor/afi-safis/afi-safi/ipv6-multicast/prefix-limit/direction-list
modify	/frr-routing:routing/control-plane-protocols/control-plane-protocol/frr-bgp:bgp/neighbors/neighbor/afi-safis/afi-safi/ipv6-multicast/prefix-limit/direction-list/max-prefixes
modify	/frr-routing:routing/control-plane-protocols/control-plane-protocol/frr-bgp:bgp/neighbors/neighbor/afi-safis/afi-safi/ipv6-multicast/prefix-limit/direction-list/force-check
modify	/frr-routing:routing/control-plane-protocols/control-plane-protocol/frr-bgp:bgp/neighbors/neighbor/afi-safis/afi-safi/ipv6-multicast/prefix-limit/direction-list/options/warning-only
destroy	/frr-routing:routing/control-plane-protocols/control-plane-protocol/frr-bgp:bgp/neighbors/neighbor/afi-safis/afi-safi/ipv6-multicast/prefix-limit/direction-list/options/warning-only
modify	/frr-routing:routing/control-plane-protocols/control-plane-protocol/frr-bgp:bgp/neighbors/neighbor/afi-safis/afi-safi/ipv6-multicast/prefix-limit/direction-list/options/restart-timer
destroy	/frr-routing:routing/control-plane-protocols/control-plane-protocol/frr-bgp:bgp/neighbors/neighbor/afi-safis/afi-safi/ipv6-multicast/prefix-limit/direction-list/options/restart-timer
modify	/frr-routing:routing/control-plane-protocols/control-plane-protocol/frr-bgp:bgp/neighbors/neighbor/afi-safis/afi-safi/ipv6-multicast/prefix-limit/direction-list/options/shutdown-threshold-pct
destroy	/frr-routing:routing/control-plane-protocols/control-plane-protocol/frr-bgp:bgp/neighbors/neighbor/afi-safis/afi-safi/ipv6-multicast/prefix-limit/direction-list/options/shutdown-threshold-pct
modify	/frr-routing:routing/control-plane-protocols/control-plane-protocol/frr-bgp:bgp/neighbors/neighbor/afi-safis/afi-safi/ipv6-multicast/prefix-limit/direction-list/options/tr-shutdown-threshold-pct
destroy	/frr-routing:routing/control-plane-protocols/control-plane-protocol/frr-bgp:bgp/neighbors/neighbor/afi-safis/afi-safi/ipv6-multicast/prefix-limit/direction-list/options/tr-shutdown-threshold-pct
modify	/frr-routing:routing/control-plane-protocols/control-plane-protocol/frr-bgp:bgp/neighbors/neighbor/afi-safis/afi-safi/ipv6-multicast/prefix-limit/direction-list/options/tr-restart-timer
destroy	/frr-routing:routing/control-plane-protocols/control-plane-protocol/frr-bgp:bgp/neighbors/neighbor/afi-safis/afi-safi/ipv6-multicast/prefix-limit/direction-list/options/tr-restart-timer
modify	/frr-routing:routing/control-plane-protocols/control-plane-protocol/frr-bgp:bgp/neighbors/neighbor/afi-safis/afi-safi/ipv6-multicast/prefix-limit/direction-list/options/tw-shutdown-threshold-pct
destroy	/frr-routing:routing/control-plane-protocols/control-plane-protocol/frr-bgp:bgp/neighbors/neighbor/afi-safis/afi-safi/ipv6-multicast/prefix-limit/direction-list/options/tw-shutdown-threshold-pct
modify	/frr-routing:routing/control-plane-protocols/control-plane-protocol/frr-bgp:bgp/neighbors/neighbor/afi-safis/afi-safi/ipv6-multicast/prefix-limit/direction-list/options/tw-warning-only
destroy	/frr-routing:routing/control-plane-protocols/control-plane-protocol/frr-bgp:bgp/neighbors/neighbor/afi-safis/afi-safi/ipv6-multicast/prefix-limit/direction-list/options/tw-warning-only
modify	/frr-routing:routing/control-plane-protocols/control-plane-protocol/frr-bgp:bgp/neighbors/neighbor/afi-safis/afi-safi/ipv6-multicast/nexthop-self/next-hop-self
modify	/frr-routing:routing/control-plane-protocols/control-plane-protocol/frr-bgp:bgp/neighbors/neighbor/afi-safis/afi-safi/ipv6-multicast/nexthop-self/next-hop-self-force
modify	/frr-routing:routing/control-plane-protocols/control-plane-protocol/frr-bgp:bgp/neighbors/neighbor/afi-safis/afi-safi/ipv6-multicast/private-as/remove-private-as-all
modify	/frr-routing:routing/control-plane-protocols/control-plane-protocol/frr-bgp:bgp/neighbors/neighbor/afi-safis/afi-safi/ipv6-multicast/private-as/remove-private-as-all-replace
modify	/frr-routing:routing/control-plane-protocols/control-plane-protocol/frr-bgp:bgp/neighbors/neighbor/afi-safis/afi-safi/ipv6-multicast/private-as/remove-private-as
modify	/frr-routing:routing/control-plane-protocols/control-plane-protocol/frr-bgp:bgp/neighbors/neighbor/afi-safis/afi-safi/ipv6-multicast/private-as/remove-private-as-replace
modify	/frr-routing:routing/control-plane-protocols/control-plane-protocol/frr-bgp:bgp/neighbors/neighbor/afi-safis/afi-safi/ipv6-multicast/route-reflector/route-reflector-client
modify	/frr-routing:routing/control-plane-protocols/control-plane-protocol/frr-bgp:bgp/neighbors/neighbor/afi-safis/afi-safi/ipv6-multicast/route-server/route-server-client
modify	/frr-routing:routing/control-plane-protocols/control-plane-protocol/frr-bgp:bgp/neighbors/neighbor/afi-safis/afi-safi/ipv6-multicast/send-community/send-community
modify	/frr-routing:routing/control-plane-protocols/control-plane-protocol/frr-bgp:bgp/neighbors/neighbor/afi-safis/afi-safi/ipv6-multicast/send-community/send-ext-community
modify	/frr-routing:routing/control-plane-protocols/control-plane-protocol/frr-bgp:bgp/neighbors/neighbor/afi-safis/afi-safi/ipv6-multicast/send-community/send-large-community
modify	/frr-routing:routing/control-plane-protocols/control-plane-protocol/frr-bgp:bgp/neighbors/neighbor/afi-safis/afi-safi/ipv6-multicast/soft-reconfiguration
modify	/frr-routing:routing/control-plane-protocols/control-plane-protocol/frr-bgp:bgp/neighbors/neighbor/afi-safis/afi-safi/ipv6-multicast/weight/weight-attribute
destroy	/frr-routing:routing/control-plane-protocols/control-plane-protocol/frr-bgp:bgp/neighbors/neighbor/afi-safis/afi-safi/ipv6-multicast/weight/weight-attribute
modify	/frr-routing:routing/control-plane-protocols/control-plane-protocol/frr-bgp:bgp/neighbors/neighbor/afi-safis/afi-safi/ipv6-multicast/filter-config/rmap-import
destroy	/frr-routing:routing/control-plane-protocols/control-plane-protocol/frr-bgp:bgp/neighbors/neighbor/afi-safis/afi-safi/ipv6-multicast/filter-config/rmap-import
modify	/frr-routing:routing/control-plane-protocols/control-plane-protocol/frr-bgp:bgp/neighbors/neighbor/afi-safis/afi-safi/ipv6-multicast/filter-config/rmap-export
destroy	/frr-routing:routing/control-plane-protocols/control-plane-protocol/frr-bgp:bgp/neighbors/neighbor/afi-safis/afi-safi/ipv6-multicast/filter-config/rmap-export
modify	/frr-routing:routing/control-plane-protocols/control-plane-protocol/frr-bgp:bgp/neighbors/neighbor/afi-safis/afi-safi/ipv6-multicast/filter-config/plist-import
destroy	/frr-routing:routing/control-plane-protocols/control-plane-protocol/frr-bgp:bgp/neighbors/neighbor/afi-safis/afi-safi/ipv6-multicast/filter-config/plist-import
modify	/frr-routing:routing/control-plane-protocols/control-plane-protocol/frr-bgp:bgp/neighbors/neighbor/afi-safis/afi-safi/ipv6-multicast/filter-config/plist-export
destroy	/frr-routing:routing/control-plane-protocols/control-plane-protocol/frr-bgp:bgp/neighbors/neighbor/afi-safis/afi-safi/ipv6-multicast/filter-config/plist-export
modify	/frr-routing:routing/control-plane-protocols/control-plane-protocol/frr-bgp:bgp/neighbors/neighbor/afi-safis/afi-safi/ipv6-multicast/filter-config/access-list-import
destroy	/frr-routing:routing/control-plane-protocols/control-plane-protocol/frr-bgp:bgp/neighbors/neighbor/afi-safis/afi-safi/ipv6-multicast/filter-config/access-list-import
modify	/frr-routing:routing/control-plane-protocols/control-plane-protocol/frr-bgp:bgp/neighbors/neighbor/afi-safis/afi-safi/ipv6-multicast/filter-config/access-list-export
destroy	/frr-routing:routing/control-plane-protocols/control-plane-protocol/frr-bgp:bgp/neighbors/neighbor/afi-safis/afi-safi/ipv6-multicast/filter-config/access-list-export
modify	/frr-routing:routing/control-plane-protocols/control-plane-protocol/frr-bgp:bgp/neighbors/neighbor/afi-safis/afi-safi/ipv6-multicast/filter-config/as-path-filter-list-import
destroy	/frr-routing:routing/control-plane-protocols/control-plane-protocol/frr-bgp:bgp/neighbors/neighbor/afi-safis/afi-safi/ipv6-multicast/filter-config/as-path-filter-list-import
modify	/frr-routing:routing/control-plane-protocols/control-plane-protocol/frr-bgp:bgp/neighbors/neighbor/afi-safis/afi-safi/ipv6-multicast/filter-config/as-path-filter-list-export
destroy	/frr-routing:routing/control-plane-protocols/control-plane-protocol/frr-bgp:bgp/neighbors/neighbor/afi-safis/afi-safi/ipv6-multicast/filter-config/as-path-filter-list-export
modify	/frr-routing:routing/control-plane-protocols/control-plane-protocol/frr-bgp:bgp/neighbors/neighbor/afi-safis/afi-safi/ipv6-multicast/filter-config/unsuppress-map-import
destroy	/frr-routing:routing/control-plane-protocols/control-plane-protocol/frr-bgp:bgp/neighbors/neighbor/afi-safis/afi-safi/ipv6-multicast/filter-config/unsuppress-map-import
modify	/frr-routing:routing/control-plane-protocols/control-plane-protocol/frr-bgp:bgp/neighbors/neighbor/afi-safis/afi-safi/ipv6-multicast/filter-config/unsuppress-map-export
destroy	/frr-routing:routing/control-plane-protocols/control-plane-protocol/frr-bgp:bgp/neighbors/neighbor/afi-safis/afi-safi/ipv6-multicast/filter-config/unsuppress-map-export
create	/frr-routing:routing/control-plane-protocols/control-plane-protocol/frr-bgp:bgp/neighbors/neighbor/afi-safis/afi-safi/ipv4-flowspec/local-install-interface
destroy	/frr-routing:routing/control-plane-protocols/control-plane-protocol/frr-bgp:bgp/neighbors/neighbor/afi-safis/afi-safi/ipv4-flowspec/local-install-interface
modify	/frr-routing:routing/control-plane-protocols/control-plane-protocol/frr-bgp:bgp/neighbors/neighbor/afi-safis/afi-safi/ipv4-flowspec/route-reflector/route-reflector-client
modify	/frr-routing:routing/control-plane-protocols/control-plane-protocol/frr-bgp:bgp/neighbors/neighbor/afi-safis/afi-safi/ipv4-flowspec/route-server/route-server-client
modify	/frr-routing:routing/control-plane-protocols/control-plane-protocol/frr-bgp:bgp/neighbors/neighbor/afi-safis/afi-safi/ipv4-flowspec/soft-reconfiguration
modify	/frr-routing:routing/control-plane-protocols/control-plane-protocol/frr-bgp:bgp/neighbors/neighbor/afi-safis/afi-safi/ipv4-flowspec/filter-config/rmap-import
destroy	/frr-routing:routing/control-plane-protocols/control-plane-protocol/frr-bgp:bgp/neighbors/neighbor/afi-safis/afi-safi/ipv4-flowspec/filter-config/rmap-import
modify	/frr-routing:routing/control-plane-protocols/control-plane-protocol/frr-bgp:bgp/neighbors/neighbor/afi-safis/afi-safi/ipv4-flowspec/filter-config/rmap-export
destroy	/frr-routing:routing/control-plane-protocols/control-plane-protocol/frr-bgp:bgp/neighbors/neighbor/afi-safis/afi-safi/ipv4-flowspec/filter-config/rmap-export
modify	/frr-routing:routing/control-plane-protocols/control-plane-protocol/frr-bgp:bgp/neighbors/neighbor/afi-safis/afi-safi/ipv4-flowspec/filter-config/plist-import
destroy	/frr-routing:routing/control-plane-protocols/control-plane-protocol/frr-bgp:bgp/neighbors/neighbor/afi-safis/afi-safi/ipv4-flowspec/filter-config/plist-import
modify	/frr-routing:routing/control-plane-protocols/control-plane-protocol/frr-bgp:bgp/neighbors/neighbor/afi-safis/afi-safi/ipv4-flowspec/filter-config/plist-export
destroy	/frr-routing:routing/control-plane-protocols/control-plane-protocol/frr-bgp:bgp/neighbors/neighbor/afi-safis/afi-safi/ipv4-flowspec/filter-config/plist-export
modify	/frr-routing:routing/control-plane-protocols/control-plane-protocol/frr-bgp:bgp/neighbors/neighbor/afi-safis/afi-safi/ipv4-flowspec/filter-config/access-list-import
destroy	/frr-routing:routing/control-plane-protocols/control-plane-protocol/frr-bgp:bgp/neighbors/neighbor/afi-safis/afi-safi/ipv4-flowspec/filter-config/access-list-import
modify	/frr-routing:routing/control-plane-protocols/control-plane-protocol/frr-bgp:bgp/neighbors/neighbor/afi-safis/afi-safi/ipv4-flowspec/filter-config/access-list-export
destroy	/frr-routing:routing/control-plane-protocols/control-plane-protocol/frr-bgp:bgp/neighbors/neighbor/afi-safis/afi-safi/ipv4-flowspec/filter-config/access-list-export
modify	/frr-routing:routing/control-plane-protocols/control-plane-protocol/frr-bgp:bgp/neighbors/neighbor/afi-safis/afi-safi/ipv4-flowspec/filter-config/as-path-filter-list-import
destroy	/frr-routing:routing/control-plane-protocols/control-plane-protocol/frr-bgp:bgp/neighbors/neighbor/afi-safis/afi-safi/ipv4-flowspec/filter-config/as-path-filter-list-import
modify	/frr-routing:routing/control-plane-protocols/control-plane-protocol/frr-bgp:bgp/neighbors/neighbor/afi-safis/afi-safi/ipv4-flowspec/filter-config/as-path-filter-list-export
destroy	/frr-routing:routing/control-plane-protocols/control-plane-protocol/frr-bgp:bgp/neighbors/neighbor/afi-safis/afi-safi/ipv4-flowspec/filter-config/as-path-filter-list-export
modify	/frr-routing:routing/control-plane-protocols/control-plane-protocol/frr-bgp:bgp/neighbors/neighbor/afi-safis/afi-safi/ipv4-flowspec/filter-config/unsuppress-map-import
destroy	/frr-routing:routing/control-plane-protocols/control-plane-protocol/frr-bgp:bgp/neighbors/neighbor/afi-safis/afi-safi/ipv4-flowspec/filter-config/unsuppress-map-import
modify	/frr-routing:routing/control-plane-protocols/control-plane-protocol/frr-bgp:bgp/neighbors/neighbor/afi-safis/afi-safi/ipv4-flowspec/filter-config/unsuppress-map-export
destroy	/frr-routing:routing/control-plane-protocols/control-plane-protocol/frr-bgp:bgp/neighbors/neighbor/afi-safis/afi-safi/ipv4-flowspec/filter-config/unsuppress-map-export
create	/frr-routing:routing/control-plane-protocols/control-plane-protocol/frr-bgp:bgp/neighbors/neighbor/afi-safis/afi-safi/ipv6-flowspec/local-install-interface
destroy	/frr-routing:routing/control-plane-protocols/control-plane-protocol/frr-bgp:bgp/neighbors/neighbor/afi-safis/afi-safi/ipv6-flowspec/local-install-interface
modify	/frr-routing:routing/control-plane-protocols/control-plane-protocol/frr-bgp:bgp/neighbors/neighbor/afi-safis/afi-safi/ipv6-flowspec/route-reflector/route-reflector-client
modify	/frr-routing:routing/control-plane-protocols/control-plane-protocol/frr-bgp:bgp/neighbors/neighbor/afi-safis/afi-safi/ipv6-flowspec/route-server/route-server-client
modify	/frr-routing:routing/control-plane-protocols/control-plane-protocol/frr-bgp:bgp/neighbors/neighbor/afi-safis/afi-safi/ipv6-flowspec/soft-reconfiguration
modify	/frr-routing:routing/control-plane-protocols/control-plane-protocol/frr-bgp:bgp/neighbors/neighbor/afi-safis/afi-safi/ipv6-flowspec/filter-config/rmap-import
destroy	/frr-routing:routing/control-plane-protocols/control-plane-protocol/frr-bgp:bgp/neighbors/neighbor/afi-safis/afi-safi/ipv6-flowspec/filter-config/rmap-import
modify	/frr-routing:routing/control-plane-protocols/control-plane-protocol/frr-bgp:bgp/neighbors/neighbor/afi-safis/afi-safi/ipv6-flowspec/filter-config/rmap-export
destroy	/frr-routing:routing/control-plane-protocols/control-plane-protocol/frr-bgp:bgp/neighbors/neighbor/afi-safis/afi-safi/ipv6-flowspec/filter-config/rmap-export
modify	/frr-routing:routing/control-plane-protocols/control-plane-protocol/frr-bgp:bgp/neighbors/neighbor/afi-safis/afi-safi/ipv6-flowspec/filter-config/plist-import
destroy	/frr-routing:routing/control-plane-protocols/control-plane-protocol/frr-bgp:bgp/neighbors/neighbor/afi-safis/afi-safi/ipv6-flowspec/filter-config/plist-import
modify	/frr-routing:routing/control-plane-protocols/control-plane-protocol/frr-bgp:bgp/neighbors/neighbor/afi-safis/afi-safi/ipv6-flowspec/filter-config/plist-export
destroy	/frr-routing:routing/control-plane-protocols/control-plane-protocol/frr-bgp:bgp/neighbors/neighbor/afi-safis/afi-safi/ipv6-flowspec/filter-config/plist-export
modify	/frr-routing:routing/control-plane-protocols/control-plane-protocol/frr-bgp:bgp/neighbors/neighbor/afi-safis/afi-safi/ipv6-flowspec/filter-config/access-list-import
destroy	/frr-routing:routing/control-plane-protocols/control-plane-protocol/frr-bgp:bgp/neighbors/neighbor/afi-safis/afi-safi/ipv6-flowspec/filter-config/access-list-import
modify	/frr-routing:routing/control-plane-protocols/control-plane-protocol/frr-bgp:bgp/neighbors/neighbor/afi-safis/afi-safi/ipv6-flowspec/filter-config/access-list-export
destroy	/frr-routing:routing/control-plane-protocols/control-plane-protocol/frr-bgp:bgp/neighbors/neighbor/afi-safis/afi-safi/ipv6-flowspec/filter-config/access-list-export
modify	/frr-routing:routing/control-plane-protocols/control-plane-protocol/frr-bgp:bgp/neighbors/neighbor/afi-safis/afi-safi/ipv6-flowspec/filter-config/as-path-filter-list-import
destroy	/frr-routing:routing/control-plane-protocols/control-plane-protocol/frr-bgp:bgp/neighbors/neighbor/afi-safis/afi-safi/ipv6-flowspec/filter-config/as-path-filter-list-import
modify	/frr-routing:routing/control-plane-protocols/control-plane-protocol/frr-bgp:bgp/neighbors/neighbor/afi-safis/afi-safi/ipv6-flowspec/filter-config/as-path-filter-list-export
destroy	/frr-routing:routing/control-plane-protocols/control-plane-protocol/frr-bgp:bgp/neighbors/neighbor/afi-safis/afi-safi/ipv6-flowspec/filter-config/as-path-filter-list-export
modify	/frr-routing:routing/control-plane-protocols/control-plane-protocol/frr-bgp:bgp/neighbors/neighbor/afi-safis/afi-safi/ipv6-flowspec/filter-config/unsuppress-map-import
destroy	/frr-routing:routing/control-plane-protocols/control-plane-protocol/frr-bgp:bgp/neighbors/neighbor/afi-safis/afi-safi/ipv6-flowspec/filter-config/unsuppress-map-import
modify	/frr-routing:routing/control-plane-protocols/control-plane-protocol/frr-bgp:bgp/neighbors/neighbor/afi-safis/afi-safi/ipv6-flowspec/filter-config/unsuppress-map-export
destroy	/frr-routing:routing/control-plane-protocols/control-plane-protocol/frr-bgp:bgp/neighbors/neighbor/afi-safis/afi-safi/ipv6-flowspec/filter-config/unsuppress-map-export
create	/frr-routing:routing/control-plane-protocols/control-plane-protocol/frr-bgp:bgp/neighbors/unnumbered-neighbor
destroy	/frr-routing:routing/control-plane-protocols/control-plane-protocol/frr-bgp:bgp/neighbors/unnumbered-neighbor
get_next	/frr-routing:routing/control-plane-protocols/control-plane-protocol/frr-bgp:bgp/neighbors/unnumbered-neighbor
get_keys	/frr-routing:routing/control-plane-protocols/control-plane-protocol/frr-bgp:bgp/neighbors/unnumbered-neighbor
lookup_entry	/frr-routing:routing/control-plane-protocols/control-plane-protocol/frr-bgp:bgp/neighbors/unnumbered-neighbor
modify	/frr-routing:routing/control-plane-protocols/control-plane-protocol/frr-bgp:bgp/neighbors/unnumbered-neighbor/v6only
modify	/frr-routing:routing/control-plane-protocols/control-plane-protocol/frr-bgp:bgp/neighbors/unnumbered-neighbor/peer-group
destroy	/frr-routing:routing/control-plane-protocols/control-plane-protocol/frr-bgp:bgp/neighbors/unnumbered-neighbor/peer-group
modify	/frr-routing:routing/control-plane-protocols/control-plane-protocol/frr-bgp:bgp/neighbors/unnumbered-neighbor/neighbor-remote-as/remote-as-type
destroy	/frr-routing:routing/control-plane-protocols/control-plane-protocol/frr-bgp:bgp/neighbors/unnumbered-neighbor/neighbor-remote-as/remote-as-type
modify	/frr-routing:routing/control-plane-protocols/control-plane-protocol/frr-bgp:bgp/neighbors/unnumbered-neighbor/neighbor-remote-as/remote-as
destroy	/frr-routing:routing/control-plane-protocols/control-plane-protocol/frr-bgp:bgp/neighbors/unnumbered-neighbor/neighbor-remote-as/remote-as
modify	/frr-routing:routing/control-plane-protocols/control-plane-protocol/frr-bgp:bgp/neighbors/unnumbered-neighbor/password
destroy	/frr-routing:routing/control-plane-protocols/control-plane-protocol/frr-bgp:bgp/neighbors/unnumbered-neighbor/password
modify	/frr-routing:routing/control-plane-protocols/control-plane-protocol/frr-bgp:bgp/neighbors/unnumbered-neighbor/ttl-security
destroy	/frr-routing:routing/control-plane-protocols/control-plane-protocol/frr-bgp:bgp/neighbors/unnumbered-neighbor/ttl-security
modify	/frr-routing:routing/control-plane-protocols/control-plane-protocol/frr-bgp:bgp/neighbors/unnumbered-neighbor/solo
modify	/frr-routing:routing/control-plane-protocols/control-plane-protocol/frr-bgp:bgp/neighbors/unnumbered-neighbor/enforce-first-as
modify	/frr-routing:routing/control-plane-protocols/control-plane-protocol/frr-bgp:bgp/neighbors/unnumbered-neighbor/description
destroy	/frr-routing:routing/control-plane-protocols/control-plane-protocol/frr-bgp:bgp/neighbors/unnumbered-neighbor/description
modify	/frr-routing:routing/control-plane-protocols/control-plane-protocol/frr-bgp:bgp/neighbors/unnumbered-neighbor/passive-mode
modify	/frr-routing:routing/control-plane-protocols/control-plane-protocol/frr-bgp:bgp/neighbors/unnumbered-neighbor/aigp
modify	/frr-routing:routing/control-plane-protocols/control-plane-protocol/frr-bgp:bgp/neighbors/unnumbered-neighbor/ip-transparent
modify	/frr-routing:routing/control-plane-protocols/control-plane-protocol/frr-bgp:bgp/neighbors/unnumbered-neighbor/extended-link-bandwidth
modify	/frr-routing:routing/control-plane-protocols/control-plane-protocol/frr-bgp:bgp/neighbors/unnumbered-neighbor/disable-link-bw-encoding-ieee
modify	/frr-routing:routing/control-plane-protocols/control-plane-protocol/frr-bgp:bgp/neighbors/unnumbered-neighbor/extended-optional-parameters
modify	/frr-routing:routing/control-plane-protocols/control-plane-protocol/frr-bgp:bgp/neighbors/unnumbered-neighbor/send-nexthop-characteristics
modify	/frr-routing:routing/control-plane-protocols/control-plane-protocol/frr-bgp:bgp/neighbors/unnumbered-neighbor/rpki-strict
modify	/frr-routing:routing/control-plane-protocols/control-plane-protocol/frr-bgp:bgp/neighbors/unnumbered-neighbor/capability-fqdn
modify	/frr-routing:routing/control-plane-protocols/control-plane-protocol/frr-bgp:bgp/neighbors/unnumbered-neighbor/capability-link-local
modify	/frr-routing:routing/control-plane-protocols/control-plane-protocol/frr-bgp:bgp/neighbors/unnumbered-neighbor/capability-software-version
modify	/frr-routing:routing/control-plane-protocols/control-plane-protocol/frr-bgp:bgp/neighbors/unnumbered-neighbor/capability-software-version-latest-encoding
modify	/frr-routing:routing/control-plane-protocols/control-plane-protocol/frr-bgp:bgp/neighbors/unnumbered-neighbor/as-loop-detection
modify	/frr-routing:routing/control-plane-protocols/control-plane-protocol/frr-bgp:bgp/neighbors/unnumbered-neighbor/oad
modify	/frr-routing:routing/control-plane-protocols/control-plane-protocol/frr-bgp:bgp/neighbors/unnumbered-neighbor/ls-local-link-id
destroy	/frr-routing:routing/control-plane-protocols/control-plane-protocol/frr-bgp:bgp/neighbors/unnumbered-neighbor/ls-local-link-id
modify	/frr-routing:routing/control-plane-protocols/control-plane-protocol/frr-bgp:bgp/neighbors/unnumbered-neighbor/ls-remote-link-id
destroy	/frr-routing:routing/control-plane-protocols/control-plane-protocol/frr-bgp:bgp/neighbors/unnumbered-neighbor/ls-remote-link-id
modify	/frr-routing:routing/control-plane-protocols/control-plane-protocol/frr-bgp:bgp/neighbors/unnumbered-neighbor/peer-graceful-shutdown
modify	/frr-routing:routing/control-plane-protocols/control-plane-protocol/frr-bgp:bgp/neighbors/unnumbered-neighbor/timers-delayopen
destroy	/frr-routing:routing/control-plane-protocols/control-plane-protocol/frr-bgp:bgp/neighbors/unnumbered-neighbor/timers-delayopen
modify	/frr-routing:routing/control-plane-protocols/control-plane-protocol/frr-bgp:bgp/neighbors/unnumbered-neighbor/shutdown-rtt/rtt
destroy	/frr-routing:routing/control-plane-protocols/control-plane-protocol/frr-bgp:bgp/neighbors/unnumbered-neighbor/shutdown-rtt/rtt
modify	/frr-routing:routing/control-plane-protocols/control-plane-protocol/frr-bgp:bgp/neighbors/unnumbered-neighbor/shutdown-rtt/count
destroy	/frr-routing:routing/control-plane-protocols/control-plane-protocol/frr-bgp:bgp/neighbors/unnumbered-neighbor/shutdown-rtt/count
modify	/frr-routing:routing/control-plane-protocols/control-plane-protocol/frr-bgp:bgp/neighbors/unnumbered-neighbor/tcp-mss
destroy	/frr-routing:routing/control-plane-protocols/control-plane-protocol/frr-bgp:bgp/neighbors/unnumbered-neighbor/tcp-mss
modify	/frr-routing:routing/control-plane-protocols/control-plane-protocol/frr-bgp:bgp/neighbors/unnumbered-neighbor/port
destroy	/frr-routing:routing/control-plane-protocols/control-plane-protocol/frr-bgp:bgp/neighbors/unnumbered-neighbor/port
modify	/frr-routing:routing/control-plane-protocols/control-plane-protocol/frr-bgp:bgp/neighbors/unnumbered-neighbor/local-role/role
destroy	/frr-routing:routing/control-plane-protocols/control-plane-protocol/frr-bgp:bgp/neighbors/unnumbered-neighbor/local-role/role
modify	/frr-routing:routing/control-plane-protocols/control-plane-protocol/frr-bgp:bgp/neighbors/unnumbered-neighbor/local-role/strict-mode
modify	/frr-routing:routing/control-plane-protocols/control-plane-protocol/frr-bgp:bgp/neighbors/unnumbered-neighbor/update-source/ip
destroy	/frr-routing:routing/control-plane-protocols/control-plane-protocol/frr-bgp:bgp/neighbors/unnumbered-neighbor/update-source/ip
modify	/frr-routing:routing/control-plane-protocols/control-plane-protocol/frr-bgp:bgp/neighbors/unnumbered-neighbor/update-source/interface
destroy	/frr-routing:routing/control-plane-protocols/control-plane-protocol/frr-bgp:bgp/neighbors/unnumbered-neighbor/update-source/interface
modify	/frr-routing:routing/control-plane-protocols/control-plane-protocol/frr-bgp:bgp/neighbors/unnumbered-neighbor/ebgp-multihop/enabled
destroy	/frr-routing:routing/control-plane-protocols/control-plane-protocol/frr-bgp:bgp/neighbors/unnumbered-neighbor/ebgp-multihop/enabled
modify	/frr-routing:routing/control-plane-protocols/control-plane-protocol/frr-bgp:bgp/neighbors/unnumbered-neighbor/ebgp-multihop/multihop-ttl
destroy	/frr-routing:routing/control-plane-protocols/control-plane-protocol/frr-bgp:bgp/neighbors/unnumbered-neighbor/ebgp-multihop/multihop-ttl
modify	/frr-routing:routing/control-plane-protocols/control-plane-protocol/frr-bgp:bgp/neighbors/unnumbered-neighbor/ebgp-multihop/disable-connected-check
modify	/frr-routing:routing/control-plane-protocols/control-plane-protocol/frr-bgp:bgp/neighbors/unnumbered-neighbor/local-as/local-as
destroy	/frr-routing:routing/control-plane-protocols/control-plane-protocol/frr-bgp:bgp/neighbors/unnumbered-neighbor/local-as/local-as
modify	/frr-routing:routing/control-plane-protocols/control-plane-protocol/frr-bgp:bgp/neighbors/unnumbered-neighbor/local-as/no-prepend
modify	/frr-routing:routing/control-plane-protocols/control-plane-protocol/frr-bgp:bgp/neighbors/unnumbered-neighbor/local-as/replace-as
modify	/frr-routing:routing/control-plane-protocols/control-plane-protocol/frr-bgp:bgp/neighbors/unnumbered-neighbor/local-as/dual-as
modify	/frr-routing:routing/control-plane-protocols/control-plane-protocol/frr-bgp:bgp/neighbors/unnumbered-neighbor/bfd-options/enable
modify	/frr-routing:routing/control-plane-protocols/control-plane-protocol/frr-bgp:bgp/neighbors/unnumbered-neighbor/bfd-options/detect-multiplier
destroy	/frr-routing:routing/control-plane-protocols/control-plane-protocol/frr-bgp:bgp/neighbors/unnumbered-neighbor/bfd-options/detect-multiplier
modify	/frr-routing:routing/control-plane-protocols/control-plane-protocol/frr-bgp:bgp/neighbors/unnumbered-neighbor/bfd-options/required-min-rx
destroy	/frr-routing:routing/control-plane-protocols/control-plane-protocol/frr-bgp:bgp/neighbors/unnumbered-neighbor/bfd-options/required-min-rx
modify	/frr-routing:routing/control-plane-protocols/control-plane-protocol/frr-bgp:bgp/neighbors/unnumbered-neighbor/bfd-options/desired-min-tx
destroy	/frr-routing:routing/control-plane-protocols/control-plane-protocol/frr-bgp:bgp/neighbors/unnumbered-neighbor/bfd-options/desired-min-tx
modify	/frr-routing:routing/control-plane-protocols/control-plane-protocol/frr-bgp:bgp/neighbors/unnumbered-neighbor/bfd-options/session-type
destroy	/frr-routing:routing/control-plane-protocols/control-plane-protocol/frr-bgp:bgp/neighbors/unnumbered-neighbor/bfd-options/session-type
modify	/frr-routing:routing/control-plane-protocols/control-plane-protocol/frr-bgp:bgp/neighbors/unnumbered-neighbor/bfd-options/check-cp-failure
destroy	/frr-routing:routing/control-plane-protocols/control-plane-protocol/frr-bgp:bgp/neighbors/unnumbered-neighbor/bfd-options/check-cp-failure
modify	/frr-routing:routing/control-plane-protocols/control-plane-protocol/frr-bgp:bgp/neighbors/unnumbered-neighbor/admin-shutdown/enable
destroy	/frr-routing:routing/control-plane-protocols/control-plane-protocol/frr-bgp:bgp/neighbors/unnumbered-neighbor/admin-shutdown/enable
modify	/frr-routing:routing/control-plane-protocols/control-plane-protocol/frr-bgp:bgp/neighbors/unnumbered-neighbor/admin-shutdown/message
destroy	/frr-routing:routing/control-plane-protocols/control-plane-protocol/frr-bgp:bgp/neighbors/unnumbered-neighbor/admin-shutdown/message
modify	/frr-routing:routing/control-plane-protocols/control-plane-protocol/frr-bgp:bgp/neighbors/unnumbered-neighbor/graceful-restart/enable
destroy	/frr-routing:routing/control-plane-protocols/control-plane-protocol/frr-bgp:bgp/neighbors/unnumbered-neighbor/graceful-restart/enable
modify	/frr-routing:routing/control-plane-protocols/control-plane-protocol/frr-bgp:bgp/neighbors/unnumbered-neighbor/graceful-restart/graceful-restart-helper
destroy	/frr-routing:routing/control-plane-protocols/control-plane-protocol/frr-bgp:bgp/neighbors/unnumbered-neighbor/graceful-restart/graceful-restart-helper
modify	/frr-routing:routing/control-plane-protocols/control-plane-protocol/frr-bgp:bgp/neighbors/unnumbered-neighbor/graceful-restart/graceful-restart-disable
destroy	/frr-routing:routing/control-plane-protocols/control-plane-protocol/frr-bgp:bgp/neighbors/unnumbered-neighbor/graceful-restart/graceful-restart-disable
modify	/frr-routing:routing/control-plane-protocols/control-plane-protocol/frr-bgp:bgp/neighbors/unnumbered-neighbor/timers/advertise-interval
destroy	/frr-routing:routing/control-plane-protocols/control-plane-protocol/frr-bgp:bgp/neighbors/unnumbered-neighbor/timers/advertise-interval
modify	/frr-routing:routing/control-plane-protocols/control-plane-protocol/frr-bgp:bgp/neighbors/unnumbered-neighbor/timers/connect-time
destroy	/frr-routing:routing/control-plane-protocols/control-plane-protocol/frr-bgp:bgp/neighbors/unnumbered-neighbor/timers/connect-time
modify	/frr-routing:routing/control-plane-protocols/control-plane-protocol/frr-bgp:bgp/neighbors/unnumbered-neighbor/timers/hold-time
modify	/frr-routing:routing/control-plane-protocols/control-plane-protocol/frr-bgp:bgp/neighbors/unnumbered-neighbor/timers/keepalive
create	/frr-routing:routing/control-plane-protocols/control-plane-protocol/frr-bgp:bgp/neighbors/unnumbered-neighbor/afi-safis/afi-safi
destroy	/frr-routing:routing/control-plane-protocols/control-plane-protocol/frr-bgp:bgp/neighbors/unnumbered-neighbor/afi-safis/afi-safi
get_next	/frr-routing:routing/control-plane-protocols/control-plane-protocol/frr-bgp:bgp/neighbors/unnumbered-neighbor/afi-safis/afi-safi
get_keys	/frr-routing:routing/control-plane-protocols/control-plane-protocol/frr-bgp:bgp/neighbors/unnumbered-neighbor/afi-safis/afi-safi
lookup_entry	/frr-routing:routing/control-plane-protocols/control-plane-protocol/frr-bgp:bgp/neighbors/unnumbered-neighbor/afi-safis/afi-safi
modify	/frr-routing:routing/control-plane-protocols/control-plane-protocol/frr-bgp:bgp/neighbors/unnumbered-neighbor/afi-safis/afi-safi/enabled
destroy	/frr-routing:routing/control-plane-protocols/control-plane-protocol/frr-bgp:bgp/neighbors/unnumbered-neighbor/afi-safis/afi-safi/enabled
modify	/frr-routing:routing/control-plane-protocols/control-plane-protocol/frr-bgp:bgp/neighbors/unnumbered-neighbor/afi-safis/afi-safi/soft-reconfiguration-inbound
modify	/frr-routing:routing/control-plane-protocols/control-plane-protocol/frr-bgp:bgp/neighbors/unnumbered-neighbor/afi-safis/afi-safi/as-override
modify	/frr-routing:routing/control-plane-protocols/control-plane-protocol/frr-bgp:bgp/neighbors/unnumbered-neighbor/afi-safis/afi-safi/route-reflector-client
modify	/frr-routing:routing/control-plane-protocols/control-plane-protocol/frr-bgp:bgp/neighbors/unnumbered-neighbor/afi-safis/afi-safi/route-server-client
modify	/frr-routing:routing/control-plane-protocols/control-plane-protocol/frr-bgp:bgp/neighbors/unnumbered-neighbor/afi-safis/afi-safi/next-hop-self
modify	/frr-routing:routing/control-plane-protocols/control-plane-protocol/frr-bgp:bgp/neighbors/unnumbered-neighbor/afi-safis/afi-safi/next-hop-self-force
modify	/frr-routing:routing/control-plane-protocols/control-plane-protocol/frr-bgp:bgp/neighbors/unnumbered-neighbor/afi-safis/afi-safi/remove-private-as
modify	/frr-routing:routing/control-plane-protocols/control-plane-protocol/frr-bgp:bgp/neighbors/unnumbered-neighbor/afi-safis/afi-safi/remove-private-as-all
modify	/frr-routing:routing/control-plane-protocols/control-plane-protocol/frr-bgp:bgp/neighbors/unnumbered-neighbor/afi-safis/afi-safi/remove-private-as-replace-as
modify	/frr-routing:routing/control-plane-protocols/control-plane-protocol/frr-bgp:bgp/neighbors/unnumbered-neighbor/afi-safis/afi-safi/remove-private-as-all-replace-as
modify	/frr-routing:routing/control-plane-protocols/control-plane-protocol/frr-bgp:bgp/neighbors/unnumbered-neighbor/afi-safis/afi-safi/nexthop-local-unchanged
modify	/frr-routing:routing/control-plane-protocols/control-plane-protocol/frr-bgp:bgp/neighbors/unnumbered-neighbor/afi-safis/afi-safi/send-community-standard
modify	/frr-routing:routing/control-plane-protocols/control-plane-protocol/frr-bgp:bgp/neighbors/unnumbered-neighbor/afi-safis/afi-safi/send-community-extended
modify	/frr-routing:routing/control-plane-protocols/control-plane-protocol/frr-bgp:bgp/neighbors/unnumbered-neighbor/afi-safis/afi-safi/send-community-large
modify	/frr-routing:routing/control-plane-protocols/control-plane-protocol/frr-bgp:bgp/neighbors/unnumbered-neighbor/afi-safis/afi-safi/weight
destroy	/frr-routing:routing/control-plane-protocols/control-plane-protocol/frr-bgp:bgp/neighbors/unnumbered-neighbor/afi-safis/afi-safi/weight
modify	/frr-routing:routing/control-plane-protocols/control-plane-protocol/frr-bgp:bgp/neighbors/unnumbered-neighbor/afi-safis/afi-safi/allowas-in
destroy	/frr-routing:routing/control-plane-protocols/control-plane-protocol/frr-bgp:bgp/neighbors/unnumbered-neighbor/afi-safis/afi-safi/allowas-in
modify	/frr-routing:routing/control-plane-protocols/control-plane-protocol/frr-bgp:bgp/neighbors/unnumbered-neighbor/afi-safis/afi-safi/graceful-shutdown
modify	/frr-routing:routing/control-plane-protocols/control-plane-protocol/frr-bgp:bgp/neighbors/unnumbered-neighbor/afi-safis/afi-safi/accept-own
modify	/frr-routing:routing/control-plane-protocols/control-plane-protocol/frr-bgp:bgp/neighbors/unnumbered-neighbor/afi-safis/afi-safi/disable-addpath-rx
modify	/frr-routing:routing/control-plane-protocols/control-plane-protocol/frr-bgp:bgp/neighbors/unnumbered-neighbor/afi-safis/afi-safi/addpath-tx-all-paths
modify	/frr-routing:routing/control-plane-protocols/control-plane-protocol/frr-bgp:bgp/neighbors/unnumbered-neighbor/afi-safis/afi-safi/addpath-tx-best-selected-paths
destroy	/frr-routing:routing/control-plane-protocols/control-plane-protocol/frr-bgp:bgp/neighbors/unnumbered-neighbor/afi-safis/afi-safi/addpath-tx-best-selected-paths
modify	/frr-routing:routing/control-plane-protocols/control-plane-protocol/frr-bgp:bgp/neighbors/unnumbered-neighbor/afi-safis/afi-safi/addpath-tx-bestpath-per-as
modify	/frr-routing:routing/control-plane-protocols/control-plane-protocol/frr-bgp:bgp/neighbors/unnumbered-neighbor/afi-safis/afi-safi/encapsulation-srv6
modify	/frr-routing:routing/control-plane-protocols/control-plane-protocol/frr-bgp:bgp/neighbors/unnumbered-neighbor/afi-safis/afi-safi/encapsulation-mpls
modify	/frr-routing:routing/control-plane-protocols/control-plane-protocol/frr-bgp:bgp/neighbors/unnumbered-neighbor/afi-safis/afi-safi/soo
destroy	/frr-routing:routing/control-plane-protocols/control-plane-protocol/frr-bgp:bgp/neighbors/unnumbered-neighbor/afi-safis/afi-safi/soo
modify	/frr-routing:routing/control-plane-protocols/control-plane-protocol/frr-bgp:bgp/neighbors/unnumbered-neighbor/afi-safis/afi-safi/attribute-unchanged-as-path
modify	/frr-routing:routing/control-plane-protocols/control-plane-protocol/frr-bgp:bgp/neighbors/unnumbered-neighbor/afi-safis/afi-safi/attribute-unchanged-next-hop
modify	/frr-routing:routing/control-plane-protocols/control-plane-protocol/frr-bgp:bgp/neighbors/unnumbered-neighbor/afi-safis/afi-safi/attribute-unchanged-med
modify	/frr-routing:routing/control-plane-protocols/control-plane-protocol/frr-bgp:bgp/neighbors/unnumbered-neighbor/afi-safis/afi-safi/ipv4-unicast/add-paths/path-type
modify	/frr-routing:routing/control-plane-protocols/control-plane-protocol/frr-bgp:bgp/neighbors/unnumbered-neighbor/afi-safis/afi-safi/ipv4-unicast/as-path-options/allow-own-as
destroy	/frr-routing:routing/control-plane-protocols/control-plane-protocol/frr-bgp:bgp/neighbors/unnumbered-neighbor/afi-safis/afi-safi/ipv4-unicast/as-path-options/allow-own-as
modify	/frr-routing:routing/control-plane-protocols/control-plane-protocol/frr-bgp:bgp/neighbors/unnumbered-neighbor/afi-safis/afi-safi/ipv4-unicast/as-path-options/allow-own-origin-as
destroy	/frr-routing:routing/control-plane-protocols/control-plane-protocol/frr-bgp:bgp/neighbors/unnumbered-neighbor/afi-safis/afi-safi/ipv4-unicast/as-path-options/allow-own-origin-as
modify	/frr-routing:routing/control-plane-protocols/control-plane-protocol/frr-bgp:bgp/neighbors/unnumbered-neighbor/afi-safis/afi-safi/ipv4-unicast/as-path-options/replace-peer-as
modify	/frr-routing:routing/control-plane-protocols/control-plane-protocol/frr-bgp:bgp/neighbors/unnumbered-neighbor/afi-safis/afi-safi/ipv4-unicast/default-originate/originate
modify	/frr-routing:routing/control-plane-protocols/control-plane-protocol/frr-bgp:bgp/neighbors/unnumbered-neighbor/afi-safis/afi-safi/ipv4-unicast/default-originate/route-map
destroy	/frr-routing:routing/control-plane-protocols/control-plane-protocol/frr-bgp:bgp/neighbors/unnumbered-neighbor/afi-safis/afi-safi/ipv4-unicast/default-originate/route-map
create	/frr-routing:routing/control-plane-protocols/control-plane-protocol/frr-bgp:bgp/neighbors/unnumbered-neighbor/afi-safis/afi-safi/ipv4-unicast/prefix-limit/direction-list
destroy	/frr-routing:routing/control-plane-protocols/control-plane-protocol/frr-bgp:bgp/neighbors/unnumbered-neighbor/afi-safis/afi-safi/ipv4-unicast/prefix-limit/direction-list
get_next	/frr-routing:routing/control-plane-protocols/control-plane-protocol/frr-bgp:bgp/neighbors/unnumbered-neighbor/afi-safis/afi-safi/ipv4-unicast/prefix-limit/direction-list
get_keys	/frr-routing:routing/control-plane-protocols/control-plane-protocol/frr-bgp:bgp/neighbors/unnumbered-neighbor/afi-safis/afi-safi/ipv4-unicast/prefix-limit/direction-list
lookup_entry	/frr-routing:routing/control-plane-protocols/control-plane-protocol/frr-bgp:bgp/neighbors/unnumbered-neighbor/afi-safis/afi-safi/ipv4-unicast/prefix-limit/direction-list
modify	/frr-routing:routing/control-plane-protocols/control-plane-protocol/frr-bgp:bgp/neighbors/unnumbered-neighbor/afi-safis/afi-safi/ipv4-unicast/prefix-limit/direction-list/max-prefixes
modify	/frr-routing:routing/control-plane-protocols/control-plane-protocol/frr-bgp:bgp/neighbors/unnumbered-neighbor/afi-safis/afi-safi/ipv4-unicast/prefix-limit/direction-list/force-check
modify	/frr-routing:routing/control-plane-protocols/control-plane-protocol/frr-bgp:bgp/neighbors/unnumbered-neighbor/afi-safis/afi-safi/ipv4-unicast/prefix-limit/direction-list/options/warning-only
destroy	/frr-routing:routing/control-plane-protocols/control-plane-protocol/frr-bgp:bgp/neighbors/unnumbered-neighbor/afi-safis/afi-safi/ipv4-unicast/prefix-limit/direction-list/options/warning-only
modify	/frr-routing:routing/control-plane-protocols/control-plane-protocol/frr-bgp:bgp/neighbors/unnumbered-neighbor/afi-safis/afi-safi/ipv4-unicast/prefix-limit/direction-list/options/restart-timer
destroy	/frr-routing:routing/control-plane-protocols/control-plane-protocol/frr-bgp:bgp/neighbors/unnumbered-neighbor/afi-safis/afi-safi/ipv4-unicast/prefix-limit/direction-list/options/restart-timer
modify	/frr-routing:routing/control-plane-protocols/control-plane-protocol/frr-bgp:bgp/neighbors/unnumbered-neighbor/afi-safis/afi-safi/ipv4-unicast/prefix-limit/direction-list/options/shutdown-threshold-pct
destroy	/frr-routing:routing/control-plane-protocols/control-plane-protocol/frr-bgp:bgp/neighbors/unnumbered-neighbor/afi-safis/afi-safi/ipv4-unicast/prefix-limit/direction-list/options/shutdown-threshold-pct
modify	/frr-routing:routing/control-plane-protocols/control-plane-protocol/frr-bgp:bgp/neighbors/unnumbered-neighbor/afi-safis/afi-safi/ipv4-unicast/prefix-limit/direction-list/options/tr-shutdown-threshold-pct
destroy	/frr-routing:routing/control-plane-protocols/control-plane-protocol/frr-bgp:bgp/neighbors/unnumbered-neighbor/afi-safis/afi-safi/ipv4-unicast/prefix-limit/direction-list/options/tr-shutdown-threshold-pct
modify	/frr-routing:routing/control-plane-protocols/control-plane-protocol/frr-bgp:bgp/neighbors/unnumbered-neighbor/afi-safis/afi-safi/ipv4-unicast/prefix-limit/direction-list/options/tr-restart-timer
destroy	/frr-routing:routing/control-plane-protocols/control-plane-protocol/frr-bgp:bgp/neighbors/unnumbered-neighbor/afi-safis/afi-safi/ipv4-unicast/prefix-limit/direction-list/options/tr-restart-timer
modify	/frr-routing:routing/control-plane-protocols/control-plane-protocol/frr-bgp:bgp/neighbors/unnumbered-neighbor/afi-safis/afi-safi/ipv4-unicast/prefix-limit/direction-list/options/tw-shutdown-threshold-pct
destroy	/frr-routing:routing/control-plane-protocols/control-plane-protocol/frr-bgp:bgp/neighbors/unnumbered-neighbor/afi-safis/afi-safi/ipv4-unicast/prefix-limit/direction-list/options/tw-shutdown-threshold-pct
modify	/frr-routing:routing/control-plane-protocols/control-plane-protocol/frr-bgp:bgp/neighbors/unnumbered-neighbor/afi-safis/afi-safi/ipv4-unicast/prefix-limit/direction-list/options/tw-warning-only
destroy	/frr-routing:routing/control-plane-protocols/control-plane-protocol/frr-bgp:bgp/neighbors/unnumbered-neighbor/afi-safis/afi-safi/ipv4-unicast/prefix-limit/direction-list/options/tw-warning-only
modify	/frr-routing:routing/control-plane-protocols/control-plane-protocol/frr-bgp:bgp/neighbors/unnumbered-neighbor/afi-safis/afi-safi/ipv4-unicast/nexthop-self/next-hop-self
modify	/frr-routing:routing/control-plane-protocols/control-plane-protocol/frr-bgp:bgp/neighbors/unnumbered-neighbor/afi-safis/afi-safi/ipv4-unicast/nexthop-self/next-hop-self-force
modify	/frr-routing:routing/control-plane-protocols/control-plane-protocol/frr-bgp:bgp/neighbors/unnumbered-neighbor/afi-safis/afi-safi/ipv4-unicast/private-as/remove-private-as-all
modify	/frr-routing:routing/control-plane-protocols/control-plane-protocol/frr-bgp:bgp/neighbors/unnumbered-neighbor/afi-safis/afi-safi/ipv4-unicast/private-as/remove-private-as-all-replace
modify	/frr-routing:routing/control-plane-protocols/control-plane-protocol/frr-bgp:bgp/neighbors/unnumbered-neighbor/afi-safis/afi-safi/ipv4-unicast/private-as/remove-private-as
modify	/frr-routing:routing/control-plane-protocols/control-plane-protocol/frr-bgp:bgp/neighbors/unnumbered-neighbor/afi-safis/afi-safi/ipv4-unicast/private-as/remove-private-as-replace
modify	/frr-routing:routing/control-plane-protocols/control-plane-protocol/frr-bgp:bgp/neighbors/unnumbered-neighbor/afi-safis/afi-safi/ipv4-unicast/weight/weight-attribute
destroy	/frr-routing:routing/control-plane-protocols/control-plane-protocol/frr-bgp:bgp/neighbors/unnumbered-neighbor/afi-safis/afi-safi/ipv4-unicast/weight/weight-attribute
modify	/frr-routing:routing/control-plane-protocols/control-plane-protocol/frr-bgp:bgp/neighbors/unnumbered-neighbor/afi-safis/afi-safi/ipv4-unicast/route-reflector/route-reflector-client
modify	/frr-routing:routing/control-plane-protocols/control-plane-protocol/frr-bgp:bgp/neighbors/unnumbered-neighbor/afi-safis/afi-safi/ipv4-unicast/route-server/route-server-client
modify	/frr-routing:routing/control-plane-protocols/control-plane-protocol/frr-bgp:bgp/neighbors/unnumbered-neighbor/afi-safis/afi-safi/ipv4-unicast/send-community/send-community
modify	/frr-routing:routing/control-plane-protocols/control-plane-protocol/frr-bgp:bgp/neighbors/unnumbered-neighbor/afi-safis/afi-safi/ipv4-unicast/send-community/send-ext-community
modify	/frr-routing:routing/control-plane-protocols/control-plane-protocol/frr-bgp:bgp/neighbors/unnumbered-neighbor/afi-safis/afi-safi/ipv4-unicast/send-community/send-large-community
modify	/frr-routing:routing/control-plane-protocols/control-plane-protocol/frr-bgp:bgp/neighbors/unnumbered-neighbor/afi-safis/afi-safi/ipv4-unicast/soft-reconfiguration
modify	/frr-routing:routing/control-plane-protocols/control-plane-protocol/frr-bgp:bgp/neighbors/unnumbered-neighbor/afi-safis/afi-safi/ipv4-unicast/attr-unchanged/as-path-unchanged
modify	/frr-routing:routing/control-plane-protocols/control-plane-protocol/frr-bgp:bgp/neighbors/unnumbered-neighbor/afi-safis/afi-safi/ipv4-unicast/attr-unchanged/next-hop-unchanged
modify	/frr-routing:routing/control-plane-protocols/control-plane-protocol/frr-bgp:bgp/neighbors/unnumbered-neighbor/afi-safis/afi-safi/ipv4-unicast/attr-unchanged/med-unchanged
modify	/frr-routing:routing/control-plane-protocols/control-plane-protocol/frr-bgp:bgp/neighbors/unnumbered-neighbor/afi-safis/afi-safi/ipv4-unicast/orf-capability/orf-send
destroy	/frr-routing:routing/control-plane-protocols/control-plane-protocol/frr-bgp:bgp/neighbors/unnumbered-neighbor/afi-safis/afi-safi/ipv4-unicast/orf-capability/orf-send
modify	/frr-routing:routing/control-plane-protocols/control-plane-protocol/frr-bgp:bgp/neighbors/unnumbered-neighbor/afi-safis/afi-safi/ipv4-unicast/orf-capability/orf-receive
destroy	/frr-routing:routing/control-plane-protocols/control-plane-protocol/frr-bgp:bgp/neighbors/unnumbered-neighbor/afi-safis/afi-safi/ipv4-unicast/orf-capability/orf-receive
modify	/frr-routing:routing/control-plane-protocols/control-plane-protocol/frr-bgp:bgp/neighbors/unnumbered-neighbor/afi-safis/afi-safi/ipv4-unicast/orf-capability/orf-both
destroy	/frr-routing:routing/control-plane-protocols/control-plane-protocol/frr-bgp:bgp/neighbors/unnumbered-neighbor/afi-safis/afi-safi/ipv4-unicast/orf-capability/orf-both
modify	/frr-routing:routing/control-plane-protocols/control-plane-protocol/frr-bgp:bgp/neighbors/unnumbered-neighbor/afi-safis/afi-safi/ipv4-unicast/filter-config/rmap-import
destroy	/frr-routing:routing/control-plane-protocols/control-plane-protocol/frr-bgp:bgp/neighbors/unnumbered-neighbor/afi-safis/afi-safi/ipv4-unicast/filter-config/rmap-import
modify	/frr-routing:routing/control-plane-protocols/control-plane-protocol/frr-bgp:bgp/neighbors/unnumbered-neighbor/afi-safis/afi-safi/ipv4-unicast/filter-config/rmap-export
destroy	/frr-routing:routing/control-plane-protocols/control-plane-protocol/frr-bgp:bgp/neighbors/unnumbered-neighbor/afi-safis/afi-safi/ipv4-unicast/filter-config/rmap-export
modify	/frr-routing:routing/control-plane-protocols/control-plane-protocol/frr-bgp:bgp/neighbors/unnumbered-neighbor/afi-safis/afi-safi/ipv4-unicast/filter-config/plist-import
destroy	/frr-routing:routing/control-plane-protocols/control-plane-protocol/frr-bgp:bgp/neighbors/unnumbered-neighbor/afi-safis/afi-safi/ipv4-unicast/filter-config/plist-import
modify	/frr-routing:routing/control-plane-protocols/control-plane-protocol/frr-bgp:bgp/neighbors/unnumbered-neighbor/afi-safis/afi-safi/ipv4-unicast/filter-config/plist-export
destroy	/frr-routing:routing/control-plane-protocols/control-plane-protocol/frr-bgp:bgp/neighbors/unnumbered-neighbor/afi-safis/afi-safi/ipv4-unicast/filter-config/plist-export
modify	/frr-routing:routing/control-plane-protocols/control-plane-protocol/frr-bgp:bgp/neighbors/unnumbered-neighbor/afi-safis/afi-safi/ipv4-unicast/filter-config/access-list-import
destroy	/frr-routing:routing/control-plane-protocols/control-plane-protocol/frr-bgp:bgp/neighbors/unnumbered-neighbor/afi-safis/afi-safi/ipv4-unicast/filter-config/access-list-import
modify	/frr-routing:routing/control-plane-protocols/control-plane-protocol/frr-bgp:bgp/neighbors/unnumbered-neighbor/afi-safis/afi-safi/ipv4-unicast/filter-config/access-list-export
destroy	/frr-routing:routing/control-plane-protocols/control-plane-protocol/frr-bgp:bgp/neighbors/unnumbered-neighbor/afi-safis/afi-safi/ipv4-unicast/filter-config/access-list-export
modify	/frr-routing:routing/control-plane-protocols/control-plane-protocol/frr-bgp:bgp/neighbors/unnumbered-neighbor/afi-safis/afi-safi/ipv4-unicast/filter-config/as-path-filter-list-import
destroy	/frr-routing:routing/control-plane-protocols/control-plane-protocol/frr-bgp:bgp/neighbors/unnumbered-neighbor/afi-safis/afi-safi/ipv4-unicast/filter-config/as-path-filter-list-import
modify	/frr-routing:routing/control-plane-protocols/control-plane-protocol/frr-bgp:bgp/neighbors/unnumbered-neighbor/afi-safis/afi-safi/ipv4-unicast/filter-config/as-path-filter-list-export
destroy	/frr-routing:routing/control-plane-protocols/control-plane-protocol/frr-bgp:bgp/neighbors/unnumbered-neighbor/afi-safis/afi-safi/ipv4-unicast/filter-config/as-path-filter-list-export
modify	/frr-routing:routing/control-plane-protocols/control-plane-protocol/frr-bgp:bgp/neighbors/unnumbered-neighbor/afi-safis/afi-safi/ipv4-unicast/filter-config/unsuppress-map-import
destroy	/frr-routing:routing/control-plane-protocols/control-plane-protocol/frr-bgp:bgp/neighbors/unnumbered-neighbor/afi-safis/afi-safi/ipv4-unicast/filter-config/unsuppress-map-import
modify	/frr-routing:routing/control-plane-protocols/control-plane-protocol/frr-bgp:bgp/neighbors/unnumbered-neighbor/afi-safis/afi-safi/ipv4-unicast/filter-config/unsuppress-map-export
destroy	/frr-routing:routing/control-plane-protocols/control-plane-protocol/frr-bgp:bgp/neighbors/unnumbered-neighbor/afi-safis/afi-safi/ipv4-unicast/filter-config/unsuppress-map-export
modify	/frr-routing:routing/control-plane-protocols/control-plane-protocol/frr-bgp:bgp/neighbors/unnumbered-neighbor/afi-safis/afi-safi/ipv6-unicast/nexthop-local-unchanged
modify	/frr-routing:routing/control-plane-protocols/control-plane-protocol/frr-bgp:bgp/neighbors/unnumbered-neighbor/afi-safis/afi-safi/ipv6-unicast/add-paths/path-type
modify	/frr-routing:routing/control-plane-protocols/control-plane-protocol/frr-bgp:bgp/neighbors/unnumbered-neighbor/afi-safis/afi-safi/ipv6-unicast/as-path-options/allow-own-as
destroy	/frr-routing:routing/control-plane-protocols/control-plane-protocol/frr-bgp:bgp/neighbors/unnumbered-neighbor/afi-safis/afi-safi/ipv6-unicast/as-path-options/allow-own-as
modify	/frr-routing:routing/control-plane-protocols/control-plane-protocol/frr-bgp:bgp/neighbors/unnumbered-neighbor/afi-safis/afi-safi/ipv6-unicast/as-path-options/allow-own-origin-as
destroy	/frr-routing:routing/control-plane-protocols/control-plane-protocol/frr-bgp:bgp/neighbors/unnumbered-neighbor/afi-safis/afi-safi/ipv6-unicast/as-path-options/allow-own-origin-as
modify	/frr-routing:routing/control-plane-protocols/control-plane-protocol/frr-bgp:bgp/neighbors/unnumbered-neighbor/afi-safis/afi-safi/ipv6-unicast/as-path-options/replace-peer-as
modify	/frr-routing:routing/control-plane-protocols/control-plane-protocol/frr-bgp:bgp/neighbors/unnumbered-neighbor/afi-safis/afi-safi/ipv6-unicast/default-originate/originate
modify	/frr-routing:routing/control-plane-protocols/control-plane-protocol/frr-bgp:bgp/neighbors/unnumbered-neighbor/afi-safis/afi-safi/ipv6-unicast/default-originate/route-map
destroy	/frr-routing:routing/control-plane-protocols/control-plane-protocol/frr-bgp:bgp/neighbors/unnumbered-neighbor/afi-safis/afi-safi/ipv6-unicast/default-originate/route-map
modify	/frr-routing:routing/control-plane-protocols/control-plane-protocol/frr-bgp:bgp/neighbors/unnumbered-neighbor/afi-safis/afi-safi/ipv6-unicast/attr-unchanged/as-path-unchanged
modify	/frr-routing:routing/control-plane-protocols/control-plane-protocol/frr-bgp:bgp/neighbors/unnumbered-neighbor/afi-safis/afi-safi/ipv6-unicast/attr-unchanged/next-hop-unchanged
modify	/frr-routing:routing/control-plane-protocols/control-plane-protocol/frr-bgp:bgp/neighbors/unnumbered-neighbor/afi-safis/afi-safi/ipv6-unicast/attr-unchanged/med-unchanged
modify	/frr-routing:routing/control-plane-protocols/control-plane-protocol/frr-bgp:bgp/neighbors/unnumbered-neighbor/afi-safis/afi-safi/ipv6-unicast/orf-capability/orf-send
destroy	/frr-routing:routing/control-plane-protocols/control-plane-protocol/frr-bgp:bgp/neighbors/unnumbered-neighbor/afi-safis/afi-safi/ipv6-unicast/orf-capability/orf-send
modify	/frr-routing:routing/control-plane-protocols/control-plane-protocol/frr-bgp:bgp/neighbors/unnumbered-neighbor/afi-safis/afi-safi/ipv6-unicast/orf-capability/orf-receive
destroy	/frr-routing:routing/control-plane-protocols/control-plane-protocol/frr-bgp:bgp/neighbors/unnumbered-neighbor/afi-safis/afi-safi/ipv6-unicast/orf-capability/orf-receive
modify	/frr-routing:routing/control-plane-protocols/control-plane-protocol/frr-bgp:bgp/neighbors/unnumbered-neighbor/afi-safis/afi-safi/ipv6-unicast/orf-capability/orf-both
destroy	/frr-routing:routing/control-plane-protocols/control-plane-protocol/frr-bgp:bgp/neighbors/unnumbered-neighbor/afi-safis/afi-safi/ipv6-unicast/orf-capability/orf-both
create	/frr-routing:routing/control-plane-protocols/control-plane-protocol/frr-bgp:bgp/neighbors/unnumbered-neighbor/afi-safis/afi-safi/ipv6-unicast/prefix-limit/direction-list
destroy	/frr-routing:routing/control-plane-protocols/control-plane-protocol/frr-bgp:bgp/neighbors/unnumbered-neighbor/afi-safis/afi-safi/ipv6-unicast/prefix-limit/direction-list
get_next	/frr-routing:routing/control-plane-protocols/control-plane-protocol/frr-bgp:bgp/neighbors/unnumbered-neighbor/afi-safis/afi-safi/ipv6-unicast/prefix-limit/direction-list
get_keys	/frr-routing:routing/control-plane-protocols/control-plane-protocol/frr-bgp:bgp/neighbors/unnumbered-neighbor/afi-safis/afi-safi/ipv6-unicast/prefix-limit/direction-list
lookup_entry	/frr-routing:routing/control-plane-protocols/control-plane-protocol/frr-bgp:bgp/neighbors/unnumbered-neighbor/afi-safis/afi-safi/ipv6-unicast/prefix-limit/direction-list
modify	/frr-routing:routing/control-plane-protocols/control-plane-protocol/frr-bgp:bgp/neighbors/unnumbered-neighbor/afi-safis/afi-safi/ipv6-unicast/prefix-limit/direction-list/max-prefixes
modify	/frr-routing:routing/control-plane-protocols/control-plane-protocol/frr-bgp:bgp/neighbors/unnumbered-neighbor/afi-safis/afi-safi/ipv6-unicast/prefix-limit/direction-list/force-check
modify	/frr-routing:routing/control-plane-protocols/control-plane-protocol/frr-bgp:bgp/neighbors/unnumbered-neighbor/afi-safis/afi-safi/ipv6-unicast/prefix-limit/direction-list/options/warning-only
destroy	/frr-routing:routing/control-plane-protocols/control-plane-protocol/frr-bgp:bgp/neighbors/unnumbered-neighbor/afi-safis/afi-safi/ipv6-unicast/prefix-limit/direction-list/options/warning-only
modify	/frr-routing:routing/control-plane-protocols/control-plane-protocol/frr-bgp:bgp/neighbors/unnumbered-neighbor/afi-safis/afi-safi/ipv6-unicast/prefix-limit/direction-list/options/restart-timer
destroy	/frr-routing:routing/control-plane-protocols/control-plane-protocol/frr-bgp:bgp/neighbors/unnumbered-neighbor/afi-safis/afi-safi/ipv6-unicast/prefix-limit/direction-list/options/restart-timer
modify	/frr-routing:routing/control-plane-protocols/control-plane-protocol/frr-bgp:bgp/neighbors/unnumbered-neighbor/afi-safis/afi-safi/ipv6-unicast/prefix-limit/direction-list/options/shutdown-threshold-pct
destroy	/frr-routing:routing/control-plane-protocols/control-plane-protocol/frr-bgp:bgp/neighbors/unnumbered-neighbor/afi-safis/afi-safi/ipv6-unicast/prefix-limit/direction-list/options/shutdown-threshold-pct
modify	/frr-routing:routing/control-plane-protocols/control-plane-protocol/frr-bgp:bgp/neighbors/unnumbered-neighbor/afi-safis/afi-safi/ipv6-unicast/prefix-limit/direction-list/options/tr-shutdown-threshold-pct
destroy	/frr-routing:routing/control-plane-protocols/control-plane-protocol/frr-bgp:bgp/neighbors/unnumbered-neighbor/afi-safis/afi-safi/ipv6-unicast/prefix-limit/direction-list/options/tr-shutdown-threshold-pct
modify	/frr-routing:routing/control-plane-protocols/control-plane-protocol/frr-bgp:bgp/neighbors/unnumbered-neighbor/afi-safis/afi-safi/ipv6-unicast/prefix-limit/direction-list/options/tr-restart-timer
destroy	/frr-routing:routing/control-plane-protocols/control-plane-protocol/frr-bgp:bgp/neighbors/unnumbered-neighbor/afi-safis/afi-safi/ipv6-unicast/prefix-limit/direction-list/options/tr-restart-timer
modify	/frr-routing:routing/control-plane-protocols/control-plane-protocol/frr-bgp:bgp/neighbors/unnumbered-neighbor/afi-safis/afi-safi/ipv6-unicast/prefix-limit/direction-list/options/tw-shutdown-threshold-pct
destroy	/frr-routing:routing/control-plane-protocols/control-plane-protocol/frr-bgp:bgp/neighbors/unnumbered-neighbor/afi-safis/afi-safi/ipv6-unicast/prefix-limit/direction-list/options/tw-shutdown-threshold-pct
modify	/frr-routing:routing/control-plane-protocols/control-plane-protocol/frr-bgp:bgp/neighbors/unnumbered-neighbor/afi-safis/afi-safi/ipv6-unicast/prefix-limit/direction-list/options/tw-warning-only
destroy	/frr-routing:routing/control-plane-protocols/control-plane-protocol/frr-bgp:bgp/neighbors/unnumbered-neighbor/afi-safis/afi-safi/ipv6-unicast/prefix-limit/direction-list/options/tw-warning-only
modify	/frr-routing:routing/control-plane-protocols/control-plane-protocol/frr-bgp:bgp/neighbors/unnumbered-neighbor/afi-safis/afi-safi/ipv6-unicast/nexthop-self/next-hop-self
modify	/frr-routing:routing/control-plane-protocols/control-plane-protocol/frr-bgp:bgp/neighbors/unnumbered-neighbor/afi-safis/afi-safi/ipv6-unicast/nexthop-self/next-hop-self-force
modify	/frr-routing:routing/control-plane-protocols/control-plane-protocol/frr-bgp:bgp/neighbors/unnumbered-neighbor/afi-safis/afi-safi/ipv6-unicast/private-as/remove-private-as-all
modify	/frr-routing:routing/control-plane-protocols/control-plane-protocol/frr-bgp:bgp/neighbors/unnumbered-neighbor/afi-safis/afi-safi/ipv6-unicast/private-as/remove-private-as-all-replace
modify	/frr-routing:routing/control-plane-protocols/control-plane-protocol/frr-bgp:bgp/neighbors/unnumbered-neighbor/afi-safis/afi-safi/ipv6-unicast/private-as/remove-private-as
modify	/frr-routing:routing/control-plane-protocols/control-plane-protocol/frr-bgp:bgp/neighbors/unnumbered-neighbor/afi-safis/afi-safi/ipv6-unicast/private-as/remove-private-as-replace
modify	/frr-routing:routing/control-plane-protocols/control-plane-protocol/frr-bgp:bgp/neighbors/unnumbered-neighbor/afi-safis/afi-safi/ipv6-unicast/route-reflector/route-reflector-client
modify	/frr-routing:routing/control-plane-protocols/control-plane-protocol/frr-bgp:bgp/neighbors/unnumbered-neighbor/afi-safis/afi-safi/ipv6-unicast/route-server/route-server-client
modify	/frr-routing:routing/control-plane-protocols/control-plane-protocol/frr-bgp:bgp/neighbors/unnumbered-neighbor/afi-safis/afi-safi/ipv6-unicast/send-community/send-community
modify	/frr-routing:routing/control-plane-protocols/control-plane-protocol/frr-bgp:bgp/neighbors/unnumbered-neighbor/afi-safis/afi-safi/ipv6-unicast/send-community/send-ext-community
modify	/frr-routing:routing/control-plane-protocols/control-plane-protocol/frr-bgp:bgp/neighbors/unnumbered-neighbor/afi-safis/afi-safi/ipv6-unicast/send-community/send-large-community
modify	/frr-routing:routing/control-plane-protocols/control-plane-protocol/frr-bgp:bgp/neighbors/unnumbered-neighbor/afi-safis/afi-safi/ipv6-unicast/soft-reconfiguration
modify	/frr-routing:routing/control-plane-protocols/control-plane-protocol/frr-bgp:bgp/neighbors/unnumbered-neighbor/afi-safis/afi-safi/ipv6-unicast/weight/weight-attribute
destroy	/frr-routing:routing/control-plane-protocols/control-plane-protocol/frr-bgp:bgp/neighbors/unnumbered-neighbor/afi-safis/afi-safi/ipv6-unicast/weight/weight-attribute
modify	/frr-routing:routing/control-plane-protocols/control-plane-protocol/frr-bgp:bgp/neighbors/unnumbered-neighbor/afi-safis/afi-safi/ipv6-unicast/filter-config/rmap-import
destroy	/frr-routing:routing/control-plane-protocols/control-plane-protocol/frr-bgp:bgp/neighbors/unnumbered-neighbor/afi-safis/afi-safi/ipv6-unicast/filter-config/rmap-import
modify	/frr-routing:routing/control-plane-protocols/control-plane-protocol/frr-bgp:bgp/neighbors/unnumbered-neighbor/afi-safis/afi-safi/ipv6-unicast/filter-config/rmap-export
destroy	/frr-routing:routing/control-plane-protocols/control-plane-protocol/frr-bgp:bgp/neighbors/unnumbered-neighbor/afi-safis/afi-safi/ipv6-unicast/filter-config/rmap-export
modify	/frr-routing:routing/control-plane-protocols/control-plane-protocol/frr-bgp:bgp/neighbors/unnumbered-neighbor/afi-safis/afi-safi/ipv6-unicast/filter-config/plist-import
destroy	/frr-routing:routing/control-plane-protocols/control-plane-protocol/frr-bgp:bgp/neighbors/unnumbered-neighbor/afi-safis/afi-safi/ipv6-unicast/filter-config/plist-import
modify	/frr-routing:routing/control-plane-protocols/control-plane-protocol/frr-bgp:bgp/neighbors/unnumbered-neighbor/afi-safis/afi-safi/ipv6-unicast/filter-config/plist-export
destroy	/frr-routing:routing/control-plane-protocols/control-plane-protocol/frr-bgp:bgp/neighbors/unnumbered-neighbor/afi-safis/afi-safi/ipv6-unicast/filter-config/plist-export
modify	/frr-routing:routing/control-plane-protocols/control-plane-protocol/frr-bgp:bgp/neighbors/unnumbered-neighbor/afi-safis/afi-safi/ipv6-unicast/filter-config/access-list-import
destroy	/frr-routing:routing/control-plane-protocols/control-plane-protocol/frr-bgp:bgp/neighbors/unnumbered-neighbor/afi-safis/afi-safi/ipv6-unicast/filter-config/access-list-import
modify	/frr-routing:routing/control-plane-protocols/control-plane-protocol/frr-bgp:bgp/neighbors/unnumbered-neighbor/afi-safis/afi-safi/ipv6-unicast/filter-config/access-list-export
destroy	/frr-routing:routing/control-plane-protocols/control-plane-protocol/frr-bgp:bgp/neighbors/unnumbered-neighbor/afi-safis/afi-safi/ipv6-unicast/filter-config/access-list-export
modify	/frr-routing:routing/control-plane-protocols/control-plane-protocol/frr-bgp:bgp/neighbors/unnumbered-neighbor/afi-safis/afi-safi/ipv6-unicast/filter-config/as-path-filter-list-import
destroy	/frr-routing:routing/control-plane-protocols/control-plane-protocol/frr-bgp:bgp/neighbors/unnumbered-neighbor/afi-safis/afi-safi/ipv6-unicast/filter-config/as-path-filter-list-import
modify	/frr-routing:routing/control-plane-protocols/control-plane-protocol/frr-bgp:bgp/neighbors/unnumbered-neighbor/afi-safis/afi-safi/ipv6-unicast/filter-config/as-path-filter-list-export
destroy	/frr-routing:routing/control-plane-protocols/control-plane-protocol/frr-bgp:bgp/neighbors/unnumbered-neighbor/afi-safis/afi-safi/ipv6-unicast/filter-config/as-path-filter-list-export
modify	/frr-routing:routing/control-plane-protocols/control-plane-protocol/frr-bgp:bgp/neighbors/unnumbered-neighbor/afi-safis/afi-safi/ipv6-unicast/filter-config/unsuppress-map-import
destroy	/frr-routing:routing/control-plane-protocols/control-plane-protocol/frr-bgp:bgp/neighbors/unnumbered-neighbor/afi-safis/afi-safi/ipv6-unicast/filter-config/unsuppress-map-import
modify	/frr-routing:routing/control-plane-protocols/control-plane-protocol/frr-bgp:bgp/neighbors/unnumbered-neighbor/afi-safis/afi-safi/ipv6-unicast/filter-config/unsuppress-map-export
destroy	/frr-routing:routing/control-plane-protocols/control-plane-protocol/frr-bgp:bgp/neighbors/unnumbered-neighbor/afi-safis/afi-safi/ipv6-unicast/filter-config/unsuppress-map-export
modify	/frr-routing:routing/control-plane-protocols/control-plane-protocol/frr-bgp:bgp/neighbors/unnumbered-neighbor/afi-safis/afi-safi/ipv4-labeled-unicast/add-paths/path-type
modify	/frr-routing:routing/control-plane-protocols/control-plane-protocol/frr-bgp:bgp/neighbors/unnumbered-neighbor/afi-safis/afi-safi/ipv4-labeled-unicast/as-path-options/allow-own-as
destroy	/frr-routing:routing/control-plane-protocols/control-plane-protocol/frr-bgp:bgp/neighbors/unnumbered-neighbor/afi-safis/afi-safi/ipv4-labeled-unicast/as-path-options/allow-own-as
modify	/frr-routing:routing/control-plane-protocols/control-plane-protocol/frr-bgp:bgp/neighbors/unnumbered-neighbor/afi-safis/afi-safi/ipv4-labeled-unicast/as-path-options/allow-own-origin-as
destroy	/frr-routing:routing/control-plane-protocols/control-plane-protocol/frr-bgp:bgp/neighbors/unnumbered-neighbor/afi-safis/afi-safi/ipv4-labeled-unicast/as-path-options/allow-own-origin-as
modify	/frr-routing:routing/control-plane-protocols/control-plane-protocol/frr-bgp:bgp/neighbors/unnumbered-neighbor/afi-safis/afi-safi/ipv4-labeled-unicast/as-path-options/replace-peer-as
modify	/frr-routing:routing/control-plane-protocols/control-plane-protocol/frr-bgp:bgp/neighbors/unnumbered-neighbor/afi-safis/afi-safi/ipv4-labeled-unicast/default-originate/originate
modify	/frr-routing:routing/control-plane-protocols/control-plane-protocol/frr-bgp:bgp/neighbors/unnumbered-neighbor/afi-safis/afi-safi/ipv4-labeled-unicast/default-originate/route-map
destroy	/frr-routing:routing/control-plane-protocols/control-plane-protocol/frr-bgp:bgp/neighbors/unnumbered-neighbor/afi-safis/afi-safi/ipv4-labeled-unicast/default-originate/route-map
modify	/frr-routing:routing/control-plane-protocols/control-plane-protocol/frr-bgp:bgp/neighbors/unnumbered-neighbor/afi-safis/afi-safi/ipv4-labeled-unicast/attr-unchanged/as-path-unchanged
modify	/frr-routing:routing/control-plane-protocols/control-plane-protocol/frr-bgp:bgp/neighbors/unnumbered-neighbor/afi-safis/afi-safi/ipv4-labeled-unicast/attr-unchanged/next-hop-unchanged
modify	/frr-routing:routing/control-plane-protocols/control-plane-protocol/frr-bgp:bgp/neighbors/unnumbered-neighbor/afi-safis/afi-safi/ipv4-labeled-unicast/attr-unchanged/med-unchanged
modify	/frr-routing:routing/control-plane-protocols/control-plane-protocol/frr-bgp:bgp/neighbors/unnumbered-neighbor/afi-safis/afi-safi/ipv4-labeled-unicast/orf-capability/orf-send
destroy	/frr-routing:routing/control-plane-protocols/control-plane-protocol/frr-bgp:bgp/neighbors/unnumbered-neighbor/afi-safis/afi-safi/ipv4-labeled-unicast/orf-capability/orf-send
modify	/frr-routing:routing/control-plane-protocols/control-plane-protocol/frr-bgp:bgp/neighbors/unnumbered-neighbor/afi-safis/afi-safi/ipv4-labeled-unicast/orf-capability/orf-receive
destroy	/frr-routing:routing/control-plane-protocols/control-plane-protocol/frr-bgp:bgp/neighbors/unnumbered-neighbor/afi-safis/afi-safi/ipv4-labeled-unicast/orf-capability/orf-receive
modify	/frr-routing:routing/control-plane-protocols/control-plane-protocol/frr-bgp:bgp/neighbors/unnumbered-neighbor/afi-safis/afi-safi/ipv4-labeled-unicast/orf-capability/orf-both
destroy	/frr-routing:routing/control-plane-protocols/control-plane-protocol/frr-bgp:bgp/neighbors/unnumbered-neighbor/afi-safis/afi-safi/ipv4-labeled-unicast/orf-capability/orf-both
create	/frr-routing:routing/control-plane-protocols/control-plane-protocol/frr-bgp:bgp/neighbors/unnumbered-neighbor/afi-safis/afi-safi/ipv4-labeled-unicast/prefix-limit/direction-list
destroy	/frr-routing:routing/control-plane-protocols/control-plane-protocol/frr-bgp:bgp/neighbors/unnumbered-neighbor/afi-safis/afi-safi/ipv4-labeled-unicast/prefix-limit/direction-list
get_next	/frr-routing:routing/control-plane-protocols/control-plane-protocol/frr-bgp:bgp/neighbors/unnumbered-neighbor/afi-safis/afi-safi/ipv4-labeled-unicast/prefix-limit/direction-list
get_keys	/frr-routing:routing/control-plane-protocols/control-plane-protocol/frr-bgp:bgp/neighbors/unnumbered-neighbor/afi-safis/afi-safi/ipv4-labeled-unicast/prefix-limit/direction-list
lookup_entry	/frr-routing:routing/control-plane-protocols/control-plane-protocol/frr-bgp:bgp/neighbors/unnumbered-neighbor/afi-safis/afi-safi/ipv4-labeled-unicast/prefix-limit/direction-list
modify	/frr-routing:routing/control-plane-protocols/control-plane-protocol/frr-bgp:bgp/neighbors/unnumbered-neighbor/afi-safis/afi-safi/ipv4-labeled-unicast/prefix-limit/direction-list/max-prefixes
modify	/frr-routing:routing/control-plane-protocols/control-plane-protocol/frr-bgp:bgp/neighbors/unnumbered-neighbor/afi-safis/afi-safi/ipv4-labeled-unicast/prefix-limit/direction-list/force-check
modify	/frr-routing:routing/control-plane-protocols/control-plane-protocol/frr-bgp:bgp/neighbors/unnumbered-neighbor/afi-safis/afi-safi/ipv4-labeled-unicast/prefix-limit/direction-list/options/warning-only
destroy	/frr-routing:routing/control-plane-protocols/control-plane-protocol/frr-bgp:bgp/neighbors/unnumbered-neighbor/afi-safis/afi-safi/ipv4-labeled-unicast/prefix-limit/direction-list/options/warning-only
modify	/frr-routing:routing/control-plane-protocols/control-plane-protocol/frr-bgp:bgp/neighbors/unnumbered-neighbor/afi-safis/afi-safi/ipv4-labeled-unicast/prefix-limit/direction-list/options/restart-timer
destroy	/frr-routing:routing/control-plane-protocols/control-plane-protocol/frr-bgp:bgp/neighbors/unnumbered-neighbor/afi-safis/afi-safi/ipv4-labeled-unicast/prefix-limit/direction-list/options/restart-timer
modify	/frr-routing:routing/control-plane-protocols/control-plane-protocol/frr-bgp:bgp/neighbors/unnumbered-neighbor/afi-safis/afi-safi/ipv4-labeled-unicast/prefix-limit/direction-list/options/shutdown-threshold-pct
destroy	/frr-routing:routing/control-plane-protocols/control-plane-protocol/frr-bgp:bgp/neighbors/unnumbered-neighbor/afi-safis/afi-safi/ipv4-labeled-unicast/prefix-limit/direction-list/options/shutdown-threshold-pct
modify	/frr-routing:routing/control-plane-protocols/control-plane-protocol/frr-bgp:bgp/neighbors/unnumbered-neighbor/afi-safis/afi-safi/ipv4-labeled-unicast/prefix-limit/direction-list/options/tr-shutdown-threshold-pct
destroy	/frr-routing:routing/control-plane-protocols/control-plane-protocol/frr-bgp:bgp/neighbors/unnumbered-neighbor/afi-safis/afi-safi/ipv4-labeled-unicast/prefix-limit/direction-list/options/tr-shutdown-threshold-pct
modify	/frr-routing:routing/control-plane-protocols/control-plane-protocol/frr-bgp:bgp/neighbors/unnumbered-neighbor/afi-safis/afi-safi/ipv4-labeled-unicast/prefix-limit/direction-list/options/tr-restart-timer
destroy	/frr-routing:routing/control-plane-protocols/control-plane-protocol/frr-bgp:bgp/neighbors/unnumbered-neighbor/afi-safis/afi-safi/ipv4-labeled-unicast/prefix-limit/direction-list/options/tr-restart-timer
modify	/frr-routing:routing/control-plane-protocols/control-plane-protocol/frr-bgp:bgp/neighbors/unnumbered-neighbor/afi-safis/afi-safi/ipv4-labeled-unicast/prefix-limit/direction-list/options/tw-shutdown-threshold-pct
destroy	/frr-routing:routing/control-plane-protocols/control-plane-protocol/frr-bgp:bgp/neighbors/unnumbered-neighbor/afi-safis/afi-safi/ipv4-labeled-unicast/prefix-limit/direction-list/options/tw-shutdown-threshold-pct
modify	/frr-routing:routing/control-plane-protocols/control-plane-protocol/frr-bgp:bgp/neighbors/unnumbered-neighbor/afi-safis/afi-safi/ipv4-labeled-unicast/prefix-limit/direction-list/options/tw-warning-only
destroy	/frr-routing:routing/control-plane-protocols/control-plane-protocol/frr-bgp:bgp/neighbors/unnumbered-neighbor/afi-safis/afi-safi/ipv4-labeled-unicast/prefix-limit/direction-list/options/tw-warning-only
modify	/frr-routing:routing/control-plane-protocols/control-plane-protocol/frr-bgp:bgp/neighbors/unnumbered-neighbor/afi-safis/afi-safi/ipv4-labeled-unicast/nexthop-self/next-hop-self
modify	/frr-routing:routing/control-plane-protocols/control-plane-protocol/frr-bgp:bgp/neighbors/unnumbered-neighbor/afi-safis/afi-safi/ipv4-labeled-unicast/nexthop-self/next-hop-self-force
modify	/frr-routing:routing/control-plane-protocols/control-plane-protocol/frr-bgp:bgp/neighbors/unnumbered-neighbor/afi-safis/afi-safi/ipv4-labeled-unicast/private-as/remove-private-as-all
modify	/frr-routing:routing/control-plane-protocols/control-plane-protocol/frr-bgp:bgp/neighbors/unnumbered-neighbor/afi-safis/afi-safi/ipv4-labeled-unicast/private-as/remove-private-as-all-replace
modify	/frr-routing:routing/control-plane-protocols/control-plane-protocol/frr-bgp:bgp/neighbors/unnumbered-neighbor/afi-safis/afi-safi/ipv4-labeled-unicast/private-as/remove-private-as
modify	/frr-routing:routing/control-plane-protocols/control-plane-protocol/frr-bgp:bgp/neighbors/unnumbered-neighbor/afi-safis/afi-safi/ipv4-labeled-unicast/private-as/remove-private-as-replace
modify	/frr-routing:routing/control-plane-protocols/control-plane-protocol/frr-bgp:bgp/neighbors/unnumbered-neighbor/afi-safis/afi-safi/ipv4-labeled-unicast/route-reflector/route-reflector-client
modify	/frr-routing:routing/control-plane-protocols/control-plane-protocol/frr-bgp:bgp/neighbors/unnumbered-neighbor/afi-safis/afi-safi/ipv4-labeled-unicast/route-server/route-server-client
modify	/frr-routing:routing/control-plane-protocols/control-plane-protocol/frr-bgp:bgp/neighbors/unnumbered-neighbor/afi-safis/afi-safi/ipv4-labeled-unicast/send-community/send-community
modify	/frr-routing:routing/control-plane-protocols/control-plane-protocol/frr-bgp:bgp/neighbors/unnumbered-neighbor/afi-safis/afi-safi/ipv4-labeled-unicast/send-community/send-ext-community
modify	/frr-routing:routing/control-plane-protocols/control-plane-protocol/frr-bgp:bgp/neighbors/unnumbered-neighbor/afi-safis/afi-safi/ipv4-labeled-unicast/send-community/send-large-community
modify	/frr-routing:routing/control-plane-protocols/control-plane-protocol/frr-bgp:bgp/neighbors/unnumbered-neighbor/afi-safis/afi-safi/ipv4-labeled-unicast/soft-reconfiguration
modify	/frr-routing:routing/control-plane-protocols/control-plane-protocol/frr-bgp:bgp/neighbors/unnumbered-neighbor/afi-safis/afi-safi/ipv4-labeled-unicast/weight/weight-attribute
destroy	/frr-routing:routing/control-plane-protocols/control-plane-protocol/frr-bgp:bgp/neighbors/unnumbered-neighbor/afi-safis/afi-safi/ipv4-labeled-unicast/weight/weight-attribute
modify	/frr-routing:routing/control-plane-protocols/control-plane-protocol/frr-bgp:bgp/neighbors/unnumbered-neighbor/afi-safis/afi-safi/ipv4-labeled-unicast/filter-config/rmap-import
destroy	/frr-routing:routing/control-plane-protocols/control-plane-protocol/frr-bgp:bgp/neighbors/unnumbered-neighbor/afi-safis/afi-safi/ipv4-labeled-unicast/filter-config/rmap-import
modify	/frr-routing:routing/control-plane-protocols/control-plane-protocol/frr-bgp:bgp/neighbors/unnumbered-neighbor/afi-safis/afi-safi/ipv4-labeled-unicast/filter-config/rmap-export
destroy	/frr-routing:routing/control-plane-protocols/control-plane-protocol/frr-bgp:bgp/neighbors/unnumbered-neighbor/afi-safis/afi-safi/ipv4-labeled-unicast/filter-config/rmap-export
modify	/frr-routing:routing/control-plane-protocols/control-plane-protocol/frr-bgp:bgp/neighbors/unnumbered-neighbor/afi-safis/afi-safi/ipv4-labeled-unicast/filter-config/plist-import
destroy	/frr-routing:routing/control-plane-protocols/control-plane-protocol/frr-bgp:bgp/neighbors/unnumbered-neighbor/afi-safis/afi-safi/ipv4-labeled-unicast/filter-config/plist-import
modify	/frr-routing:routing/control-plane-protocols/control-plane-protocol/frr-bgp:bgp/neighbors/unnumbered-neighbor/afi-safis/afi-safi/ipv4-labeled-unicast/filter-config/plist-export
destroy	/frr-routing:routing/control-plane-protocols/control-plane-protocol/frr-bgp:bgp/neighbors/unnumbered-neighbor/afi-safis/afi-safi/ipv4-labeled-unicast/filter-config/plist-export
modify	/frr-routing:routing/control-plane-protocols/control-plane-protocol/frr-bgp:bgp/neighbors/unnumbered-neighbor/afi-safis/afi-safi/ipv4-labeled-unicast/filter-config/access-list-import
destroy	/frr-routing:routing/control-plane-protocols/control-plane-protocol/frr-bgp:bgp/neighbors/unnumbered-neighbor/afi-safis/afi-safi/ipv4-labeled-unicast/filter-config/access-list-import
modify	/frr-routing:routing/control-plane-protocols/control-plane-protocol/frr-bgp:bgp/neighbors/unnumbered-neighbor/afi-safis/afi-safi/ipv4-labeled-unicast/filter-config/access-list-export
destroy	/frr-routing:routing/control-plane-protocols/control-plane-protocol/frr-bgp:bgp/neighbors/unnumbered-neighbor/afi-safis/afi-safi/ipv4-labeled-unicast/filter-config/access-list-export
modify	/frr-routing:routing/control-plane-protocols/control-plane-protocol/frr-bgp:bgp/neighbors/unnumbered-neighbor/afi-safis/afi-safi/ipv4-labeled-unicast/filter-config/as-path-filter-list-import
destroy	/frr-routing:routing/control-plane-protocols/control-plane-protocol/frr-bgp:bgp/neighbors/unnumbered-neighbor/afi-safis/afi-safi/ipv4-labeled-unicast/filter-config/as-path-filter-list-import
modify	/frr-routing:routing/control-plane-protocols/control-plane-protocol/frr-bgp:bgp/neighbors/unnumbered-neighbor/afi-safis/afi-safi/ipv4-labeled-unicast/filter-config/as-path-filter-list-export
destroy	/frr-routing:routing/control-plane-protocols/control-plane-protocol/frr-bgp:bgp/neighbors/unnumbered-neighbor/afi-safis/afi-safi/ipv4-labeled-unicast/filter-config/as-path-filter-list-export
modify	/frr-routing:routing/control-plane-protocols/control-plane-protocol/frr-bgp:bgp/neighbors/unnumbered-neighbor/afi-safis/afi-safi/ipv4-labeled-unicast/filter-config/unsuppress-map-import
destroy	/frr-routing:routing/control-plane-protocols/control-plane-protocol/frr-bgp:bgp/neighbors/unnumbered-neighbor/afi-safis/afi-safi/ipv4-labeled-unicast/filter-config/unsuppress-map-import
modify	/frr-routing:routing/control-plane-protocols/control-plane-protocol/frr-bgp:bgp/neighbors/unnumbered-neighbor/afi-safis/afi-safi/ipv4-labeled-unicast/filter-config/unsuppress-map-export
destroy	/frr-routing:routing/control-plane-protocols/control-plane-protocol/frr-bgp:bgp/neighbors/unnumbered-neighbor/afi-safis/afi-safi/ipv4-labeled-unicast/filter-config/unsuppress-map-export
modify	/frr-routing:routing/control-plane-protocols/control-plane-protocol/frr-bgp:bgp/neighbors/unnumbered-neighbor/afi-safis/afi-safi/ipv6-labeled-unicast/add-paths/path-type
modify	/frr-routing:routing/control-plane-protocols/control-plane-protocol/frr-bgp:bgp/neighbors/unnumbered-neighbor/afi-safis/afi-safi/ipv6-labeled-unicast/as-path-options/allow-own-as
destroy	/frr-routing:routing/control-plane-protocols/control-plane-protocol/frr-bgp:bgp/neighbors/unnumbered-neighbor/afi-safis/afi-safi/ipv6-labeled-unicast/as-path-options/allow-own-as
modify	/frr-routing:routing/control-plane-protocols/control-plane-protocol/frr-bgp:bgp/neighbors/unnumbered-neighbor/afi-safis/afi-safi/ipv6-labeled-unicast/as-path-options/allow-own-origin-as
destroy	/frr-routing:routing/control-plane-protocols/control-plane-protocol/frr-bgp:bgp/neighbors/unnumbered-neighbor/afi-safis/afi-safi/ipv6-labeled-unicast/as-path-options/allow-own-origin-as
modify	/frr-routing:routing/control-plane-protocols/control-plane-protocol/frr-bgp:bgp/neighbors/unnumbered-neighbor/afi-safis/afi-safi/ipv6-labeled-unicast/as-path-options/replace-peer-as
modify	/frr-routing:routing/control-plane-protocols/control-plane-protocol/frr-bgp:bgp/neighbors/unnumbered-neighbor/afi-safis/afi-safi/ipv6-labeled-unicast/default-originate/originate
modify	/frr-routing:routing/control-plane-protocols/control-plane-protocol/frr-bgp:bgp/neighbors/unnumbered-neighbor/afi-safis/afi-safi/ipv6-labeled-unicast/default-originate/route-map
destroy	/frr-routing:routing/control-plane-protocols/control-plane-protocol/frr-bgp:bgp/neighbors/unnumbered-neighbor/afi-safis/afi-safi/ipv6-labeled-unicast/default-originate/route-map
modify	/frr-routing:routing/control-plane-protocols/control-plane-protocol/frr-bgp:bgp/neighbors/unnumbered-neighbor/afi-safis/afi-safi/ipv6-labeled-unicast/attr-unchanged/as-path-unchanged
modify	/frr-routing:routing/control-plane-protocols/control-plane-protocol/frr-bgp:bgp/neighbors/unnumbered-neighbor/afi-safis/afi-safi/ipv6-labeled-unicast/attr-unchanged/next-hop-unchanged
modify	/frr-routing:routing/control-plane-protocols/control-plane-protocol/frr-bgp:bgp/neighbors/unnumbered-neighbor/afi-safis/afi-safi/ipv6-labeled-unicast/attr-unchanged/med-unchanged
modify	/frr-routing:routing/control-plane-protocols/control-plane-protocol/frr-bgp:bgp/neighbors/unnumbered-neighbor/afi-safis/afi-safi/ipv6-labeled-unicast/orf-capability/orf-send
destroy	/frr-routing:routing/control-plane-protocols/control-plane-protocol/frr-bgp:bgp/neighbors/unnumbered-neighbor/afi-safis/afi-safi/ipv6-labeled-unicast/orf-capability/orf-send
modify	/frr-routing:routing/control-plane-protocols/control-plane-protocol/frr-bgp:bgp/neighbors/unnumbered-neighbor/afi-safis/afi-safi/ipv6-labeled-unicast/orf-capability/orf-receive
destroy	/frr-routing:routing/control-plane-protocols/control-plane-protocol/frr-bgp:bgp/neighbors/unnumbered-neighbor/afi-safis/afi-safi/ipv6-labeled-unicast/orf-capability/orf-receive
modify	/frr-routing:routing/control-plane-protocols/control-plane-protocol/frr-bgp:bgp/neighbors/unnumbered-neighbor/afi-safis/afi-safi/ipv6-labeled-unicast/orf-capability/orf-both
destroy	/frr-routing:routing/control-plane-protocols/control-plane-protocol/frr-bgp:bgp/neighbors/unnumbered-neighbor/afi-safis/afi-safi/ipv6-labeled-unicast/orf-capability/orf-both
create	/frr-routing:routing/control-plane-protocols/control-plane-protocol/frr-bgp:bgp/neighbors/unnumbered-neighbor/afi-safis/afi-safi/ipv6-labeled-unicast/prefix-limit/direction-list
destroy	/frr-routing:routing/control-plane-protocols/control-plane-protocol/frr-bgp:bgp/neighbors/unnumbered-neighbor/afi-safis/afi-safi/ipv6-labeled-unicast/prefix-limit/direction-list
get_next	/frr-routing:routing/control-plane-protocols/control-plane-protocol/frr-bgp:bgp/neighbors/unnumbered-neighbor/afi-safis/afi-safi/ipv6-labeled-unicast/prefix-limit/direction-list
get_keys	/frr-routing:routing/control-plane-protocols/control-plane-protocol/frr-bgp:bgp/neighbors/unnumbered-neighbor/afi-safis/afi-safi/ipv6-labeled-unicast/prefix-limit/direction-list
lookup_entry	/frr-routing:routing/control-plane-protocols/control-plane-protocol/frr-bgp:bgp/neighbors/unnumbered-neighbor/afi-safis/afi-safi/ipv6-labeled-unicast/prefix-limit/direction-list
modify	/frr-routing:routing/control-plane-protocols/control-plane-protocol/frr-bgp:bgp/neighbors/unnumbered-neighbor/afi-safis/afi-safi/ipv6-labeled-unicast/prefix-limit/direction-list/max-prefixes
modify	/frr-routing:routing/control-plane-protocols/control-plane-protocol/frr-bgp:bgp/neighbors/unnumbered-neighbor/afi-safis/afi-safi/ipv6-labeled-unicast/prefix-limit/direction-list/force-check
modify	/frr-routing:routing/control-plane-protocols/control-plane-protocol/frr-bgp:bgp/neighbors/unnumbered-neighbor/afi-safis/afi-safi/ipv6-labeled-unicast/prefix-limit/direction-list/options/warning-only
destroy	/frr-routing:routing/control-plane-protocols/control-plane-protocol/frr-bgp:bgp/neighbors/unnumbered-neighbor/afi-safis/afi-safi/ipv6-labeled-unicast/prefix-limit/direction-list/options/warning-only
modify	/frr-routing:routing/control-plane-protocols/control-plane-protocol/frr-bgp:bgp/neighbors/unnumbered-neighbor/afi-safis/afi-safi/ipv6-labeled-unicast/prefix-limit/direction-list/options/restart-timer
destroy	/frr-routing:routing/control-plane-protocols/control-plane-protocol/frr-bgp:bgp/neighbors/unnumbered-neighbor/afi-safis/afi-safi/ipv6-labeled-unicast/prefix-limit/direction-list/options/restart-timer
modify	/frr-routing:routing/control-plane-protocols/control-plane-protocol/frr-bgp:bgp/neighbors/unnumbered-neighbor/afi-safis/afi-safi/ipv6-labeled-unicast/prefix-limit/direction-list/options/shutdown-threshold-pct
destroy	/frr-routing:routing/control-plane-protocols/control-plane-protocol/frr-bgp:bgp/neighbors/unnumbered-neighbor/afi-safis/afi-safi/ipv6-labeled-unicast/prefix-limit/direction-list/options/shutdown-threshold-pct
modify	/frr-routing:routing/control-plane-protocols/control-plane-protocol/frr-bgp:bgp/neighbors/unnumbered-neighbor/afi-safis/afi-safi/ipv6-labeled-unicast/prefix-limit/direction-list/options/tr-shutdown-threshold-pct
destroy	/frr-routing:routing/control-plane-protocols/control-plane-protocol/frr-bgp:bgp/neighbors/unnumbered-neighbor/afi-safis/afi-safi/ipv6-labeled-unicast/prefix-limit/direction-list/options/tr-shutdown-threshold-pct
modify	/frr-routing:routing/control-plane-protocols/control-plane-protocol/frr-bgp:bgp/neighbors/unnumbered-neighbor/afi-safis/afi-safi/ipv6-labeled-unicast/prefix-limit/direction-list/options/tr-restart-timer
destroy	/frr-routing:routing/control-plane-protocols/control-plane-protocol/frr-bgp:bgp/neighbors/unnumbered-neighbor/afi-safis/afi-safi/ipv6-labeled-unicast/prefix-limit/direction-list/options/tr-restart-timer
modify	/frr-routing:routing/control-plane-protocols/control-plane-protocol/frr-bgp:bgp/neighbors/unnumbered-neighbor/afi-safis/afi-safi/ipv6-labeled-unicast/prefix-limit/direction-list/options/tw-shutdown-threshold-pct
destroy	/frr-routing:routing/control-plane-protocols/control-plane-protocol/frr-bgp:bgp/neighbors/unnumbered-neighbor/afi-safis/afi-safi/ipv6-labeled-unicast/prefix-limit/direction-list/options/tw-shutdown-threshold-pct
modify	/frr-routing:routing/control-plane-protocols/control-plane-protocol/frr-bgp:bgp/neighbors/unnumbered-neighbor/afi-safis/afi-safi/ipv6-labeled-unicast/prefix-limit/direction-list/options/tw-warning-only
destroy	/frr-routing:routing/control-plane-protocols/control-plane-protocol/frr-bgp:bgp/neighbors/unnumbered-neighbor/afi-safis/afi-safi/ipv6-labeled-unicast/prefix-limit/direction-list/options/tw-warning-only
modify	/frr-routing:routing/control-plane-protocols/control-plane-protocol/frr-bgp:bgp/neighbors/unnumbered-neighbor/afi-safis/afi-safi/ipv6-labeled-unicast/nexthop-self/next-hop-self
modify	/frr-routing:routing/control-plane-protocols/control-plane-protocol/frr-bgp:bgp/neighbors/unnumbered-neighbor/afi-safis/afi-safi/ipv6-labeled-unicast/nexthop-self/next-hop-self-force
modify	/frr-routing:routing/control-plane-protocols/control-plane-protocol/frr-bgp:bgp/neighbors/unnumbered-neighbor/afi-safis/afi-safi/ipv6-labeled-unicast/private-as/remove-private-as-all
modify	/frr-routing:routing/control-plane-protocols/control-plane-protocol/frr-bgp:bgp/neighbors/unnumbered-neighbor/afi-safis/afi-safi/ipv6-labeled-unicast/private-as/remove-private-as-all-replace
modify	/frr-routing:routing/control-plane-protocols/control-plane-protocol/frr-bgp:bgp/neighbors/unnumbered-neighbor/afi-safis/afi-safi/ipv6-labeled-unicast/private-as/remove-private-as
modify	/frr-routing:routing/control-plane-protocols/control-plane-protocol/frr-bgp:bgp/neighbors/unnumbered-neighbor/afi-safis/afi-safi/ipv6-labeled-unicast/private-as/remove-private-as-replace
modify	/frr-routing:routing/control-plane-protocols/control-plane-protocol/frr-bgp:bgp/neighbors/unnumbered-neighbor/afi-safis/afi-safi/ipv6-labeled-unicast/route-reflector/route-reflector-client
modify	/frr-routing:routing/control-plane-protocols/control-plane-protocol/frr-bgp:bgp/neighbors/unnumbered-neighbor/afi-safis/afi-safi/ipv6-labeled-unicast/route-server/route-server-client
modify	/frr-routing:routing/control-plane-protocols/control-plane-protocol/frr-bgp:bgp/neighbors/unnumbered-neighbor/afi-safis/afi-safi/ipv6-labeled-unicast/send-community/send-community
modify	/frr-routing:routing/control-plane-protocols/control-plane-protocol/frr-bgp:bgp/neighbors/unnumbered-neighbor/afi-safis/afi-safi/ipv6-labeled-unicast/send-community/send-ext-community
modify	/frr-routing:routing/control-plane-protocols/control-plane-protocol/frr-bgp:bgp/neighbors/unnumbered-neighbor/afi-safis/afi-safi/ipv6-labeled-unicast/send-community/send-large-community
modify	/frr-routing:routing/control-plane-protocols/control-plane-protocol/frr-bgp:bgp/neighbors/unnumbered-neighbor/afi-safis/afi-safi/ipv6-labeled-unicast/soft-reconfiguration
modify	/frr-routing:routing/control-plane-protocols/control-plane-protocol/frr-bgp:bgp/neighbors/unnumbered-neighbor/afi-safis/afi-safi/ipv6-labeled-unicast/weight/weight-attribute
destroy	/frr-routing:routing/control-plane-protocols/control-plane-protocol/frr-bgp:bgp/neighbors/unnumbered-neighbor/afi-safis/afi-safi/ipv6-labeled-unicast/weight/weight-attribute
modify	/frr-routing:routing/control-plane-protocols/control-plane-protocol/frr-bgp:bgp/neighbors/unnumbered-neighbor/afi-safis/afi-safi/l3vpn-ipv4-unicast/add-paths/path-type
modify	/frr-routing:routing/control-plane-protocols/control-plane-protocol/frr-bgp:bgp/neighbors/unnumbered-neighbor/afi-safis/afi-safi/l3vpn-ipv4-unicast/as-path-options/allow-own-as
destroy	/frr-routing:routing/control-plane-protocols/control-plane-protocol/frr-bgp:bgp/neighbors/unnumbered-neighbor/afi-safis/afi-safi/l3vpn-ipv4-unicast/as-path-options/allow-own-as
modify	/frr-routing:routing/control-plane-protocols/control-plane-protocol/frr-bgp:bgp/neighbors/unnumbered-neighbor/afi-safis/afi-safi/l3vpn-ipv4-unicast/as-path-options/allow-own-origin-as
destroy	/frr-routing:routing/control-plane-protocols/control-plane-protocol/frr-bgp:bgp/neighbors/unnumbered-neighbor/afi-safis/afi-safi/l3vpn-ipv4-unicast/as-path-options/allow-own-origin-as
modify	/frr-routing:routing/control-plane-protocols/control-plane-protocol/frr-bgp:bgp/neighbors/unnumbered-neighbor/afi-safis/afi-safi/l3vpn-ipv4-unicast/as-path-options/replace-peer-as
modify	/frr-routing:routing/control-plane-protocols/control-plane-protocol/frr-bgp:bgp/neighbors/unnumbered-neighbor/afi-safis/afi-safi/l3vpn-ipv4-unicast/attr-unchanged/as-path-unchanged
modify	/frr-routing:routing/control-plane-protocols/control-plane-protocol/frr-bgp:bgp/neighbors/unnumbered-neighbor/afi-safis/afi-safi/l3vpn-ipv4-unicast/attr-unchanged/next-hop-unchanged
modify	/frr-routing:routing/control-plane-protocols/control-plane-protocol/frr-bgp:bgp/neighbors/unnumbered-neighbor/afi-safis/afi-safi/l3vpn-ipv4-unicast/attr-unchanged/med-unchanged
create	/frr-routing:routing/control-plane-protocols/control-plane-protocol/frr-bgp:bgp/neighbors/unnumbered-neighbor/afi-safis/afi-safi/l3vpn-ipv4-unicast/prefix-limit/direction-list
destroy	/frr-routing:routing/control-plane-protocols/control-plane-protocol/frr-bgp:bgp/neighbors/unnumbered-neighbor/afi-safis/afi-safi/l3vpn-ipv4-unicast/prefix-limit/direction-list
get_next	/frr-routing:routing/control-plane-protocols/control-plane-protocol/frr-bgp:bgp/neighbors/unnumbered-neighbor/afi-safis/afi-safi/l3vpn-ipv4-unicast/prefix-limit/direction-list
get_keys	/frr-routing:routing/control-plane-protocols/control-plane-protocol/frr-bgp:bgp/neighbors/unnumbered-neighbor/afi-safis/afi-safi/l3vpn-ipv4-unicast/prefix-limit/direction-list
lookup_entry	/frr-routing:routing/control-plane-protocols/control-plane-protocol/frr-bgp:bgp/neighbors/unnumbered-neighbor/afi-safis/afi-safi/l3vpn-ipv4-unicast/prefix-limit/direction-list
modify	/frr-routing:routing/control-plane-protocols/control-plane-protocol/frr-bgp:bgp/neighbors/unnumbered-neighbor/afi-safis/afi-safi/l3vpn-ipv4-unicast/prefix-limit/direction-list/max-prefixes
modify	/frr-routing:routing/control-plane-protocols/control-plane-protocol/frr-bgp:bgp/neighbors/unnumbered-neighbor/afi-safis/afi-safi/l3vpn-ipv4-unicast/prefix-limit/direction-list/force-check
modify	/frr-routing:routing/control-plane-protocols/control-plane-protocol/frr-bgp:bgp/neighbors/unnumbered-neighbor/afi-safis/afi-safi/l3vpn-ipv4-unicast/prefix-limit/direction-list/options/warning-only
destroy	/frr-routing:routing/control-plane-protocols/control-plane-protocol/frr-bgp:bgp/neighbors/unnumbered-neighbor/afi-safis/afi-safi/l3vpn-ipv4-unicast/prefix-limit/direction-list/options/warning-only
modify	/frr-routing:routing/control-plane-protocols/control-plane-protocol/frr-bgp:bgp/neighbors/unnumbered-neighbor/afi-safis/afi-safi/l3vpn-ipv4-unicast/prefix-limit/direction-list/options/restart-timer
destroy	/frr-routing:routing/control-plane-protocols/control-plane-protocol/frr-bgp:bgp/neighbors/unnumbered-neighbor/afi-safis/afi-safi/l3vpn-ipv4-unicast/prefix-limit/direction-list/options/restart-timer
modify	/frr-routing:routing/control-plane-protocols/control-plane-protocol/frr-bgp:bgp/neighbors/unnumbered-neighbor/afi-safis/afi-safi/l3vpn-ipv4-unicast/prefix-limit/direction-list/options/shutdown-threshold-pct
destroy	/frr-routing:routing/control-plane-protocols/control-plane-protocol/frr-bgp:bgp/neighbors/unnumbered-neighbor/afi-safis/afi-safi/l3vpn-ipv4-unicast/prefix-limit/direction-list/options/shutdown-threshold-pct
modify	/frr-routing:routing/control-plane-protocols/control-plane-protocol/frr-bgp:bgp/neighbors/unnumbered-neighbor/afi-safis/afi-safi/l3vpn-ipv4-unicast/prefix-limit/direction-list/options/tr-shutdown-threshold-pct
destroy	/frr-routing:routing/control-plane-protocols/control-plane-protocol/frr-bgp:bgp/neighbors/unnumbered-neighbor/afi-safis/afi-safi/l3vpn-ipv4-unicast/prefix-limit/direction-list/options/tr-shutdown-threshold-pct
modify	/frr-routing:routing/control-plane-protocols/control-plane-protocol/frr-bgp:bgp/neighbors/unnumbered-neighbor/afi-safis/afi-safi/l3vpn-ipv4-unicast/prefix-limit/direction-list/options/tr-restart-timer
destroy	/frr-routing:routing/control-plane-protocols/control-plane-protocol/frr-bgp:bgp/neighbors/unnumbered-neighbor/afi-safis/afi-safi/l3vpn-ipv4-unicast/prefix-limit/direction-list/options/tr-restart-timer
modify	/frr-routing:routing/control-plane-protocols/control-plane-protocol/frr-bgp:bgp/neighbors/unnumbered-neighbor/afi-safis/afi-safi/l3vpn-ipv4-unicast/prefix-limit/direction-list/options/tw-shutdown-threshold-pct
destroy	/frr-routing:routing/control-plane-protocols/control-plane-protocol/frr-bgp:bgp/neighbors/unnumbered-neighbor/afi-safis/afi-safi/l3vpn-ipv4-unicast/prefix-limit/direction-list/options/tw-shutdown-threshold-pct
modify	/frr-routing:routing/control-plane-protocols/control-plane-protocol/frr-bgp:bgp/neighbors/unnumbered-neighbor/afi-safis/afi-safi/l3vpn-ipv4-unicast/prefix-limit/direction-list/options/tw-warning-only
destroy	/frr-routing:routing/control-plane-protocols/control-plane-protocol/frr-bgp:bgp/neighbors/unnumbered-neighbor/afi-safis/afi-safi/l3vpn-ipv4-unicast/prefix-limit/direction-list/options/tw-warning-only
modify	/frr-routing:routing/control-plane-protocols/control-plane-protocol/frr-bgp:bgp/neighbors/unnumbered-neighbor/afi-safis/afi-safi/l3vpn-ipv4-unicast/nexthop-self/next-hop-self
modify	/frr-routing:routing/control-plane-protocols/control-plane-protocol/frr-bgp:bgp/neighbors/unnumbered-neighbor/afi-safis/afi-safi/l3vpn-ipv4-unicast/nexthop-self/next-hop-self-force
modify	/frr-routing:routing/control-plane-protocols/control-plane-protocol/frr-bgp:bgp/neighbors/unnumbered-neighbor/afi-safis/afi-safi/l3vpn-ipv4-unicast/private-as/remove-private-as-all
modify	/frr-routing:routing/control-plane-protocols/control-plane-protocol/frr-bgp:bgp/neighbors/unnumbered-neighbor/afi-safis/afi-safi/l3vpn-ipv4-unicast/private-as/remove-private-as-all-replace
modify	/frr-routing:routing/control-plane-protocols/control-plane-protocol/frr-bgp:bgp/neighbors/unnumbered-neighbor/afi-safis/afi-safi/l3vpn-ipv4-unicast/private-as/remove-private-as
modify	/frr-routing:routing/control-plane-protocols/control-plane-protocol/frr-bgp:bgp/neighbors/unnumbered-neighbor/afi-safis/afi-safi/l3vpn-ipv4-unicast/private-as/remove-private-as-replace
modify	/frr-routing:routing/control-plane-protocols/control-plane-protocol/frr-bgp:bgp/neighbors/unnumbered-neighbor/afi-safis/afi-safi/l3vpn-ipv4-unicast/route-reflector/route-reflector-client
modify	/frr-routing:routing/control-plane-protocols/control-plane-protocol/frr-bgp:bgp/neighbors/unnumbered-neighbor/afi-safis/afi-safi/l3vpn-ipv4-unicast/route-server/route-server-client
modify	/frr-routing:routing/control-plane-protocols/control-plane-protocol/frr-bgp:bgp/neighbors/unnumbered-neighbor/afi-safis/afi-safi/l3vpn-ipv4-unicast/send-community/send-community
modify	/frr-routing:routing/control-plane-protocols/control-plane-protocol/frr-bgp:bgp/neighbors/unnumbered-neighbor/afi-safis/afi-safi/l3vpn-ipv4-unicast/send-community/send-ext-community
modify	/frr-routing:routing/control-plane-protocols/control-plane-protocol/frr-bgp:bgp/neighbors/unnumbered-neighbor/afi-safis/afi-safi/l3vpn-ipv4-unicast/send-community/send-large-community
modify	/frr-routing:routing/control-plane-protocols/control-plane-protocol/frr-bgp:bgp/neighbors/unnumbered-neighbor/afi-safis/afi-safi/l3vpn-ipv4-unicast/soft-reconfiguration
modify	/frr-routing:routing/control-plane-protocols/control-plane-protocol/frr-bgp:bgp/neighbors/unnumbered-neighbor/afi-safis/afi-safi/l3vpn-ipv4-unicast/weight/weight-attribute
destroy	/frr-routing:routing/control-plane-protocols/control-plane-protocol/frr-bgp:bgp/neighbors/unnumbered-neighbor/afi-safis/afi-safi/l3vpn-ipv4-unicast/weight/weight-attribute
modify	/frr-routing:routing/control-plane-protocols/control-plane-protocol/frr-bgp:bgp/neighbors/unnumbered-neighbor/afi-safis/afi-safi/l3vpn-ipv6-unicast/add-paths/path-type
modify	/frr-routing:routing/control-plane-protocols/control-plane-protocol/frr-bgp:bgp/neighbors/unnumbered-neighbor/afi-safis/afi-safi/l3vpn-ipv6-unicast/as-path-options/allow-own-as
destroy	/frr-routing:routing/control-plane-protocols/control-plane-protocol/frr-bgp:bgp/neighbors/unnumbered-neighbor/afi-safis/afi-safi/l3vpn-ipv6-unicast/as-path-options/allow-own-as
modify	/frr-routing:routing/control-plane-protocols/control-plane-protocol/frr-bgp:bgp/neighbors/unnumbered-neighbor/afi-safis/afi-safi/l3vpn-ipv6-unicast/as-path-options/allow-own-origin-as
destroy	/frr-routing:routing/control-plane-protocols/control-plane-protocol/frr-bgp:bgp/neighbors/unnumbered-neighbor/afi-safis/afi-safi/l3vpn-ipv6-unicast/as-path-options/allow-own-origin-as
modify	/frr-routing:routing/control-plane-protocols/control-plane-protocol/frr-bgp:bgp/neighbors/unnumbered-neighbor/afi-safis/afi-safi/l3vpn-ipv6-unicast/as-path-options/replace-peer-as
modify	/frr-routing:routing/control-plane-protocols/control-plane-protocol/frr-bgp:bgp/neighbors/unnumbered-neighbor/afi-safis/afi-safi/l3vpn-ipv6-unicast/attr-unchanged/as-path-unchanged
modify	/frr-routing:routing/control-plane-protocols/control-plane-protocol/frr-bgp:bgp/neighbors/unnumbered-neighbor/afi-safis/afi-safi/l3vpn-ipv6-unicast/attr-unchanged/next-hop-unchanged
modify	/frr-routing:routing/control-plane-protocols/control-plane-protocol/frr-bgp:bgp/neighbors/unnumbered-neighbor/afi-safis/afi-safi/l3vpn-ipv6-unicast/attr-unchanged/med-unchanged
create	/frr-routing:routing/control-plane-protocols/control-plane-protocol/frr-bgp:bgp/neighbors/unnumbered-neighbor/afi-safis/afi-safi/l3vpn-ipv6-unicast/prefix-limit/direction-list
destroy	/frr-routing:routing/control-plane-protocols/control-plane-protocol/frr-bgp:bgp/neighbors/unnumbered-neighbor/afi-safis/afi-safi/l3vpn-ipv6-unicast/prefix-limit/direction-list
get_next	/frr-routing:routing/control-plane-protocols/control-plane-protocol/frr-bgp:bgp/neighbors/unnumbered-neighbor/afi-safis/afi-safi/l3vpn-ipv6-unicast/prefix-limit/direction-list
get_keys	/frr-routing:routing/control-plane-protocols/control-plane-protocol/frr-bgp:bgp/neighbors/unnumbered-neighbor/afi-safis/afi-safi/l3vpn-ipv6-unicast/prefix-limit/direction-list
lookup_entry	/frr-routing:routing/control-plane-protocols/control-plane-protocol/frr-bgp:bgp/neighbors/unnumbered-neighbor/afi-safis/afi-safi/l3vpn-ipv6-unicast/prefix-limit/direction-list
modify	/frr-routing:routing/control-plane-protocols/control-plane-protocol/frr-bgp:bgp/neighbors/unnumbered-neighbor/afi-safis/afi-safi/l3vpn-ipv6-unicast/prefix-limit/direction-list/max-prefixes
modify	/frr-routing:routing/control-plane-protocols/control-plane-protocol/frr-bgp:bgp/neighbors/unnumbered-neighbor/afi-safis/afi-safi/l3vpn-ipv6-unicast/prefix-limit/direction-list/force-check
modify	/frr-routing:routing/control-plane-protocols/control-plane-protocol/frr-bgp:bgp/neighbors/unnumbered-neighbor/afi-safis/afi-safi/l3vpn-ipv6-unicast/prefix-limit/direction-list/options/warning-only
destroy	/frr-routing:routing/control-plane-protocols/control-plane-protocol/frr-bgp:bgp/neighbors/unnumbered-neighbor/afi-safis/afi-safi/l3vpn-ipv6-unicast/prefix-limit/direction-list/options/warning-only
modify	/frr-routing:routing/control-plane-protocols/control-plane-protocol/frr-bgp:bgp/neighbors/unnumbered-neighbor/afi-safis/afi-safi/l3vpn-ipv6-unicast/prefix-limit/direction-list/options/restart-timer
destroy	/frr-routing:routing/control-plane-protocols/control-plane-protocol/frr-bgp:bgp/neighbors/unnumbered-neighbor/afi-safis/afi-safi/l3vpn-ipv6-unicast/prefix-limit/direction-list/options/restart-timer
modify	/frr-routing:routing/control-plane-protocols/control-plane-protocol/frr-bgp:bgp/neighbors/unnumbered-neighbor/afi-safis/afi-safi/l3vpn-ipv6-unicast/prefix-limit/direction-list/options/shutdown-threshold-pct
destroy	/frr-routing:routing/control-plane-protocols/control-plane-protocol/frr-bgp:bgp/neighbors/unnumbered-neighbor/afi-safis/afi-safi/l3vpn-ipv6-unicast/prefix-limit/direction-list/options/shutdown-threshold-pct
modify	/frr-routing:routing/control-plane-protocols/control-plane-protocol/frr-bgp:bgp/neighbors/unnumbered-neighbor/afi-safis/afi-safi/l3vpn-ipv6-unicast/prefix-limit/direction-list/options/tr-shutdown-threshold-pct
destroy	/frr-routing:routing/control-plane-protocols/control-plane-protocol/frr-bgp:bgp/neighbors/unnumbered-neighbor/afi-safis/afi-safi/l3vpn-ipv6-unicast/prefix-limit/direction-list/options/tr-shutdown-threshold-pct
modify	/frr-routing:routing/control-plane-protocols/control-plane-protocol/frr-bgp:bgp/neighbors/unnumbered-neighbor/afi-safis/afi-safi/l3vpn-ipv6-unicast/prefix-limit/direction-list/options/tr-restart-timer
destroy	/frr-routing:routing/control-plane-protocols/control-plane-protocol/frr-bgp:bgp/neighbors/unnumbered-neighbor/afi-safis/afi-safi/l3vpn-ipv6-unicast/prefix-limit/direction-list/options/tr-restart-timer
modify	/frr-routing:routing/control-plane-protocols/control-plane-protocol/frr-bgp:bgp/neighbors/unnumbered-neighbor/afi-safis/afi-safi/l3vpn-ipv6-unicast/prefix-limit/direction-list/options/tw-shutdown-threshold-pct
destroy	/frr-routing:routing/control-plane-protocols/control-plane-protocol/frr-bgp:bgp/neighbors/unnumbered-neighbor/afi-safis/afi-safi/l3vpn-ipv6-unicast/prefix-limit/direction-list/options/tw-shutdown-threshold-pct
modify	/frr-routing:routing/control-plane-protocols/control-plane-protocol/frr-bgp:bgp/neighbors/unnumbered-neighbor/afi-safis/afi-safi/l3vpn-ipv6-unicast/prefix-limit/direction-list/options/tw-warning-only
destroy	/frr-routing:routing/control-plane-protocols/control-plane-protocol/frr-bgp:bgp/neighbors/unnumbered-neighbor/afi-safis/afi-safi/l3vpn-ipv6-unicast/prefix-limit/direction-list/options/tw-warning-only
modify	/frr-routing:routing/control-plane-protocols/control-plane-protocol/frr-bgp:bgp/neighbors/unnumbered-neighbor/afi-safis/afi-safi/l3vpn-ipv6-unicast/nexthop-self/next-hop-self
modify	/frr-routing:routing/control-plane-protocols/control-plane-protocol/frr-bgp:bgp/neighbors/unnumbered-neighbor/afi-safis/afi-safi/l3vpn-ipv6-unicast/nexthop-self/next-hop-self-force
modify	/frr-routing:routing/control-plane-protocols/control-plane-protocol/frr-bgp:bgp/neighbors/unnumbered-neighbor/afi-safis/afi-safi/l3vpn-ipv6-unicast/private-as/remove-private-as-all
modify	/frr-routing:routing/control-plane-protocols/control-plane-protocol/frr-bgp:bgp/neighbors/unnumbered-neighbor/afi-safis/afi-safi/l3vpn-ipv6-unicast/private-as/remove-private-as-all-replace
modify	/frr-routing:routing/control-plane-protocols/control-plane-protocol/frr-bgp:bgp/neighbors/unnumbered-neighbor/afi-safis/afi-safi/l3vpn-ipv6-unicast/private-as/remove-private-as
modify	/frr-routing:routing/control-plane-protocols/control-plane-protocol/frr-bgp:bgp/neighbors/unnumbered-neighbor/afi-safis/afi-safi/l3vpn-ipv6-unicast/private-as/remove-private-as-replace
modify	/frr-routing:routing/control-plane-protocols/control-plane-protocol/frr-bgp:bgp/neighbors/unnumbered-neighbor/afi-safis/afi-safi/l3vpn-ipv6-unicast/route-reflector/route-reflector-client
modify	/frr-routing:routing/control-plane-protocols/control-plane-protocol/frr-bgp:bgp/neighbors/unnumbered-neighbor/afi-safis/afi-safi/l3vpn-ipv6-unicast/route-server/route-server-client
modify	/frr-routing:routing/control-plane-protocols/control-plane-protocol/frr-bgp:bgp/neighbors/unnumbered-neighbor/afi-safis/afi-safi/l3vpn-ipv6-unicast/send-community/send-community
modify	/frr-routing:routing/control-plane-protocols/control-plane-protocol/frr-bgp:bgp/neighbors/unnumbered-neighbor/afi-safis/afi-safi/l3vpn-ipv6-unicast/send-community/send-ext-community
modify	/frr-routing:routing/control-plane-protocols/control-plane-protocol/frr-bgp:bgp/neighbors/unnumbered-neighbor/afi-safis/afi-safi/l3vpn-ipv6-unicast/send-community/send-large-community
modify	/frr-routing:routing/control-plane-protocols/control-plane-protocol/frr-bgp:bgp/neighbors/unnumbered-neighbor/afi-safis/afi-safi/l3vpn-ipv6-unicast/soft-reconfiguration
modify	/frr-routing:routing/control-plane-protocols/control-plane-protocol/frr-bgp:bgp/neighbors/unnumbered-neighbor/afi-safis/afi-safi/l3vpn-ipv6-unicast/weight/weight-attribute
destroy	/frr-routing:routing/control-plane-protocols/control-plane-protocol/frr-bgp:bgp/neighbors/unnumbered-neighbor/afi-safis/afi-safi/l3vpn-ipv6-unicast/weight/weight-attribute
modify	/frr-routing:routing/control-plane-protocols/control-plane-protocol/frr-bgp:bgp/neighbors/unnumbered-neighbor/afi-safis/afi-safi/l2vpn-evpn/advertise-all-vni
modify	/frr-routing:routing/control-plane-protocols/control-plane-protocol/frr-bgp:bgp/neighbors/unnumbered-neighbor/afi-safis/afi-safi/l2vpn-evpn/advertise-svi-ip
modify	/frr-routing:routing/control-plane-protocols/control-plane-protocol/frr-bgp:bgp/neighbors/unnumbered-neighbor/afi-safis/afi-safi/l2vpn-evpn/advertise-default-gw
modify	/frr-routing:routing/control-plane-protocols/control-plane-protocol/frr-bgp:bgp/neighbors/unnumbered-neighbor/afi-safis/afi-safi/l2vpn-evpn/advertise-subnet
modify	/frr-routing:routing/control-plane-protocols/control-plane-protocol/frr-bgp:bgp/neighbors/unnumbered-neighbor/afi-safis/afi-safi/l2vpn-evpn/autort-rfc8365-compatible
modify	/frr-routing:routing/control-plane-protocols/control-plane-protocol/frr-bgp:bgp/neighbors/unnumbered-neighbor/afi-safis/afi-safi/l2vpn-evpn/use-es-l3nhg
modify	/frr-routing:routing/control-plane-protocols/control-plane-protocol/frr-bgp:bgp/neighbors/unnumbered-neighbor/afi-safis/afi-safi/l2vpn-evpn/enable-resolve-overlay-index
modify	/frr-routing:routing/control-plane-protocols/control-plane-protocol/frr-bgp:bgp/neighbors/unnumbered-neighbor/afi-safis/afi-safi/l2vpn-evpn/disable-ead-evi-rx
modify	/frr-routing:routing/control-plane-protocols/control-plane-protocol/frr-bgp:bgp/neighbors/unnumbered-neighbor/afi-safis/afi-safi/l2vpn-evpn/disable-ead-evi-tx
create	/frr-routing:routing/control-plane-protocols/control-plane-protocol/frr-bgp:bgp/neighbors/unnumbered-neighbor/afi-safis/afi-safi/l2vpn-evpn/advertise-pip
destroy	/frr-routing:routing/control-plane-protocols/control-plane-protocol/frr-bgp:bgp/neighbors/unnumbered-neighbor/afi-safis/afi-safi/l2vpn-evpn/advertise-pip
modify	/frr-routing:routing/control-plane-protocols/control-plane-protocol/frr-bgp:bgp/neighbors/unnumbered-neighbor/afi-safis/afi-safi/l2vpn-evpn/advertise-pip/ip
destroy	/frr-routing:routing/control-plane-protocols/control-plane-protocol/frr-bgp:bgp/neighbors/unnumbered-neighbor/afi-safis/afi-safi/l2vpn-evpn/advertise-pip/ip
modify	/frr-routing:routing/control-plane-protocols/control-plane-protocol/frr-bgp:bgp/neighbors/unnumbered-neighbor/afi-safis/afi-safi/l2vpn-evpn/advertise-pip/mac
destroy	/frr-routing:routing/control-plane-protocols/control-plane-protocol/frr-bgp:bgp/neighbors/unnumbered-neighbor/afi-safis/afi-safi/l2vpn-evpn/advertise-pip/mac
modify	/frr-routing:routing/control-plane-protocols/control-plane-protocol/frr-bgp:bgp/neighbors/unnumbered-neighbor/afi-safis/afi-safi/l2vpn-evpn/advertise/ipv4-unicast
modify	/frr-routing:routing/control-plane-protocols/control-plane-protocol/frr-bgp:bgp/neighbors/unnumbered-neighbor/afi-safis/afi-safi/l2vpn-evpn/advertise/ipv4-unicast-route-map
destroy	/frr-routing:routing/control-plane-protocols/control-plane-protocol/frr-bgp:bgp/neighbors/unnumbered-neighbor/afi-safis/afi-safi/l2vpn-evpn/advertise/ipv4-unicast-route-map
modify	/frr-routing:routing/control-plane-protocols/control-plane-protocol/frr-bgp:bgp/neighbors/unnumbered-neighbor/afi-safis/afi-safi/l2vpn-evpn/advertise/ipv6-unicast
modify	/frr-routing:routing/control-plane-protocols/control-plane-protocol/frr-bgp:bgp/neighbors/unnumbered-neighbor/afi-safis/afi-safi/l2vpn-evpn/advertise/ipv6-unicast-route-map
destroy	/frr-routing:routing/control-plane-protocols/control-plane-protocol/frr-bgp:bgp/neighbors/unnumbered-neighbor/afi-safis/afi-safi/l2vpn-evpn/advertise/ipv6-unicast-route-map
modify	/frr-routing:routing/control-plane-protocols/control-plane-protocol/frr-bgp:bgp/neighbors/unnumbered-neighbor/afi-safis/afi-safi/l2vpn-evpn/dup-addr-detection/max-moves
modify	/frr-routing:routing/control-plane-protocols/control-plane-protocol/frr-bgp:bgp/neighbors/unnumbered-neighbor/afi-safis/afi-safi/l2vpn-evpn/dup-addr-detection/time
modify	/frr-routing:routing/control-plane-protocols/control-plane-protocol/frr-bgp:bgp/neighbors/unnumbered-neighbor/afi-safis/afi-safi/l2vpn-evpn/dup-addr-detection/freeze-permanent
destroy	/frr-routing:routing/control-plane-protocols/control-plane-protocol/frr-bgp:bgp/neighbors/unnumbered-neighbor/afi-safis/afi-safi/l2vpn-evpn/dup-addr-detection/freeze-permanent
modify	/frr-routing:routing/control-plane-protocols/control-plane-protocol/frr-bgp:bgp/neighbors/unnumbered-neighbor/afi-safis/afi-safi/l2vpn-evpn/dup-addr-detection/freeze-time
destroy	/frr-routing:routing/control-plane-protocols/control-plane-protocol/frr-bgp:bgp/neighbors/unnumbered-neighbor/afi-safis/afi-safi/l2vpn-evpn/dup-addr-detection/freeze-time
modify	/frr-routing:routing/control-plane-protocols/control-plane-protocol/frr-bgp:bgp/neighbors/unnumbered-neighbor/afi-safis/afi-safi/l2vpn-evpn/flooding
modify	/frr-routing:routing/control-plane-protocols/control-plane-protocol/frr-bgp:bgp/neighbors/unnumbered-neighbor/afi-safis/afi-safi/l2vpn-evpn/mac-vrf-soo
destroy	/frr-routing:routing/control-plane-protocols/control-plane-protocol/frr-bgp:bgp/neighbors/unnumbered-neighbor/afi-safis/afi-safi/l2vpn-evpn/mac-vrf-soo
modify	/frr-routing:routing/control-plane-protocols/control-plane-protocol/frr-bgp:bgp/neighbors/unnumbered-neighbor/afi-safis/afi-safi/l2vpn-evpn/ead-es/fragmentation/evi-limit
create	/frr-routing:routing/control-plane-protocols/control-plane-protocol/frr-bgp:bgp/neighbors/unnumbered-neighbor/afi-safis/afi-safi/l2vpn-evpn/ead-es/route-target-export
destroy	/frr-routing:routing/control-plane-protocols/control-plane-protocol/frr-bgp:bgp/neighbors/unnumbered-neighbor/afi-safis/afi-safi/l2vpn-evpn/ead-es/route-target-export
modify	/frr-routing:routing/control-plane-protocols/control-plane-protocol/frr-bgp:bgp/neighbors/unnumbered-neighbor/afi-safis/afi-safi/l2vpn-evpn/as-path-options/allow-own-as
destroy	/frr-routing:routing/control-plane-protocols/control-plane-protocol/frr-bgp:bgp/neighbors/unnumbered-neighbor/afi-safis/afi-safi/l2vpn-evpn/as-path-options/allow-own-as
modify	/frr-routing:routing/control-plane-protocols/control-plane-protocol/frr-bgp:bgp/neighbors/unnumbered-neighbor/afi-safis/afi-safi/l2vpn-evpn/as-path-options/allow-own-origin-as
destroy	/frr-routing:routing/control-plane-protocols/control-plane-protocol/frr-bgp:bgp/neighbors/unnumbered-neighbor/afi-safis/afi-safi/l2vpn-evpn/as-path-options/allow-own-origin-as
modify	/frr-routing:routing/control-plane-protocols/control-plane-protocol/frr-bgp:bgp/neighbors/unnumbered-neighbor/afi-safis/afi-safi/l2vpn-evpn/as-path-options/replace-peer-as
modify	/frr-routing:routing/control-plane-protocols/control-plane-protocol/frr-bgp:bgp/neighbors/unnumbered-neighbor/afi-safis/afi-safi/l2vpn-evpn/attr-unchanged/as-path-unchanged
modify	/frr-routing:routing/control-plane-protocols/control-plane-protocol/frr-bgp:bgp/neighbors/unnumbered-neighbor/afi-safis/afi-safi/l2vpn-evpn/attr-unchanged/next-hop-unchanged
modify	/frr-routing:routing/control-plane-protocols/control-plane-protocol/frr-bgp:bgp/neighbors/unnumbered-neighbor/afi-safis/afi-safi/l2vpn-evpn/attr-unchanged/med-unchanged
modify	/frr-routing:routing/control-plane-protocols/control-plane-protocol/frr-bgp:bgp/neighbors/unnumbered-neighbor/afi-safis/afi-safi/l2vpn-evpn/nexthop-self/next-hop-self
modify	/frr-routing:routing/control-plane-protocols/control-plane-protocol/frr-bgp:bgp/neighbors/unnumbered-neighbor/afi-safis/afi-safi/l2vpn-evpn/nexthop-self/next-hop-self-force
modify	/frr-routing:routing/control-plane-protocols/control-plane-protocol/frr-bgp:bgp/neighbors/unnumbered-neighbor/afi-safis/afi-safi/l2vpn-evpn/route-reflector/route-reflector-client
modify	/frr-routing:routing/control-plane-protocols/control-plane-protocol/frr-bgp:bgp/neighbors/unnumbered-neighbor/afi-safis/afi-safi/l2vpn-evpn/route-server/route-server-client
modify	/frr-routing:routing/control-plane-protocols/control-plane-protocol/frr-bgp:bgp/neighbors/unnumbered-neighbor/afi-safis/afi-safi/l2vpn-evpn/soft-reconfiguration
modify	/frr-routing:routing/control-plane-protocols/control-plane-protocol/frr-bgp:bgp/neighbors/unnumbered-neighbor/afi-safis/afi-safi/l2vpn-evpn/filter-config/rmap-import
destroy	/frr-routing:routing/control-plane-protocols/control-plane-protocol/frr-bgp:bgp/neighbors/unnumbered-neighbor/afi-safis/afi-safi/l2vpn-evpn/filter-config/rmap-import
modify	/frr-routing:routing/control-plane-protocols/control-plane-protocol/frr-bgp:bgp/neighbors/unnumbered-neighbor/afi-safis/afi-safi/l2vpn-evpn/filter-config/rmap-export
destroy	/frr-routing:routing/control-plane-protocols/control-plane-protocol/frr-bgp:bgp/neighbors/unnumbered-neighbor/afi-safis/afi-safi/l2vpn-evpn/filter-config/rmap-export
modify	/frr-routing:routing/control-plane-protocols/control-plane-protocol/frr-bgp:bgp/neighbors/unnumbered-neighbor/afi-safis/afi-safi/l2vpn-evpn/filter-config/plist-import
destroy	/frr-routing:routing/control-plane-protocols/control-plane-protocol/frr-bgp:bgp/neighbors/unnumbered-neighbor/afi-safis/afi-safi/l2vpn-evpn/filter-config/plist-import
modify	/frr-routing:routing/control-plane-protocols/control-plane-protocol/frr-bgp:bgp/neighbors/unnumbered-neighbor/afi-safis/afi-safi/l2vpn-evpn/filter-config/plist-export
destroy	/frr-routing:routing/control-plane-protocols/control-plane-protocol/frr-bgp:bgp/neighbors/unnumbered-neighbor/afi-safis/afi-safi/l2vpn-evpn/filter-config/plist-export
modify	/frr-routing:routing/control-plane-protocols/control-plane-protocol/frr-bgp:bgp/neighbors/unnumbered-neighbor/afi-safis/afi-safi/l2vpn-evpn/filter-config/access-list-import
destroy	/frr-routing:routing/control-plane-protocols/control-plane-protocol/frr-bgp:bgp/neighbors/unnumbered-neighbor/afi-safis/afi-safi/l2vpn-evpn/filter-config/access-list-import
modify	/frr-routing:routing/control-plane-protocols/control-plane-protocol/frr-bgp:bgp/neighbors/unnumbered-neighbor/afi-safis/afi-safi/l2vpn-evpn/filter-config/access-list-export
destroy	/frr-routing:routing/control-plane-protocols/control-plane-protocol/frr-bgp:bgp/neighbors/unnumbered-neighbor/afi-safis/afi-safi/l2vpn-evpn/filter-config/access-list-export
modify	/frr-routing:routing/control-plane-protocols/control-plane-protocol/frr-bgp:bgp/neighbors/unnumbered-neighbor/afi-safis/afi-safi/l2vpn-evpn/filter-config/as-path-filter-list-import
destroy	/frr-routing:routing/control-plane-protocols/control-plane-protocol/frr-bgp:bgp/neighbors/unnumbered-neighbor/afi-safis/afi-safi/l2vpn-evpn/filter-config/as-path-filter-list-import
modify	/frr-routing:routing/control-plane-protocols/control-plane-protocol/frr-bgp:bgp/neighbors/unnumbered-neighbor/afi-safis/afi-safi/l2vpn-evpn/filter-config/as-path-filter-list-export
destroy	/frr-routing:routing/control-plane-protocols/control-plane-protocol/frr-bgp:bgp/neighbors/unnumbered-neighbor/afi-safis/afi-safi/l2vpn-evpn/filter-config/as-path-filter-list-export
modify	/frr-routing:routing/control-plane-protocols/control-plane-protocol/frr-bgp:bgp/neighbors/unnumbered-neighbor/afi-safis/afi-safi/l2vpn-evpn/filter-config/unsuppress-map-import
destroy	/frr-routing:routing/control-plane-protocols/control-plane-protocol/frr-bgp:bgp/neighbors/unnumbered-neighbor/afi-safis/afi-safi/l2vpn-evpn/filter-config/unsuppress-map-import
modify	/frr-routing:routing/control-plane-protocols/control-plane-protocol/frr-bgp:bgp/neighbors/unnumbered-neighbor/afi-safis/afi-safi/l2vpn-evpn/filter-config/unsuppress-map-export
destroy	/frr-routing:routing/control-plane-protocols/control-plane-protocol/frr-bgp:bgp/neighbors/unnumbered-neighbor/afi-safis/afi-safi/l2vpn-evpn/filter-config/unsuppress-map-export
modify	/frr-routing:routing/control-plane-protocols/control-plane-protocol/frr-bgp:bgp/neighbors/unnumbered-neighbor/afi-safis/afi-safi/ipv4-multicast/add-paths/path-type
modify	/frr-routing:routing/control-plane-protocols/control-plane-protocol/frr-bgp:bgp/neighbors/unnumbered-neighbor/afi-safis/afi-safi/ipv4-multicast/as-path-options/allow-own-as
destroy	/frr-routing:routing/control-plane-protocols/control-plane-protocol/frr-bgp:bgp/neighbors/unnumbered-neighbor/afi-safis/afi-safi/ipv4-multicast/as-path-options/allow-own-as
modify	/frr-routing:routing/control-plane-protocols/control-plane-protocol/frr-bgp:bgp/neighbors/unnumbered-neighbor/afi-safis/afi-safi/ipv4-multicast/as-path-options/allow-own-origin-as
destroy	/frr-routing:routing/control-plane-protocols/control-plane-protocol/frr-bgp:bgp/neighbors/unnumbered-neighbor/afi-safis/afi-safi/ipv4-multicast/as-path-options/allow-own-origin-as
modify	/frr-routing:routing/control-plane-protocols/control-plane-protocol/frr-bgp:bgp/neighbors/unnumbered-neighbor/afi-safis/afi-safi/ipv4-multicast/as-path-options/replace-peer-as
modify	/frr-routing:routing/control-plane-protocols/control-plane-protocol/frr-bgp:bgp/neighbors/unnumbered-neighbor/afi-safis/afi-safi/ipv4-multicast/default-originate/originate
modify	/frr-routing:routing/control-plane-protocols/control-plane-protocol/frr-bgp:bgp/neighbors/unnumbered-neighbor/afi-safis/afi-safi/ipv4-multicast/default-originate/route-map
destroy	/frr-routing:routing/control-plane-protocols/control-plane-protocol/frr-bgp:bgp/neighbors/unnumbered-neighbor/afi-safis/afi-safi/ipv4-multicast/default-originate/route-map
modify	/frr-routing:routing/control-plane-protocols/control-plane-protocol/frr-bgp:bgp/neighbors/unnumbered-neighbor/afi-safis/afi-safi/ipv4-multicast/attr-unchanged/as-path-unchanged
modify	/frr-routing:routing/control-plane-protocols/control-plane-protocol/frr-bgp:bgp/neighbors/unnumbered-neighbor/afi-safis/afi-safi/ipv4-multicast/attr-unchanged/next-hop-unchanged
modify	/frr-routing:routing/control-plane-protocols/control-plane-protocol/frr-bgp:bgp/neighbors/unnumbered-neighbor/afi-safis/afi-safi/ipv4-multicast/attr-unchanged/med-unchanged
modify	/frr-routing:routing/control-plane-protocols/control-plane-protocol/frr-bgp:bgp/neighbors/unnumbered-neighbor/afi-safis/afi-safi/ipv4-multicast/orf-capability/orf-send
destroy	/frr-routing:routing/control-plane-protocols/control-plane-protocol/frr-bgp:bgp/neighbors/unnumbered-neighbor/afi-safis/afi-safi/ipv4-multicast/orf-capability/orf-send
modify	/frr-routing:routing/control-plane-protocols/control-plane-protocol/frr-bgp:bgp/neighbors/unnumbered-neighbor/afi-safis/afi-safi/ipv4-multicast/orf-capability/orf-receive
destroy	/frr-routing:routing/control-plane-protocols/control-plane-protocol/frr-bgp:bgp/neighbors/unnumbered-neighbor/afi-safis/afi-safi/ipv4-multicast/orf-capability/orf-receive
modify	/frr-routing:routing/control-plane-protocols/control-plane-protocol/frr-bgp:bgp/neighbors/unnumbered-neighbor/afi-safis/afi-safi/ipv4-multicast/orf-capability/orf-both
destroy	/frr-routing:routing/control-plane-protocols/control-plane-protocol/frr-bgp:bgp/neighbors/unnumbered-neighbor/afi-safis/afi-safi/ipv4-multicast/orf-capability/orf-both
create	/frr-routing:routing/control-plane-protocols/control-plane-protocol/frr-bgp:bgp/neighbors/unnumbered-neighbor/afi-safis/afi-safi/ipv4-multicast/prefix-limit/direction-list
destroy	/frr-routing:routing/control-plane-protocols/control-plane-protocol/frr-bgp:bgp/neighbors/unnumbered-neighbor/afi-safis/afi-safi/ipv4-multicast/prefix-limit/direction-list
get_next	/frr-routing:routing/control-plane-protocols/control-plane-protocol/frr-bgp:bgp/neighbors/unnumbered-neighbor/afi-safis/afi-safi/ipv4-multicast/prefix-limit/direction-list
get_keys	/frr-routing:routing/control-plane-protocols/control-plane-protocol/frr-bgp:bgp/neighbors/unnumbered-neighbor/afi-safis/afi-safi/ipv4-multicast/prefix-limit/direction-list
lookup_entry	/frr-routing:routing/control-plane-protocols/control-plane-protocol/frr-bgp:bgp/neighbors/unnumbered-neighbor/afi-safis/afi-safi/ipv4-multicast/prefix-limit/direction-list
modify	/frr-routing:routing/control-plane-protocols/control-plane-protocol/frr-bgp:bgp/neighbors/unnumbered-neighbor/afi-safis/afi-safi/ipv4-multicast/prefix-limit/direction-list/max-prefixes
modify	/frr-routing:routing/control-plane-protocols/control-plane-protocol/frr-bgp:bgp/neighbors/unnumbered-neighbor/afi-safis/afi-safi/ipv4-multicast/prefix-limit/direction-list/force-check
modify	/frr-routing:routing/control-plane-protocols/control-plane-protocol/frr-bgp:bgp/neighbors/unnumbered-neighbor/afi-safis/afi-safi/ipv4-multicast/prefix-limit/direction-list/options/warning-only
destroy	/frr-routing:routing/control-plane-protocols/control-plane-protocol/frr-bgp:bgp/neighbors/unnumbered-neighbor/afi-safis/afi-safi/ipv4-multicast/prefix-limit/direction-list/options/warning-only
modify	/frr-routing:routing/control-plane-protocols/control-plane-protocol/frr-bgp:bgp/neighbors/unnumbered-neighbor/afi-safis/afi-safi/ipv4-multicast/prefix-limit/direction-list/options/restart-timer
destroy	/frr-routing:routing/control-plane-protocols/control-plane-protocol/frr-bgp:bgp/neighbors/unnumbered-neighbor/afi-safis/afi-safi/ipv4-multicast/prefix-limit/direction-list/options/restart-timer
modify	/frr-routing:routing/control-plane-protocols/control-plane-protocol/frr-bgp:bgp/neighbors/unnumbered-neighbor/afi-safis/afi-safi/ipv4-multicast/prefix-limit/direction-list/options/shutdown-threshold-pct
destroy	/frr-routing:routing/control-plane-protocols/control-plane-protocol/frr-bgp:bgp/neighbors/unnumbered-neighbor/afi-safis/afi-safi/ipv4-multicast/prefix-limit/direction-list/options/shutdown-threshold-pct
modify	/frr-routing:routing/control-plane-protocols/control-plane-protocol/frr-bgp:bgp/neighbors/unnumbered-neighbor/afi-safis/afi-safi/ipv4-multicast/prefix-limit/direction-list/options/tr-shutdown-threshold-pct
destroy	/frr-routing:routing/control-plane-protocols/control-plane-protocol/frr-bgp:bgp/neighbors/unnumbered-neighbor/afi-safis/afi-safi/ipv4-multicast/prefix-limit/direction-list/options/tr-shutdown-threshold-pct
modify	/frr-routing:routing/control-plane-protocols/control-plane-protocol/frr-bgp:bgp/neighbors/unnumbered-neighbor/afi-safis/afi-safi/ipv4-multicast/prefix-limit/direction-list/options/tr-restart-timer
destroy	/frr-routing:routing/control-plane-protocols/control-plane-protocol/frr-bgp:bgp/neighbors/unnumbered-neighbor/afi-safis/afi-safi/ipv4-multicast/prefix-limit/direction-list/options/tr-restart-timer
modify	/frr-routing:routing/control-plane-protocols/control-plane-protocol/frr-bgp:bgp/neighbors/unnumbered-neighbor/afi-safis/afi-safi/ipv4-multicast/prefix-limit/direction-list/options/tw-shutdown-threshold-pct
destroy	/frr-routing:routing/control-plane-protocols/control-plane-protocol/frr-bgp:bgp/neighbors/unnumbered-neighbor/afi-safis/afi-safi/ipv4-multicast/prefix-limit/direction-list/options/tw-shutdown-threshold-pct
modify	/frr-routing:routing/control-plane-protocols/control-plane-protocol/frr-bgp:bgp/neighbors/unnumbered-neighbor/afi-safis/afi-safi/ipv4-multicast/prefix-limit/direction-list/options/tw-warning-only
destroy	/frr-routing:routing/control-plane-protocols/control-plane-protocol/frr-bgp:bgp/neighbors/unnumbered-neighbor/afi-safis/afi-safi/ipv4-multicast/prefix-limit/direction-list/options/tw-warning-only
modify	/frr-routing:routing/control-plane-protocols/control-plane-protocol/frr-bgp:bgp/neighbors/unnumbered-neighbor/afi-safis/afi-safi/ipv4-multicast/nexthop-self/next-hop-self
modify	/frr-routing:routing/control-plane-protocols/control-plane-protocol/frr-bgp:bgp/neighbors/unnumbered-neighbor/afi-safis/afi-safi/ipv4-multicast/nexthop-self/next-hop-self-force
modify	/frr-routing:routing/control-plane-protocols/control-plane-protocol/frr-bgp:bgp/neighbors/unnumbered-neighbor/afi-safis/afi-safi/ipv4-multicast/private-as/remove-private-as-all
modify	/frr-routing:routing/control-plane-protocols/control-plane-protocol/frr-bgp:bgp/neighbors/unnumbered-neighbor/afi-safis/afi-safi/ipv4-multicast/private-as/remove-private-as-all-replace
modify	/frr-routing:routing/control-plane-protocols/control-plane-protocol/frr-bgp:bgp/neighbors/unnumbered-neighbor/afi-safis/afi-safi/ipv4-multicast/private-as/remove-private-as
modify	/frr-routing:routing/control-plane-protocols/control-plane-protocol/frr-bgp:bgp/neighbors/unnumbered-neighbor/afi-safis/afi-safi/ipv4-multicast/private-as/remove-private-as-replace
modify	/frr-routing:routing/control-plane-protocols/control-plane-protocol/frr-bgp:bgp/neighbors/unnumbered-neighbor/afi-safis/afi-safi/ipv4-multicast/route-reflector/route-reflector-client
modify	/frr-routing:routing/control-plane-protocols/control-plane-protocol/frr-bgp:bgp/neighbors/unnumbered-neighbor/afi-safis/afi-safi/ipv4-multicast/route-server/route-server-client
modify	/frr-routing:routing/control-plane-protocols/control-plane-protocol/frr-bgp:bgp/neighbors/unnumbered-neighbor/afi-safis/afi-safi/ipv4-multicast/send-community/send-community
modify	/frr-routing:routing/control-plane-protocols/control-plane-protocol/frr-bgp:bgp/neighbors/unnumbered-neighbor/afi-safis/afi-safi/ipv4-multicast/send-community/send-ext-community
modify	/frr-routing:routing/control-plane-protocols/control-plane-protocol/frr-bgp:bgp/neighbors/unnumbered-neighbor/afi-safis/afi-safi/ipv4-multicast/send-community/send-large-community
modify	/frr-routing:routing/control-plane-protocols/control-plane-protocol/frr-bgp:bgp/neighbors/unnumbered-neighbor/afi-safis/afi-safi/ipv4-multicast/soft-reconfiguration
modify	/frr-routing:routing/control-plane-protocols/control-plane-protocol/frr-bgp:bgp/neighbors/unnumbered-neighbor/afi-safis/afi-safi/ipv4-multicast/weight/weight-attribute
destroy	/frr-routing:routing/control-plane-protocols/control-plane-protocol/frr-bgp:bgp/neighbors/unnumbered-neighbor/afi-safis/afi-safi/ipv4-multicast/weight/weight-attribute
modify	/frr-routing:routing/control-plane-protocols/control-plane-protocol/frr-bgp:bgp/neighbors/unnumbered-neighbor/afi-safis/afi-safi/ipv4-multicast/filter-config/rmap-import
destroy	/frr-routing:routing/control-plane-protocols/control-plane-protocol/frr-bgp:bgp/neighbors/unnumbered-neighbor/afi-safis/afi-safi/ipv4-multicast/filter-config/rmap-import
modify	/frr-routing:routing/control-plane-protocols/control-plane-protocol/frr-bgp:bgp/neighbors/unnumbered-neighbor/afi-safis/afi-safi/ipv4-multicast/filter-config/rmap-export
destroy	/frr-routing:routing/control-plane-protocols/control-plane-protocol/frr-bgp:bgp/neighbors/unnumbered-neighbor/afi-safis/afi-safi/ipv4-multicast/filter-config/rmap-export
modify	/frr-routing:routing/control-plane-protocols/control-plane-protocol/frr-bgp:bgp/neighbors/unnumbered-neighbor/afi-safis/afi-safi/ipv4-multicast/filter-config/plist-import
destroy	/frr-routing:routing/control-plane-protocols/control-plane-protocol/frr-bgp:bgp/neighbors/unnumbered-neighbor/afi-safis/afi-safi/ipv4-multicast/filter-config/plist-import
modify	/frr-routing:routing/control-plane-protocols/control-plane-protocol/frr-bgp:bgp/neighbors/unnumbered-neighbor/afi-safis/afi-safi/ipv4-multicast/filter-config/plist-export
destroy	/frr-routing:routing/control-plane-protocols/control-plane-protocol/frr-bgp:bgp/neighbors/unnumbered-neighbor/afi-safis/afi-safi/ipv4-multicast/filter-config/plist-export
modify	/frr-routing:routing/control-plane-protocols/control-plane-protocol/frr-bgp:bgp/neighbors/unnumbered-neighbor/afi-safis/afi-safi/ipv4-multicast/filter-config/access-list-import
destroy	/frr-routing:routing/control-plane-protocols/control-plane-protocol/frr-bgp:bgp/neighbors/unnumbered-neighbor/afi-safis/afi-safi/ipv4-multicast/filter-config/access-list-import
modify	/frr-routing:routing/control-plane-protocols/control-plane-protocol/frr-bgp:bgp/neighbors/unnumbered-neighbor/afi-safis/afi-safi/ipv4-multicast/filter-config/access-list-export
destroy	/frr-routing:routing/control-plane-protocols/control-plane-protocol/frr-bgp:bgp/neighbors/unnumbered-neighbor/afi-safis/afi-safi/ipv4-multicast/filter-config/access-list-export
modify	/frr-routing:routing/control-plane-protocols/control-plane-protocol/frr-bgp:bgp/neighbors/unnumbered-neighbor/afi-safis/afi-safi/ipv4-multicast/filter-config/as-path-filter-list-import
destroy	/frr-routing:routing/control-plane-protocols/control-plane-protocol/frr-bgp:bgp/neighbors/unnumbered-neighbor/afi-safis/afi-safi/ipv4-multicast/filter-config/as-path-filter-list-import
modify	/frr-routing:routing/control-plane-protocols/control-plane-protocol/frr-bgp:bgp/neighbors/unnumbered-neighbor/afi-safis/afi-safi/ipv4-multicast/filter-config/as-path-filter-list-export
destroy	/frr-routing:routing/control-plane-protocols/control-plane-protocol/frr-bgp:bgp/neighbors/unnumbered-neighbor/afi-safis/afi-safi/ipv4-multicast/filter-config/as-path-filter-list-export
modify	/frr-routing:routing/control-plane-protocols/control-plane-protocol/frr-bgp:bgp/neighbors/unnumbered-neighbor/afi-safis/afi-safi/ipv4-multicast/filter-config/unsuppress-map-import
destroy	/frr-routing:routing/control-plane-protocols/control-plane-protocol/frr-bgp:bgp/neighbors/unnumbered-neighbor/afi-safis/afi-safi/ipv4-multicast/filter-config/unsuppress-map-import
modify	/frr-routing:routing/control-plane-protocols/control-plane-protocol/frr-bgp:bgp/neighbors/unnumbered-neighbor/afi-safis/afi-safi/ipv4-multicast/filter-config/unsuppress-map-export
destroy	/frr-routing:routing/control-plane-protocols/control-plane-protocol/frr-bgp:bgp/neighbors/unnumbered-neighbor/afi-safis/afi-safi/ipv4-multicast/filter-config/unsuppress-map-export
modify	/frr-routing:routing/control-plane-protocols/control-plane-protocol/frr-bgp:bgp/neighbors/unnumbered-neighbor/afi-safis/afi-safi/ipv6-multicast/add-paths/path-type
modify	/frr-routing:routing/control-plane-protocols/control-plane-protocol/frr-bgp:bgp/neighbors/unnumbered-neighbor/afi-safis/afi-safi/ipv6-multicast/as-path-options/allow-own-as
destroy	/frr-routing:routing/control-plane-protocols/control-plane-protocol/frr-bgp:bgp/neighbors/unnumbered-neighbor/afi-safis/afi-safi/ipv6-multicast/as-path-options/allow-own-as
modify	/frr-routing:routing/control-plane-protocols/control-plane-protocol/frr-bgp:bgp/neighbors/unnumbered-neighbor/afi-safis/afi-safi/ipv6-multicast/as-path-options/allow-own-origin-as
destroy	/frr-routing:routing/control-plane-protocols/control-plane-protocol/frr-bgp:bgp/neighbors/unnumbered-neighbor/afi-safis/afi-safi/ipv6-multicast/as-path-options/allow-own-origin-as
modify	/frr-routing:routing/control-plane-protocols/control-plane-protocol/frr-bgp:bgp/neighbors/unnumbered-neighbor/afi-safis/afi-safi/ipv6-multicast/as-path-options/replace-peer-as
modify	/frr-routing:routing/control-plane-protocols/control-plane-protocol/frr-bgp:bgp/neighbors/unnumbered-neighbor/afi-safis/afi-safi/ipv6-multicast/default-originate/originate
modify	/frr-routing:routing/control-plane-protocols/control-plane-protocol/frr-bgp:bgp/neighbors/unnumbered-neighbor/afi-safis/afi-safi/ipv6-multicast/default-originate/route-map
destroy	/frr-routing:routing/control-plane-protocols/control-plane-protocol/frr-bgp:bgp/neighbors/unnumbered-neighbor/afi-safis/afi-safi/ipv6-multicast/default-originate/route-map
modify	/frr-routing:routing/control-plane-protocols/control-plane-protocol/frr-bgp:bgp/neighbors/unnumbered-neighbor/afi-safis/afi-safi/ipv6-multicast/attr-unchanged/as-path-unchanged
modify	/frr-routing:routing/control-plane-protocols/control-plane-protocol/frr-bgp:bgp/neighbors/unnumbered-neighbor/afi-safis/afi-safi/ipv6-multicast/attr-unchanged/next-hop-unchanged
modify	/frr-routing:routing/control-plane-protocols/control-plane-protocol/frr-bgp:bgp/neighbors/unnumbered-neighbor/afi-safis/afi-safi/ipv6-multicast/attr-unchanged/med-unchanged
modify	/frr-routing:routing/control-plane-protocols/control-plane-protocol/frr-bgp:bgp/neighbors/unnumbered-neighbor/afi-safis/afi-safi/ipv6-multicast/orf-capability/orf-send
destroy	/frr-routing:routing/control-plane-protocols/control-plane-protocol/frr-bgp:bgp/neighbors/unnumbered-neighbor/afi-safis/afi-safi/ipv6-multicast/orf-capability/orf-send
modify	/frr-routing:routing/control-plane-protocols/control-plane-protocol/frr-bgp:bgp/neighbors/unnumbered-neighbor/afi-safis/afi-safi/ipv6-multicast/orf-capability/orf-receive
destroy	/frr-routing:routing/control-plane-protocols/control-plane-protocol/frr-bgp:bgp/neighbors/unnumbered-neighbor/afi-safis/afi-safi/ipv6-multicast/orf-capability/orf-receive
modify	/frr-routing:routing/control-plane-protocols/control-plane-protocol/frr-bgp:bgp/neighbors/unnumbered-neighbor/afi-safis/afi-safi/ipv6-multicast/orf-capability/orf-both
destroy	/frr-routing:routing/control-plane-protocols/control-plane-protocol/frr-bgp:bgp/neighbors/unnumbered-neighbor/afi-safis/afi-safi/ipv6-multicast/orf-capability/orf-both
create	/frr-routing:routing/control-plane-protocols/control-plane-protocol/frr-bgp:bgp/neighbors/unnumbered-neighbor/afi-safis/afi-safi/ipv6-multicast/prefix-limit/direction-list
destroy	/frr-routing:routing/control-plane-protocols/control-plane-protocol/frr-bgp:bgp/neighbors/unnumbered-neighbor/afi-safis/afi-safi/ipv6-multicast/prefix-limit/direction-list
get_next	/frr-routing:routing/control-plane-protocols/control-plane-protocol/frr-bgp:bgp/neighbors/unnumbered-neighbor/afi-safis/afi-safi/ipv6-multicast/prefix-limit/direction-list
get_keys	/frr-routing:routing/control-plane-protocols/control-plane-protocol/frr-bgp:bgp/neighbors/unnumbered-neighbor/afi-safis/afi-safi/ipv6-multicast/prefix-limit/direction-list
lookup_entry	/frr-routing:routing/control-plane-protocols/control-plane-protocol/frr-bgp:bgp/neighbors/unnumbered-neighbor/afi-safis/afi-safi/ipv6-multicast/prefix-limit/direction-list
modify	/frr-routing:routing/control-plane-protocols/control-plane-protocol/frr-bgp:bgp/neighbors/unnumbered-neighbor/afi-safis/afi-safi/ipv6-multicast/prefix-limit/direction-list/max-prefixes
modify	/frr-routing:routing/control-plane-protocols/control-plane-protocol/frr-bgp:bgp/neighbors/unnumbered-neighbor/afi-safis/afi-safi/ipv6-multicast/prefix-limit/direction-list/force-check
modify	/frr-routing:routing/control-plane-protocols/control-plane-protocol/frr-bgp:bgp/neighbors/unnumbered-neighbor/afi-safis/afi-safi/ipv6-multicast/prefix-limit/direction-list/options/warning-only
destroy	/frr-routing:routing/control-plane-protocols/control-plane-protocol/frr-bgp:bgp/neighbors/unnumbered-neighbor/afi-safis/afi-safi/ipv6-multicast/prefix-limit/direction-list/options/warning-only
modify	/frr-routing:routing/control-plane-protocols/control-plane-protocol/frr-bgp:bgp/neighbors/unnumbered-neighbor/afi-safis/afi-safi/ipv6-multicast/prefix-limit/direction-list/options/restart-timer
destroy	/frr-routing:routing/control-plane-protocols/control-plane-protocol/frr-bgp:bgp/neighbors/unnumbered-neighbor/afi-safis/afi-safi/ipv6-multicast/prefix-limit/direction-list/options/restart-timer
modify	/frr-routing:routing/control-plane-protocols/control-plane-protocol/frr-bgp:bgp/neighbors/unnumbered-neighbor/afi-safis/afi-safi/ipv6-multicast/prefix-limit/direction-list/options/shutdown-threshold-pct
destroy	/frr-routing:routing/control-plane-protocols/control-plane-protocol/frr-bgp:bgp/neighbors/unnumbered-neighbor/afi-safis/afi-safi/ipv6-multicast/prefix-limit/direction-list/options/shutdown-threshold-pct
modify	/frr-routing:routing/control-plane-protocols/control-plane-protocol/frr-bgp:bgp/neighbors/unnumbered-neighbor/afi-safis/afi-safi/ipv6-multicast/prefix-limit/direction-list/options/tr-shutdown-threshold-pct
destroy	/frr-routing:routing/control-plane-protocols/control-plane-protocol/frr-bgp:bgp/neighbors/unnumbered-neighbor/afi-safis/afi-safi/ipv6-multicast/prefix-limit/direction-list/options/tr-shutdown-threshold-pct
modify	/frr-routing:routing/control-plane-protocols/control-plane-protocol/frr-bgp:bgp/neighbors/unnumbered-neighbor/afi-safis/afi-safi/ipv6-multicast/prefix-limit/direction-list/options/tr-restart-timer
destroy	/frr-routing:routing/control-plane-protocols/control-plane-protocol/frr-bgp:bgp/neighbors/unnumbered-neighbor/afi-safis/afi-safi/ipv6-multicast/prefix-limit/direction-list/options/tr-restart-timer
modify	/frr-routing:routing/control-plane-protocols/control-plane-protocol/frr-bgp:bgp/neighbors/unnumbered-neighbor/afi-safis/afi-safi/ipv6-multicast/prefix-limit/direction-list/options/tw-shutdown-threshold-pct
destroy	/frr-routing:routing/control-plane-protocols/control-plane-protocol/frr-bgp:bgp/neighbors/unnumbered-neighbor/afi-safis/afi-safi/ipv6-multicast/prefix-limit/direction-list/options/tw-shutdown-threshold-pct
modify	/frr-routing:routing/control-plane-protocols/control-plane-protocol/frr-bgp:bgp/neighbors/unnumbered-neighbor/afi-safis/afi-safi/ipv6-multicast/prefix-limit/direction-list/options/tw-warning-only
destroy	/frr-routing:routing/control-plane-protocols/control-plane-protocol/frr-bgp:bgp/neighbors/unnumbered-neighbor/afi-safis/afi-safi/ipv6-multicast/prefix-limit/direction-list/options/tw-warning-only
modify	/frr-routing:routing/control-plane-protocols/control-plane-protocol/frr-bgp:bgp/neighbors/unnumbered-neighbor/afi-safis/afi-safi/ipv6-multicast/nexthop-self/next-hop-self
modify	/frr-routing:routing/control-plane-protocols/control-plane-protocol/frr-bgp:bgp/neighbors/unnumbered-neighbor/afi-safis/afi-safi/ipv6-multicast/nexthop-self/next-hop-self-force
modify	/frr-routing:routing/control-plane-protocols/control-plane-protocol/frr-bgp:bgp/neighbors/unnumbered-neighbor/afi-safis/afi-safi/ipv6-multicast/private-as/remove-private-as-all
modify	/frr-routing:routing/control-plane-protocols/control-plane-protocol/frr-bgp:bgp/neighbors/unnumbered-neighbor/afi-safis/afi-safi/ipv6-multicast/private-as/remove-private-as-all-replace
modify	/frr-routing:routing/control-plane-protocols/control-plane-protocol/frr-bgp:bgp/neighbors/unnumbered-neighbor/afi-safis/afi-safi/ipv6-multicast/private-as/remove-private-as
modify	/frr-routing:routing/control-plane-protocols/control-plane-protocol/frr-bgp:bgp/neighbors/unnumbered-neighbor/afi-safis/afi-safi/ipv6-multicast/private-as/remove-private-as-replace
modify	/frr-routing:routing/control-plane-protocols/control-plane-protocol/frr-bgp:bgp/neighbors/unnumbered-neighbor/afi-safis/afi-safi/ipv6-multicast/route-reflector/route-reflector-client
modify	/frr-routing:routing/control-plane-protocols/control-plane-protocol/frr-bgp:bgp/neighbors/unnumbered-neighbor/afi-safis/afi-safi/ipv6-multicast/route-server/route-server-client
modify	/frr-routing:routing/control-plane-protocols/control-plane-protocol/frr-bgp:bgp/neighbors/unnumbered-neighbor/afi-safis/afi-safi/ipv6-multicast/send-community/send-community
modify	/frr-routing:routing/control-plane-protocols/control-plane-protocol/frr-bgp:bgp/neighbors/unnumbered-neighbor/afi-safis/afi-safi/ipv6-multicast/send-community/send-ext-community
modify	/frr-routing:routing/control-plane-protocols/control-plane-protocol/frr-bgp:bgp/neighbors/unnumbered-neighbor/afi-safis/afi-safi/ipv6-multicast/send-community/send-large-community
modify	/frr-routing:routing/control-plane-protocols/control-plane-protocol/frr-bgp:bgp/neighbors/unnumbered-neighbor/afi-safis/afi-safi/ipv6-multicast/soft-reconfiguration
modify	/frr-routing:routing/control-plane-protocols/control-plane-protocol/frr-bgp:bgp/neighbors/unnumbered-neighbor/afi-safis/afi-safi/ipv6-multicast/weight/weight-attribute
destroy	/frr-routing:routing/control-plane-protocols/control-plane-protocol/frr-bgp:bgp/neighbors/unnumbered-neighbor/afi-safis/afi-safi/ipv6-multicast/weight/weight-attribute
modify	/frr-routing:routing/control-plane-protocols/control-plane-protocol/frr-bgp:bgp/neighbors/unnumbered-neighbor/afi-safis/afi-safi/ipv6-multicast/filter-config/rmap-import
destroy	/frr-routing:routing/control-plane-protocols/control-plane-protocol/frr-bgp:bgp/neighbors/unnumbered-neighbor/afi-safis/afi-safi/ipv6-multicast/filter-config/rmap-import
modify	/frr-routing:routing/control-plane-protocols/control-plane-protocol/frr-bgp:bgp/neighbors/unnumbered-neighbor/afi-safis/afi-safi/ipv6-multicast/filter-config/rmap-export
destroy	/frr-routing:routing/control-plane-protocols/control-plane-protocol/frr-bgp:bgp/neighbors/unnumbered-neighbor/afi-safis/afi-safi/ipv6-multicast/filter-config/rmap-export
modify	/frr-routing:routing/control-plane-protocols/control-plane-protocol/frr-bgp:bgp/neighbors/unnumbered-neighbor/afi-safis/afi-safi/ipv6-multicast/filter-config/plist-import
destroy	/frr-routing:routing/control-plane-protocols/control-plane-protocol/frr-bgp:bgp/neighbors/unnumbered-neighbor/afi-safis/afi-safi/ipv6-multicast/filter-config/plist-import
modify	/frr-routing:routing/control-plane-protocols/control-plane-protocol/frr-bgp:bgp/neighbors/unnumbered-neighbor/afi-safis/afi-safi/ipv6-multicast/filter-config/plist-export
destroy	/frr-routing:routing/control-plane-protocols/control-plane-protocol/frr-bgp:bgp/neighbors/unnumbered-neighbor/afi-safis/afi-safi/ipv6-multicast/filter-config/plist-export
modify	/frr-routing:routing/control-plane-protocols/control-plane-protocol/frr-bgp:bgp/neighbors/unnumbered-neighbor/afi-safis/afi-safi/ipv6-multicast/filter-config/access-list-import
destroy	/frr-routing:routing/control-plane-protocols/control-plane-protocol/frr-bgp:bgp/neighbors/unnumbered-neighbor/afi-safis/afi-safi/ipv6-multicast/filter-config/access-list-import
modify	/frr-routing:routing/control-plane-protocols/control-plane-protocol/frr-bgp:bgp/neighbors/unnumbered-neighbor/afi-safis/afi-safi/ipv6-multicast/filter-config/access-list-export
destroy	/frr-routing:routing/control-plane-protocols/control-plane-protocol/frr-bgp:bgp/neighbors/unnumbered-neighbor/afi-safis/afi-safi/ipv6-multicast/filter-config/access-list-export
modify	/frr-routing:routing/control-plane-protocols/control-plane-protocol/frr-bgp:bgp/neighbors/unnumbered-neighbor/afi-safis/afi-safi/ipv6-multicast/filter-config/as-path-filter-list-import
destroy	/frr-routing:routing/control-plane-protocols/control-plane-protocol/frr-bgp:bgp/neighbors/unnumbered-neighbor/afi-safis/afi-safi/ipv6-multicast/filter-config/as-path-filter-list-import
modify	/frr-routing:routing/control-plane-protocols/control-plane-protocol/frr-bgp:bgp/neighbors/unnumbered-neighbor/afi-safis/afi-safi/ipv6-multicast/filter-config/as-path-filter-list-export
destroy	/frr-routing:routing/control-plane-protocols/control-plane-protocol/frr-bgp:bgp/neighbors/unnumbered-neighbor/afi-safis/afi-safi/ipv6-multicast/filter-config/as-path-filter-list-export
modify	/frr-routing:routing/control-plane-protocols/control-plane-protocol/frr-bgp:bgp/neighbors/unnumbered-neighbor/afi-safis/afi-safi/ipv6-multicast/filter-config/unsuppress-map-import
destroy	/frr-routing:routing/control-plane-protocols/control-plane-protocol/frr-bgp:bgp/neighbors/unnumbered-neighbor/afi-safis/afi-safi/ipv6-multicast/filter-config/unsuppress-map-import
modify	/frr-routing:routing/control-plane-protocols/control-plane-protocol/frr-bgp:bgp/neighbors/unnumbered-neighbor/afi-safis/afi-safi/ipv6-multicast/filter-config/unsuppress-map-export
destroy	/frr-routing:routing/control-plane-protocols/control-plane-protocol/frr-bgp:bgp/neighbors/unnumbered-neighbor/afi-safis/afi-safi/ipv6-multicast/filter-config/unsuppress-map-export
create	/frr-routing:routing/control-plane-protocols/control-plane-protocol/frr-bgp:bgp/neighbors/unnumbered-neighbor/afi-safis/afi-safi/ipv4-flowspec/local-install-interface
destroy	/frr-routing:routing/control-plane-protocols/control-plane-protocol/frr-bgp:bgp/neighbors/unnumbered-neighbor/afi-safis/afi-safi/ipv4-flowspec/local-install-interface
modify	/frr-routing:routing/control-plane-protocols/control-plane-protocol/frr-bgp:bgp/neighbors/unnumbered-neighbor/afi-safis/afi-safi/ipv4-flowspec/route-reflector/route-reflector-client
modify	/frr-routing:routing/control-plane-protocols/control-plane-protocol/frr-bgp:bgp/neighbors/unnumbered-neighbor/afi-safis/afi-safi/ipv4-flowspec/route-server/route-server-client
modify	/frr-routing:routing/control-plane-protocols/control-plane-protocol/frr-bgp:bgp/neighbors/unnumbered-neighbor/afi-safis/afi-safi/ipv4-flowspec/soft-reconfiguration
modify	/frr-routing:routing/control-plane-protocols/control-plane-protocol/frr-bgp:bgp/neighbors/unnumbered-neighbor/afi-safis/afi-safi/ipv4-flowspec/filter-config/rmap-import
destroy	/frr-routing:routing/control-plane-protocols/control-plane-protocol/frr-bgp:bgp/neighbors/unnumbered-neighbor/afi-safis/afi-safi/ipv4-flowspec/filter-config/rmap-import
modify	/frr-routing:routing/control-plane-protocols/control-plane-protocol/frr-bgp:bgp/neighbors/unnumbered-neighbor/afi-safis/afi-safi/ipv4-flowspec/filter-config/rmap-export
destroy	/frr-routing:routing/control-plane-protocols/control-plane-protocol/frr-bgp:bgp/neighbors/unnumbered-neighbor/afi-safis/afi-safi/ipv4-flowspec/filter-config/rmap-export
modify	/frr-routing:routing/control-plane-protocols/control-plane-protocol/frr-bgp:bgp/neighbors/unnumbered-neighbor/afi-safis/afi-safi/ipv4-flowspec/filter-config/plist-import
destroy	/frr-routing:routing/control-plane-protocols/control-plane-protocol/frr-bgp:bgp/neighbors/unnumbered-neighbor/afi-safis/afi-safi/ipv4-flowspec/filter-config/plist-import
modify	/frr-routing:routing/control-plane-protocols/control-plane-protocol/frr-bgp:bgp/neighbors/unnumbered-neighbor/afi-safis/afi-safi/ipv4-flowspec/filter-config/plist-export
destroy	/frr-routing:routing/control-plane-protocols/control-plane-protocol/frr-bgp:bgp/neighbors/unnumbered-neighbor/afi-safis/afi-safi/ipv4-flowspec/filter-config/plist-export
modify	/frr-routing:routing/control-plane-protocols/control-plane-protocol/frr-bgp:bgp/neighbors/unnumbered-neighbor/afi-safis/afi-safi/ipv4-flowspec/filter-config/access-list-import
destroy	/frr-routing:routing/control-plane-protocols/control-plane-protocol/frr-bgp:bgp/neighbors/unnumbered-neighbor/afi-safis/afi-safi/ipv4-flowspec/filter-config/access-list-import
modify	/frr-routing:routing/control-plane-protocols/control-plane-protocol/frr-bgp:bgp/neighbors/unnumbered-neighbor/afi-safis/afi-safi/ipv4-flowspec/filter-config/access-list-export
destroy	/frr-routing:routing/control-plane-protocols/control-plane-protocol/frr-bgp:bgp/neighbors/unnumbered-neighbor/afi-safis/afi-safi/ipv4-flowspec/filter-config/access-list-export
modify	/frr-routing:routing/control-plane-protocols/control-plane-protocol/frr-bgp:bgp/neighbors/unnumbered-neighbor/afi-safis/afi-safi/ipv4-flowspec/filter-config/as-path-filter-list-import
destroy	/frr-routing:routing/control-plane-protocols/control-plane-protocol/frr-bgp:bgp/neighbors/unnumbered-neighbor/afi-safis/afi-safi/ipv4-flowspec/filter-config/as-path-filter-list-import
modify	/frr-routing:routing/control-plane-protocols/control-plane-protocol/frr-bgp:bgp/neighbors/unnumbered-neighbor/afi-safis/afi-safi/ipv4-flowspec/filter-config/as-path-filter-list-export
destroy	/frr-routing:routing/control-plane-protocols/control-plane-protocol/frr-bgp:bgp/neighbors/unnumbered-neighbor/afi-safis/afi-safi/ipv4-flowspec/filter-config/as-path-filter-list-export
modify	/frr-routing:routing/control-plane-protocols/control-plane-protocol/frr-bgp:bgp/neighbors/unnumbered-neighbor/afi-safis/afi-safi/ipv4-flowspec/filter-config/unsuppress-map-import
destroy	/frr-routing:routing/control-plane-protocols/control-plane-protocol/frr-bgp:bgp/neighbors/unnumbered-neighbor/afi-safis/afi-safi/ipv4-flowspec/filter-config/unsuppress-map-import
modify	/frr-routing:routing/control-plane-protocols/control-plane-protocol/frr-bgp:bgp/neighbors/unnumbered-neighbor/afi-safis/afi-safi/ipv4-flowspec/filter-config/unsuppress-map-export
destroy	/frr-routing:routing/control-plane-protocols/control-plane-protocol/frr-bgp:bgp/neighbors/unnumbered-neighbor/afi-safis/afi-safi/ipv4-flowspec/filter-config/unsuppress-map-export
create	/frr-routing:routing/control-plane-protocols/control-plane-protocol/frr-bgp:bgp/neighbors/unnumbered-neighbor/afi-safis/afi-safi/ipv6-flowspec/local-install-interface
destroy	/frr-routing:routing/control-plane-protocols/control-plane-protocol/frr-bgp:bgp/neighbors/unnumbered-neighbor/afi-safis/afi-safi/ipv6-flowspec/local-install-interface
modify	/frr-routing:routing/control-plane-protocols/control-plane-protocol/frr-bgp:bgp/neighbors/unnumbered-neighbor/afi-safis/afi-safi/ipv6-flowspec/route-reflector/route-reflector-client
modify	/frr-routing:routing/control-plane-protocols/control-plane-protocol/frr-bgp:bgp/neighbors/unnumbered-neighbor/afi-safis/afi-safi/ipv6-flowspec/route-server/route-server-client
modify	/frr-routing:routing/control-plane-protocols/control-plane-protocol/frr-bgp:bgp/neighbors/unnumbered-neighbor/afi-safis/afi-safi/ipv6-flowspec/soft-reconfiguration
modify	/frr-routing:routing/control-plane-protocols/control-plane-protocol/frr-bgp:bgp/neighbors/unnumbered-neighbor/afi-safis/afi-safi/ipv6-flowspec/filter-config/rmap-import
destroy	/frr-routing:routing/control-plane-protocols/control-plane-protocol/frr-bgp:bgp/neighbors/unnumbered-neighbor/afi-safis/afi-safi/ipv6-flowspec/filter-config/rmap-import
modify	/frr-routing:routing/control-plane-protocols/control-plane-protocol/frr-bgp:bgp/neighbors/unnumbered-neighbor/afi-safis/afi-safi/ipv6-flowspec/filter-config/rmap-export
destroy	/frr-routing:routing/control-plane-protocols/control-plane-protocol/frr-bgp:bgp/neighbors/unnumbered-neighbor/afi-safis/afi-safi/ipv6-flowspec/filter-config/rmap-export
modify	/frr-routing:routing/control-plane-protocols/control-plane-protocol/frr-bgp:bgp/neighbors/unnumbered-neighbor/afi-safis/afi-safi/ipv6-flowspec/filter-config/plist-import
destroy	/frr-routing:routing/control-plane-protocols/control-plane-protocol/frr-bgp:bgp/neighbors/unnumbered-neighbor/afi-safis/afi-safi/ipv6-flowspec/filter-config/plist-import
modify	/frr-routing:routing/control-plane-protocols/control-plane-protocol/frr-bgp:bgp/neighbors/unnumbered-neighbor/afi-safis/afi-safi/ipv6-flowspec/filter-config/plist-export
destroy	/frr-routing:routing/control-plane-protocols/control-plane-protocol/frr-bgp:bgp/neighbors/unnumbered-neighbor/afi-safis/afi-safi/ipv6-flowspec/filter-config/plist-export
modify	/frr-routing:routing/control-plane-protocols/control-plane-protocol/frr-bgp:bgp/neighbors/unnumbered-neighbor/afi-safis/afi-safi/ipv6-flowspec/filter-config/access-list-import
destroy	/frr-routing:routing/control-plane-protocols/control-plane-protocol/frr-bgp:bgp/neighbors/unnumbered-neighbor/afi-safis/afi-safi/ipv6-flowspec/filter-config/access-list-import
modify	/frr-routing:routing/control-plane-protocols/control-plane-protocol/frr-bgp:bgp/neighbors/unnumbered-neighbor/afi-safis/afi-safi/ipv6-flowspec/filter-config/access-list-export
destroy	/frr-routing:routing/control-plane-protocols/control-plane-protocol/frr-bgp:bgp/neighbors/unnumbered-neighbor/afi-safis/afi-safi/ipv6-flowspec/filter-config/access-list-export
modify	/frr-routing:routing/control-plane-protocols/control-plane-protocol/frr-bgp:bgp/neighbors/unnumbered-neighbor/afi-safis/afi-safi/ipv6-flowspec/filter-config/as-path-filter-list-import
destroy	/frr-routing:routing/control-plane-protocols/control-plane-protocol/frr-bgp:bgp/neighbors/unnumbered-neighbor/afi-safis/afi-safi/ipv6-flowspec/filter-config/as-path-filter-list-import
modify	/frr-routing:routing/control-plane-protocols/control-plane-protocol/frr-bgp:bgp/neighbors/unnumbered-neighbor/afi-safis/afi-safi/ipv6-flowspec/filter-config/as-path-filter-list-export
destroy	/frr-routing:routing/control-plane-protocols/control-plane-protocol/frr-bgp:bgp/neighbors/unnumbered-neighbor/afi-safis/afi-safi/ipv6-flowspec/filter-config/as-path-filter-list-export
modify	/frr-routing:routing/control-plane-protocols/control-plane-protocol/frr-bgp:bgp/neighbors/unnumbered-neighbor/afi-safis/afi-safi/ipv6-flowspec/filter-config/unsuppress-map-import
destroy	/frr-routing:routing/control-plane-protocols/control-plane-protocol/frr-bgp:bgp/neighbors/unnumbered-neighbor/afi-safis/afi-safi/ipv6-flowspec/filter-config/unsuppress-map-import
modify	/frr-routing:routing/control-plane-protocols/control-plane-protocol/frr-bgp:bgp/neighbors/unnumbered-neighbor/afi-safis/afi-safi/ipv6-flowspec/filter-config/unsuppress-map-export
destroy	/frr-routing:routing/control-plane-protocols/control-plane-protocol/frr-bgp:bgp/neighbors/unnumbered-neighbor/afi-safis/afi-safi/ipv6-flowspec/filter-config/unsuppress-map-export
modify	/frr-routing:routing/control-plane-protocols/control-plane-protocol/frr-bgp:bgp/neighbors/unnumbered-neighbor/capability-options/dynamic-capability
modify	/frr-routing:routing/control-plane-protocols/control-plane-protocol/frr-bgp:bgp/neighbors/unnumbered-neighbor/capability-options/strict-capability
modify	/frr-routing:routing/control-plane-protocols/control-plane-protocol/frr-bgp:bgp/neighbors/unnumbered-neighbor/capability-options/extended-nexthop-capability
modify	/frr-routing:routing/control-plane-protocols/control-plane-protocol/frr-bgp:bgp/neighbors/unnumbered-neighbor/capability-options/capability-negotiate
modify	/frr-routing:routing/control-plane-protocols/control-plane-protocol/frr-bgp:bgp/neighbors/unnumbered-neighbor/capability-options/override-capability
get_next	/frr-routing:routing/control-plane-protocols/control-plane-protocol/frr-bgp:bgp/peer-groups/peer-group
get_keys	/frr-routing:routing/control-plane-protocols/control-plane-protocol/frr-bgp:bgp/peer-groups/peer-group
lookup_entry	/frr-routing:routing/control-plane-protocols/control-plane-protocol/frr-bgp:bgp/peer-groups/peer-group
modify	/frr-routing:routing/control-plane-protocols/control-plane-protocol/frr-bgp:bgp/peer-groups/peer-group/neighbor-remote-as/remote-as-type
destroy	/frr-routing:routing/control-plane-protocols/control-plane-protocol/frr-bgp:bgp/peer-groups/peer-group/neighbor-remote-as/remote-as-type
modify	/frr-routing:routing/control-plane-protocols/control-plane-protocol/frr-bgp:bgp/peer-groups/peer-group/neighbor-remote-as/remote-as
destroy	/frr-routing:routing/control-plane-protocols/control-plane-protocol/frr-bgp:bgp/peer-groups/peer-group/neighbor-remote-as/remote-as
modify	/frr-routing:routing/control-plane-protocols/control-plane-protocol/frr-bgp:bgp/peer-groups/peer-group/password
destroy	/frr-routing:routing/control-plane-protocols/control-plane-protocol/frr-bgp:bgp/peer-groups/peer-group/password
modify	/frr-routing:routing/control-plane-protocols/control-plane-protocol/frr-bgp:bgp/peer-groups/peer-group/ttl-security
destroy	/frr-routing:routing/control-plane-protocols/control-plane-protocol/frr-bgp:bgp/peer-groups/peer-group/ttl-security
modify	/frr-routing:routing/control-plane-protocols/control-plane-protocol/frr-bgp:bgp/peer-groups/peer-group/solo
modify	/frr-routing:routing/control-plane-protocols/control-plane-protocol/frr-bgp:bgp/peer-groups/peer-group/enforce-first-as
modify	/frr-routing:routing/control-plane-protocols/control-plane-protocol/frr-bgp:bgp/peer-groups/peer-group/description
destroy	/frr-routing:routing/control-plane-protocols/control-plane-protocol/frr-bgp:bgp/peer-groups/peer-group/description
modify	/frr-routing:routing/control-plane-protocols/control-plane-protocol/frr-bgp:bgp/peer-groups/peer-group/passive-mode
modify	/frr-routing:routing/control-plane-protocols/control-plane-protocol/frr-bgp:bgp/peer-groups/peer-group/aigp
modify	/frr-routing:routing/control-plane-protocols/control-plane-protocol/frr-bgp:bgp/peer-groups/peer-group/ip-transparent
modify	/frr-routing:routing/control-plane-protocols/control-plane-protocol/frr-bgp:bgp/peer-groups/peer-group/extended-link-bandwidth
modify	/frr-routing:routing/control-plane-protocols/control-plane-protocol/frr-bgp:bgp/peer-groups/peer-group/disable-link-bw-encoding-ieee
modify	/frr-routing:routing/control-plane-protocols/control-plane-protocol/frr-bgp:bgp/peer-groups/peer-group/extended-optional-parameters
modify	/frr-routing:routing/control-plane-protocols/control-plane-protocol/frr-bgp:bgp/peer-groups/peer-group/send-nexthop-characteristics
modify	/frr-routing:routing/control-plane-protocols/control-plane-protocol/frr-bgp:bgp/peer-groups/peer-group/rpki-strict
modify	/frr-routing:routing/control-plane-protocols/control-plane-protocol/frr-bgp:bgp/peer-groups/peer-group/capability-fqdn
modify	/frr-routing:routing/control-plane-protocols/control-plane-protocol/frr-bgp:bgp/peer-groups/peer-group/capability-link-local
modify	/frr-routing:routing/control-plane-protocols/control-plane-protocol/frr-bgp:bgp/peer-groups/peer-group/capability-software-version
modify	/frr-routing:routing/control-plane-protocols/control-plane-protocol/frr-bgp:bgp/peer-groups/peer-group/capability-software-version-latest-encoding
modify	/frr-routing:routing/control-plane-protocols/control-plane-protocol/frr-bgp:bgp/peer-groups/peer-group/as-loop-detection
modify	/frr-routing:routing/control-plane-protocols/control-plane-protocol/frr-bgp:bgp/peer-groups/peer-group/oad
modify	/frr-routing:routing/control-plane-protocols/control-plane-protocol/frr-bgp:bgp/peer-groups/peer-group/ls-local-link-id
destroy	/frr-routing:routing/control-plane-protocols/control-plane-protocol/frr-bgp:bgp/peer-groups/peer-group/ls-local-link-id
modify	/frr-routing:routing/control-plane-protocols/control-plane-protocol/frr-bgp:bgp/peer-groups/peer-group/ls-remote-link-id
destroy	/frr-routing:routing/control-plane-protocols/control-plane-protocol/frr-bgp:bgp/peer-groups/peer-group/ls-remote-link-id
modify	/frr-routing:routing/control-plane-protocols/control-plane-protocol/frr-bgp:bgp/peer-groups/peer-group/peer-graceful-shutdown
modify	/frr-routing:routing/control-plane-protocols/control-plane-protocol/frr-bgp:bgp/peer-groups/peer-group/timers-delayopen
destroy	/frr-routing:routing/control-plane-protocols/control-plane-protocol/frr-bgp:bgp/peer-groups/peer-group/timers-delayopen
modify	/frr-routing:routing/control-plane-protocols/control-plane-protocol/frr-bgp:bgp/peer-groups/peer-group/shutdown-rtt/rtt
destroy	/frr-routing:routing/control-plane-protocols/control-plane-protocol/frr-bgp:bgp/peer-groups/peer-group/shutdown-rtt/rtt
modify	/frr-routing:routing/control-plane-protocols/control-plane-protocol/frr-bgp:bgp/peer-groups/peer-group/shutdown-rtt/count
destroy	/frr-routing:routing/control-plane-protocols/control-plane-protocol/frr-bgp:bgp/peer-groups/peer-group/shutdown-rtt/count
modify	/frr-routing:routing/control-plane-protocols/control-plane-protocol/frr-bgp:bgp/peer-groups/peer-group/tcp-mss
destroy	/frr-routing:routing/control-plane-protocols/control-plane-protocol/frr-bgp:bgp/peer-groups/peer-group/tcp-mss
modify	/frr-routing:routing/control-plane-protocols/control-plane-protocol/frr-bgp:bgp/peer-groups/peer-group/port
destroy	/frr-routing:routing/control-plane-protocols/control-plane-protocol/frr-bgp:bgp/peer-groups/peer-group/port
modify	/frr-routing:routing/control-plane-protocols/control-plane-protocol/frr-bgp:bgp/peer-groups/peer-group/local-role/role
destroy	/frr-routing:routing/control-plane-protocols/control-plane-protocol/frr-bgp:bgp/peer-groups/peer-group/local-role/role
modify	/frr-routing:routing/control-plane-protocols/control-plane-protocol/frr-bgp:bgp/peer-groups/peer-group/local-role/strict-mode
modify	/frr-routing:routing/control-plane-protocols/control-plane-protocol/frr-bgp:bgp/peer-groups/peer-group/update-source/ip
destroy	/frr-routing:routing/control-plane-protocols/control-plane-protocol/frr-bgp:bgp/peer-groups/peer-group/update-source/ip
modify	/frr-routing:routing/control-plane-protocols/control-plane-protocol/frr-bgp:bgp/peer-groups/peer-group/update-source/interface
destroy	/frr-routing:routing/control-plane-protocols/control-plane-protocol/frr-bgp:bgp/peer-groups/peer-group/update-source/interface
modify	/frr-routing:routing/control-plane-protocols/control-plane-protocol/frr-bgp:bgp/peer-groups/peer-group/ebgp-multihop/enabled
destroy	/frr-routing:routing/control-plane-protocols/control-plane-protocol/frr-bgp:bgp/peer-groups/peer-group/ebgp-multihop/enabled
modify	/frr-routing:routing/control-plane-protocols/control-plane-protocol/frr-bgp:bgp/peer-groups/peer-group/ebgp-multihop/multihop-ttl
destroy	/frr-routing:routing/control-plane-protocols/control-plane-protocol/frr-bgp:bgp/peer-groups/peer-group/ebgp-multihop/multihop-ttl
modify	/frr-routing:routing/control-plane-protocols/control-plane-protocol/frr-bgp:bgp/peer-groups/peer-group/ebgp-multihop/disable-connected-check
modify	/frr-routing:routing/control-plane-protocols/control-plane-protocol/frr-bgp:bgp/peer-groups/peer-group/local-as/local-as
destroy	/frr-routing:routing/control-plane-protocols/control-plane-protocol/frr-bgp:bgp/peer-groups/peer-group/local-as/local-as
modify	/frr-routing:routing/control-plane-protocols/control-plane-protocol/frr-bgp:bgp/peer-groups/peer-group/local-as/no-prepend
modify	/frr-routing:routing/control-plane-protocols/control-plane-protocol/frr-bgp:bgp/peer-groups/peer-group/local-as/replace-as
modify	/frr-routing:routing/control-plane-protocols/control-plane-protocol/frr-bgp:bgp/peer-groups/peer-group/local-as/dual-as
modify	/frr-routing:routing/control-plane-protocols/control-plane-protocol/frr-bgp:bgp/peer-groups/peer-group/bfd-options/enable
modify	/frr-routing:routing/control-plane-protocols/control-plane-protocol/frr-bgp:bgp/peer-groups/peer-group/bfd-options/detect-multiplier
destroy	/frr-routing:routing/control-plane-protocols/control-plane-protocol/frr-bgp:bgp/peer-groups/peer-group/bfd-options/detect-multiplier
modify	/frr-routing:routing/control-plane-protocols/control-plane-protocol/frr-bgp:bgp/peer-groups/peer-group/bfd-options/required-min-rx
destroy	/frr-routing:routing/control-plane-protocols/control-plane-protocol/frr-bgp:bgp/peer-groups/peer-group/bfd-options/required-min-rx
modify	/frr-routing:routing/control-plane-protocols/control-plane-protocol/frr-bgp:bgp/peer-groups/peer-group/bfd-options/desired-min-tx
destroy	/frr-routing:routing/control-plane-protocols/control-plane-protocol/frr-bgp:bgp/peer-groups/peer-group/bfd-options/desired-min-tx
modify	/frr-routing:routing/control-plane-protocols/control-plane-protocol/frr-bgp:bgp/peer-groups/peer-group/bfd-options/session-type
destroy	/frr-routing:routing/control-plane-protocols/control-plane-protocol/frr-bgp:bgp/peer-groups/peer-group/bfd-options/session-type
modify	/frr-routing:routing/control-plane-protocols/control-plane-protocol/frr-bgp:bgp/peer-groups/peer-group/bfd-options/check-cp-failure
destroy	/frr-routing:routing/control-plane-protocols/control-plane-protocol/frr-bgp:bgp/peer-groups/peer-group/bfd-options/check-cp-failure
modify	/frr-routing:routing/control-plane-protocols/control-plane-protocol/frr-bgp:bgp/peer-groups/peer-group/admin-shutdown/enable
destroy	/frr-routing:routing/control-plane-protocols/control-plane-protocol/frr-bgp:bgp/peer-groups/peer-group/admin-shutdown/enable
modify	/frr-routing:routing/control-plane-protocols/control-plane-protocol/frr-bgp:bgp/peer-groups/peer-group/admin-shutdown/message
destroy	/frr-routing:routing/control-plane-protocols/control-plane-protocol/frr-bgp:bgp/peer-groups/peer-group/admin-shutdown/message
modify	/frr-routing:routing/control-plane-protocols/control-plane-protocol/frr-bgp:bgp/peer-groups/peer-group/graceful-restart/enable
destroy	/frr-routing:routing/control-plane-protocols/control-plane-protocol/frr-bgp:bgp/peer-groups/peer-group/graceful-restart/enable
modify	/frr-routing:routing/control-plane-protocols/control-plane-protocol/frr-bgp:bgp/peer-groups/peer-group/graceful-restart/graceful-restart-helper
destroy	/frr-routing:routing/control-plane-protocols/control-plane-protocol/frr-bgp:bgp/peer-groups/peer-group/graceful-restart/graceful-restart-helper
modify	/frr-routing:routing/control-plane-protocols/control-plane-protocol/frr-bgp:bgp/peer-groups/peer-group/graceful-restart/graceful-restart-disable
destroy	/frr-routing:routing/control-plane-protocols/control-plane-protocol/frr-bgp:bgp/peer-groups/peer-group/graceful-restart/graceful-restart-disable
modify	/frr-routing:routing/control-plane-protocols/control-plane-protocol/frr-bgp:bgp/peer-groups/peer-group/timers/advertise-interval
destroy	/frr-routing:routing/control-plane-protocols/control-plane-protocol/frr-bgp:bgp/peer-groups/peer-group/timers/advertise-interval
modify	/frr-routing:routing/control-plane-protocols/control-plane-protocol/frr-bgp:bgp/peer-groups/peer-group/timers/connect-time
destroy	/frr-routing:routing/control-plane-protocols/control-plane-protocol/frr-bgp:bgp/peer-groups/peer-group/timers/connect-time
modify	/frr-routing:routing/control-plane-protocols/control-plane-protocol/frr-bgp:bgp/peer-groups/peer-group/timers/hold-time
modify	/frr-routing:routing/control-plane-protocols/control-plane-protocol/frr-bgp:bgp/peer-groups/peer-group/timers/keepalive
create	/frr-routing:routing/control-plane-protocols/control-plane-protocol/frr-bgp:bgp/peer-groups/peer-group/afi-safis/afi-safi
destroy	/frr-routing:routing/control-plane-protocols/control-plane-protocol/frr-bgp:bgp/peer-groups/peer-group/afi-safis/afi-safi
get_next	/frr-routing:routing/control-plane-protocols/control-plane-protocol/frr-bgp:bgp/peer-groups/peer-group/afi-safis/afi-safi
get_keys	/frr-routing:routing/control-plane-protocols/control-plane-protocol/frr-bgp:bgp/peer-groups/peer-group/afi-safis/afi-safi
lookup_entry	/frr-routing:routing/control-plane-protocols/control-plane-protocol/frr-bgp:bgp/peer-groups/peer-group/afi-safis/afi-safi
modify	/frr-routing:routing/control-plane-protocols/control-plane-protocol/frr-bgp:bgp/peer-groups/peer-group/afi-safis/afi-safi/enabled
destroy	/frr-routing:routing/control-plane-protocols/control-plane-protocol/frr-bgp:bgp/peer-groups/peer-group/afi-safis/afi-safi/enabled
modify	/frr-routing:routing/control-plane-protocols/control-plane-protocol/frr-bgp:bgp/peer-groups/peer-group/afi-safis/afi-safi/soft-reconfiguration-inbound
modify	/frr-routing:routing/control-plane-protocols/control-plane-protocol/frr-bgp:bgp/peer-groups/peer-group/afi-safis/afi-safi/as-override
modify	/frr-routing:routing/control-plane-protocols/control-plane-protocol/frr-bgp:bgp/peer-groups/peer-group/afi-safis/afi-safi/route-reflector-client
modify	/frr-routing:routing/control-plane-protocols/control-plane-protocol/frr-bgp:bgp/peer-groups/peer-group/afi-safis/afi-safi/route-server-client
modify	/frr-routing:routing/control-plane-protocols/control-plane-protocol/frr-bgp:bgp/peer-groups/peer-group/afi-safis/afi-safi/next-hop-self
modify	/frr-routing:routing/control-plane-protocols/control-plane-protocol/frr-bgp:bgp/peer-groups/peer-group/afi-safis/afi-safi/next-hop-self-force
modify	/frr-routing:routing/control-plane-protocols/control-plane-protocol/frr-bgp:bgp/peer-groups/peer-group/afi-safis/afi-safi/remove-private-as
modify	/frr-routing:routing/control-plane-protocols/control-plane-protocol/frr-bgp:bgp/peer-groups/peer-group/afi-safis/afi-safi/remove-private-as-all
modify	/frr-routing:routing/control-plane-protocols/control-plane-protocol/frr-bgp:bgp/peer-groups/peer-group/afi-safis/afi-safi/remove-private-as-replace-as
modify	/frr-routing:routing/control-plane-protocols/control-plane-protocol/frr-bgp:bgp/peer-groups/peer-group/afi-safis/afi-safi/remove-private-as-all-replace-as
modify	/frr-routing:routing/control-plane-protocols/control-plane-protocol/frr-bgp:bgp/peer-groups/peer-group/afi-safis/afi-safi/nexthop-local-unchanged
modify	/frr-routing:routing/control-plane-protocols/control-plane-protocol/frr-bgp:bgp/peer-groups/peer-group/afi-safis/afi-safi/send-community-standard
modify	/frr-routing:routing/control-plane-protocols/control-plane-protocol/frr-bgp:bgp/peer-groups/peer-group/afi-safis/afi-safi/send-community-extended
modify	/frr-routing:routing/control-plane-protocols/control-plane-protocol/frr-bgp:bgp/peer-groups/peer-group/afi-safis/afi-safi/send-community-large
modify	/frr-routing:routing/control-plane-protocols/control-plane-protocol/frr-bgp:bgp/peer-groups/peer-group/afi-safis/afi-safi/weight
destroy	/frr-routing:routing/control-plane-protocols/control-plane-protocol/frr-bgp:bgp/peer-groups/peer-group/afi-safis/afi-safi/weight
modify	/frr-routing:routing/control-plane-protocols/control-plane-protocol/frr-bgp:bgp/peer-groups/peer-group/afi-safis/afi-safi/allowas-in
destroy	/frr-routing:routing/control-plane-protocols/control-plane-protocol/frr-bgp:bgp/peer-groups/peer-group/afi-safis/afi-safi/allowas-in
modify	/frr-routing:routing/control-plane-protocols/control-plane-protocol/frr-bgp:bgp/peer-groups/peer-group/afi-safis/afi-safi/graceful-shutdown
modify	/frr-routing:routing/control-plane-protocols/control-plane-protocol/frr-bgp:bgp/peer-groups/peer-group/afi-safis/afi-safi/accept-own
modify	/frr-routing:routing/control-plane-protocols/control-plane-protocol/frr-bgp:bgp/peer-groups/peer-group/afi-safis/afi-safi/disable-addpath-rx
modify	/frr-routing:routing/control-plane-protocols/control-plane-protocol/frr-bgp:bgp/peer-groups/peer-group/afi-safis/afi-safi/addpath-tx-all-paths
modify	/frr-routing:routing/control-plane-protocols/control-plane-protocol/frr-bgp:bgp/peer-groups/peer-group/afi-safis/afi-safi/addpath-tx-best-selected-paths
destroy	/frr-routing:routing/control-plane-protocols/control-plane-protocol/frr-bgp:bgp/peer-groups/peer-group/afi-safis/afi-safi/addpath-tx-best-selected-paths
modify	/frr-routing:routing/control-plane-protocols/control-plane-protocol/frr-bgp:bgp/peer-groups/peer-group/afi-safis/afi-safi/addpath-tx-bestpath-per-as
modify	/frr-routing:routing/control-plane-protocols/control-plane-protocol/frr-bgp:bgp/peer-groups/peer-group/afi-safis/afi-safi/encapsulation-srv6
modify	/frr-routing:routing/control-plane-protocols/control-plane-protocol/frr-bgp:bgp/peer-groups/peer-group/afi-safis/afi-safi/encapsulation-mpls
modify	/frr-routing:routing/control-plane-protocols/control-plane-protocol/frr-bgp:bgp/peer-groups/peer-group/afi-safis/afi-safi/soo
destroy	/frr-routing:routing/control-plane-protocols/control-plane-protocol/frr-bgp:bgp/peer-groups/peer-group/afi-safis/afi-safi/soo
modify	/frr-routing:routing/control-plane-protocols/control-plane-protocol/frr-bgp:bgp/peer-groups/peer-group/afi-safis/afi-safi/attribute-unchanged-as-path
modify	/frr-routing:routing/control-plane-protocols/control-plane-protocol/frr-bgp:bgp/peer-groups/peer-group/afi-safis/afi-safi/attribute-unchanged-next-hop
modify	/frr-routing:routing/control-plane-protocols/control-plane-protocol/frr-bgp:bgp/peer-groups/peer-group/afi-safis/afi-safi/attribute-unchanged-med
modify	/frr-routing:routing/control-plane-protocols/control-plane-protocol/frr-bgp:bgp/peer-groups/peer-group/afi-safis/afi-safi/ipv4-unicast/add-paths/path-type
modify	/frr-routing:routing/control-plane-protocols/control-plane-protocol/frr-bgp:bgp/peer-groups/peer-group/afi-safis/afi-safi/ipv4-unicast/as-path-options/allow-own-as
destroy	/frr-routing:routing/control-plane-protocols/control-plane-protocol/frr-bgp:bgp/peer-groups/peer-group/afi-safis/afi-safi/ipv4-unicast/as-path-options/allow-own-as
modify	/frr-routing:routing/control-plane-protocols/control-plane-protocol/frr-bgp:bgp/peer-groups/peer-group/afi-safis/afi-safi/ipv4-unicast/as-path-options/allow-own-origin-as
destroy	/frr-routing:routing/control-plane-protocols/control-plane-protocol/frr-bgp:bgp/peer-groups/peer-group/afi-safis/afi-safi/ipv4-unicast/as-path-options/allow-own-origin-as
modify	/frr-routing:routing/control-plane-protocols/control-plane-protocol/frr-bgp:bgp/peer-groups/peer-group/afi-safis/afi-safi/ipv4-unicast/as-path-options/replace-peer-as
modify	/frr-routing:routing/control-plane-protocols/control-plane-protocol/frr-bgp:bgp/peer-groups/peer-group/afi-safis/afi-safi/ipv4-unicast/default-originate/originate
modify	/frr-routing:routing/control-plane-protocols/control-plane-protocol/frr-bgp:bgp/peer-groups/peer-group/afi-safis/afi-safi/ipv4-unicast/default-originate/route-map
destroy	/frr-routing:routing/control-plane-protocols/control-plane-protocol/frr-bgp:bgp/peer-groups/peer-group/afi-safis/afi-safi/ipv4-unicast/default-originate/route-map
create	/frr-routing:routing/control-plane-protocols/control-plane-protocol/frr-bgp:bgp/peer-groups/peer-group/afi-safis/afi-safi/ipv4-unicast/prefix-limit/direction-list
destroy	/frr-routing:routing/control-plane-protocols/control-plane-protocol/frr-bgp:bgp/peer-groups/peer-group/afi-safis/afi-safi/ipv4-unicast/prefix-limit/direction-list
get_next	/frr-routing:routing/control-plane-protocols/control-plane-protocol/frr-bgp:bgp/peer-groups/peer-group/afi-safis/afi-safi/ipv4-unicast/prefix-limit/direction-list
get_keys	/frr-routing:routing/control-plane-protocols/control-plane-protocol/frr-bgp:bgp/peer-groups/peer-group/afi-safis/afi-safi/ipv4-unicast/prefix-limit/direction-list
lookup_entry	/frr-routing:routing/control-plane-protocols/control-plane-protocol/frr-bgp:bgp/peer-groups/peer-group/afi-safis/afi-safi/ipv4-unicast/prefix-limit/direction-list
modify	/frr-routing:routing/control-plane-protocols/control-plane-protocol/frr-bgp:bgp/peer-groups/peer-group/afi-safis/afi-safi/ipv4-unicast/prefix-limit/direction-list/max-prefixes
modify	/frr-routing:routing/control-plane-protocols/control-plane-protocol/frr-bgp:bgp/peer-groups/peer-group/afi-safis/afi-safi/ipv4-unicast/prefix-limit/direction-list/force-check
modify	/frr-routing:routing/control-plane-protocols/control-plane-protocol/frr-bgp:bgp/peer-groups/peer-group/afi-safis/afi-safi/ipv4-unicast/prefix-limit/direction-list/options/warning-only
destroy	/frr-routing:routing/control-plane-protocols/control-plane-protocol/frr-bgp:bgp/peer-groups/peer-group/afi-safis/afi-safi/ipv4-unicast/prefix-limit/direction-list/options/warning-only
modify	/frr-routing:routing/control-plane-protocols/control-plane-protocol/frr-bgp:bgp/peer-groups/peer-group/afi-safis/afi-safi/ipv4-unicast/prefix-limit/direction-list/options/restart-timer
destroy	/frr-routing:routing/control-plane-protocols/control-plane-protocol/frr-bgp:bgp/peer-groups/peer-group/afi-safis/afi-safi/ipv4-unicast/prefix-limit/direction-list/options/restart-timer
modify	/frr-routing:routing/control-plane-protocols/control-plane-protocol/frr-bgp:bgp/peer-groups/peer-group/afi-safis/afi-safi/ipv4-unicast/prefix-limit/direction-list/options/shutdown-threshold-pct
destroy	/frr-routing:routing/control-plane-protocols/control-plane-protocol/frr-bgp:bgp/peer-groups/peer-group/afi-safis/afi-safi/ipv4-unicast/prefix-limit/direction-list/options/shutdown-threshold-pct
modify	/frr-routing:routing/control-plane-protocols/control-plane-protocol/frr-bgp:bgp/peer-groups/peer-group/afi-safis/afi-safi/ipv4-unicast/prefix-limit/direction-list/options/tr-shutdown-threshold-pct
destroy	/frr-routing:routing/control-plane-protocols/control-plane-protocol/frr-bgp:bgp/peer-groups/peer-group/afi-safis/afi-safi/ipv4-unicast/prefix-limit/direction-list/options/tr-shutdown-threshold-pct
modify	/frr-routing:routing/control-plane-protocols/control-plane-protocol/frr-bgp:bgp/peer-groups/peer-group/afi-safis/afi-safi/ipv4-unicast/prefix-limit/direction-list/options/tr-restart-timer
destroy	/frr-routing:routing/control-plane-protocols/control-plane-protocol/frr-bgp:bgp/peer-groups/peer-group/afi-safis/afi-safi/ipv4-unicast/prefix-limit/direction-list/options/tr-restart-timer
modify	/frr-routing:routing/control-plane-protocols/control-plane-protocol/frr-bgp:bgp/peer-groups/peer-group/afi-safis/afi-safi/ipv4-unicast/prefix-limit/direction-list/options/tw-shutdown-threshold-pct
destroy	/frr-routing:routing/control-plane-protocols/control-plane-protocol/frr-bgp:bgp/peer-groups/peer-group/afi-safis/afi-safi/ipv4-unicast/prefix-limit/direction-list/options/tw-shutdown-threshold-pct
modify	/frr-routing:routing/control-plane-protocols/control-plane-protocol/frr-bgp:bgp/peer-groups/peer-group/afi-safis/afi-safi/ipv4-unicast/prefix-limit/direction-list/options/tw-warning-only
destroy	/frr-routing:routing/control-plane-protocols/control-plane-protocol/frr-bgp:bgp/peer-groups/peer-group/afi-safis/afi-safi/ipv4-unicast/prefix-limit/direction-list/options/tw-warning-only
modify	/frr-routing:routing/control-plane-protocols/control-plane-protocol/frr-bgp:bgp/peer-groups/peer-group/afi-safis/afi-safi/ipv4-unicast/nexthop-self/next-hop-self
modify	/frr-routing:routing/control-plane-protocols/control-plane-protocol/frr-bgp:bgp/peer-groups/peer-group/afi-safis/afi-safi/ipv4-unicast/nexthop-self/next-hop-self-force
modify	/frr-routing:routing/control-plane-protocols/control-plane-protocol/frr-bgp:bgp/peer-groups/peer-group/afi-safis/afi-safi/ipv4-unicast/private-as/remove-private-as-all
modify	/frr-routing:routing/control-plane-protocols/control-plane-protocol/frr-bgp:bgp/peer-groups/peer-group/afi-safis/afi-safi/ipv4-unicast/private-as/remove-private-as-all-replace
modify	/frr-routing:routing/control-plane-protocols/control-plane-protocol/frr-bgp:bgp/peer-groups/peer-group/afi-safis/afi-safi/ipv4-unicast/private-as/remove-private-as
modify	/frr-routing:routing/control-plane-protocols/control-plane-protocol/frr-bgp:bgp/peer-groups/peer-group/afi-safis/afi-safi/ipv4-unicast/private-as/remove-private-as-replace
modify	/frr-routing:routing/control-plane-protocols/control-plane-protocol/frr-bgp:bgp/peer-groups/peer-group/afi-safis/afi-safi/ipv4-unicast/weight/weight-attribute
destroy	/frr-routing:routing/control-plane-protocols/control-plane-protocol/frr-bgp:bgp/peer-groups/peer-group/afi-safis/afi-safi/ipv4-unicast/weight/weight-attribute
modify	/frr-routing:routing/control-plane-protocols/control-plane-protocol/frr-bgp:bgp/peer-groups/peer-group/afi-safis/afi-safi/ipv4-unicast/route-reflector/route-reflector-client
modify	/frr-routing:routing/control-plane-protocols/control-plane-protocol/frr-bgp:bgp/peer-groups/peer-group/afi-safis/afi-safi/ipv4-unicast/route-server/route-server-client
modify	/frr-routing:routing/control-plane-protocols/control-plane-protocol/frr-bgp:bgp/peer-groups/peer-group/afi-safis/afi-safi/ipv4-unicast/send-community/send-community
modify	/frr-routing:routing/control-plane-protocols/control-plane-protocol/frr-bgp:bgp/peer-groups/peer-group/afi-safis/afi-safi/ipv4-unicast/send-community/send-ext-community
modify	/frr-routing:routing/control-plane-protocols/control-plane-protocol/frr-bgp:bgp/peer-groups/peer-group/afi-safis/afi-safi/ipv4-unicast/send-community/send-large-community
modify	/frr-routing:routing/control-plane-protocols/control-plane-protocol/frr-bgp:bgp/peer-groups/peer-group/afi-safis/afi-safi/ipv4-unicast/soft-reconfiguration
modify	/frr-routing:routing/control-plane-protocols/control-plane-protocol/frr-bgp:bgp/peer-groups/peer-group/afi-safis/afi-safi/ipv4-unicast/attr-unchanged/as-path-unchanged
modify	/frr-routing:routing/control-plane-protocols/control-plane-protocol/frr-bgp:bgp/peer-groups/peer-group/afi-safis/afi-safi/ipv4-unicast/attr-unchanged/next-hop-unchanged
modify	/frr-routing:routing/control-plane-protocols/control-plane-protocol/frr-bgp:bgp/peer-groups/peer-group/afi-safis/afi-safi/ipv4-unicast/attr-unchanged/med-unchanged
modify	/frr-routing:routing/control-plane-protocols/control-plane-protocol/frr-bgp:bgp/peer-groups/peer-group/afi-safis/afi-safi/ipv4-unicast/orf-capability/orf-send
destroy	/frr-routing:routing/control-plane-protocols/control-plane-protocol/frr-bgp:bgp/peer-groups/peer-group/afi-safis/afi-safi/ipv4-unicast/orf-capability/orf-send
modify	/frr-routing:routing/control-plane-protocols/control-plane-protocol/frr-bgp:bgp/peer-groups/peer-group/afi-safis/afi-safi/ipv4-unicast/orf-capability/orf-receive
destroy	/frr-routing:routing/control-plane-protocols/control-plane-protocol/frr-bgp:bgp/peer-groups/peer-group/afi-safis/afi-safi/ipv4-unicast/orf-capability/orf-receive
modify	/frr-routing:routing/control-plane-protocols/control-plane-protocol/frr-bgp:bgp/peer-groups/peer-group/afi-safis/afi-safi/ipv4-unicast/orf-capability/orf-both
destroy	/frr-routing:routing/control-plane-protocols/control-plane-protocol/frr-bgp:bgp/peer-groups/peer-group/afi-safis/afi-safi/ipv4-unicast/orf-capability/orf-both
modify	/frr-routing:routing/control-plane-protocols/control-plane-protocol/frr-bgp:bgp/peer-groups/peer-group/afi-safis/afi-safi/ipv4-unicast/filter-config/rmap-import
destroy	/frr-routing:routing/control-plane-protocols/control-plane-protocol/frr-bgp:bgp/peer-groups/peer-group/afi-safis/afi-safi/ipv4-unicast/filter-config/rmap-import
modify	/frr-routing:routing/control-plane-protocols/control-plane-protocol/frr-bgp:bgp/peer-groups/peer-group/afi-safis/afi-safi/ipv4-unicast/filter-config/rmap-export
destroy	/frr-routing:routing/control-plane-protocols/control-plane-protocol/frr-bgp:bgp/peer-groups/peer-group/afi-safis/afi-safi/ipv4-unicast/filter-config/rmap-export
modify	/frr-routing:routing/control-plane-protocols/control-plane-protocol/frr-bgp:bgp/peer-groups/peer-group/afi-safis/afi-safi/ipv4-unicast/filter-config/plist-import
destroy	/frr-routing:routing/control-plane-protocols/control-plane-protocol/frr-bgp:bgp/peer-groups/peer-group/afi-safis/afi-safi/ipv4-unicast/filter-config/plist-import
modify	/frr-routing:routing/control-plane-protocols/control-plane-protocol/frr-bgp:bgp/peer-groups/peer-group/afi-safis/afi-safi/ipv4-unicast/filter-config/plist-export
destroy	/frr-routing:routing/control-plane-protocols/control-plane-protocol/frr-bgp:bgp/peer-groups/peer-group/afi-safis/afi-safi/ipv4-unicast/filter-config/plist-export
modify	/frr-routing:routing/control-plane-protocols/control-plane-protocol/frr-bgp:bgp/peer-groups/peer-group/afi-safis/afi-safi/ipv4-unicast/filter-config/access-list-import
destroy	/frr-routing:routing/control-plane-protocols/control-plane-protocol/frr-bgp:bgp/peer-groups/peer-group/afi-safis/afi-safi/ipv4-unicast/filter-config/access-list-import
modify	/frr-routing:routing/control-plane-protocols/control-plane-protocol/frr-bgp:bgp/peer-groups/peer-group/afi-safis/afi-safi/ipv4-unicast/filter-config/access-list-export
destroy	/frr-routing:routing/control-plane-protocols/control-plane-protocol/frr-bgp:bgp/peer-groups/peer-group/afi-safis/afi-safi/ipv4-unicast/filter-config/access-list-export
modify	/frr-routing:routing/control-plane-protocols/control-plane-protocol/frr-bgp:bgp/peer-groups/peer-group/afi-safis/afi-safi/ipv4-unicast/filter-config/as-path-filter-list-import
destroy	/frr-routing:routing/control-plane-protocols/control-plane-protocol/frr-bgp:bgp/peer-groups/peer-group/afi-safis/afi-safi/ipv4-unicast/filter-config/as-path-filter-list-import
modify	/frr-routing:routing/control-plane-protocols/control-plane-protocol/frr-bgp:bgp/peer-groups/peer-group/afi-safis/afi-safi/ipv4-unicast/filter-config/as-path-filter-list-export
destroy	/frr-routing:routing/control-plane-protocols/control-plane-protocol/frr-bgp:bgp/peer-groups/peer-group/afi-safis/afi-safi/ipv4-unicast/filter-config/as-path-filter-list-export
modify	/frr-routing:routing/control-plane-protocols/control-plane-protocol/frr-bgp:bgp/peer-groups/peer-group/afi-safis/afi-safi/ipv4-unicast/filter-config/unsuppress-map-import
destroy	/frr-routing:routing/control-plane-protocols/control-plane-protocol/frr-bgp:bgp/peer-groups/peer-group/afi-safis/afi-safi/ipv4-unicast/filter-config/unsuppress-map-import
modify	/frr-routing:routing/control-plane-protocols/control-plane-protocol/frr-bgp:bgp/peer-groups/peer-group/afi-safis/afi-safi/ipv4-unicast/filter-config/unsuppress-map-export
destroy	/frr-routing:routing/control-plane-protocols/control-plane-protocol/frr-bgp:bgp/peer-groups/peer-group/afi-safis/afi-safi/ipv4-unicast/filter-config/unsuppress-map-export
modify	/frr-routing:routing/control-plane-protocols/control-plane-protocol/frr-bgp:bgp/peer-groups/peer-group/afi-safis/afi-safi/ipv6-unicast/nexthop-local-unchanged
modify	/frr-routing:routing/control-plane-protocols/control-plane-protocol/frr-bgp:bgp/peer-groups/peer-group/afi-safis/afi-safi/ipv6-unicast/add-paths/path-type
modify	/frr-routing:routing/control-plane-protocols/control-plane-protocol/frr-bgp:bgp/peer-groups/peer-group/afi-safis/afi-safi/ipv6-unicast/as-path-options/allow-own-as
destroy	/frr-routing:routing/control-plane-protocols/control-plane-protocol/frr-bgp:bgp/peer-groups/peer-group/afi-safis/afi-safi/ipv6-unicast/as-path-options/allow-own-as
modify	/frr-routing:routing/control-plane-protocols/control-plane-protocol/frr-bgp:bgp/peer-groups/peer-group/afi-safis/afi-safi/ipv6-unicast/as-path-options/allow-own-origin-as
destroy	/frr-routing:routing/control-plane-protocols/control-plane-protocol/frr-bgp:bgp/peer-groups/peer-group/afi-safis/afi-safi/ipv6-unicast/as-path-options/allow-own-origin-as
modify	/frr-routing:routing/control-plane-protocols/control-plane-protocol/frr-bgp:bgp/peer-groups/peer-group/afi-safis/afi-safi/ipv6-unicast/as-path-options/replace-peer-as
modify	/frr-routing:routing/control-plane-protocols/control-plane-protocol/frr-bgp:bgp/peer-groups/peer-group/afi-safis/afi-safi/ipv6-unicast/default-originate/originate
modify	/frr-routing:routing/control-plane-protocols/control-plane-protocol/frr-bgp:bgp/peer-groups/peer-group/afi-safis/afi-safi/ipv6-unicast/default-originate/route-map
destroy	/frr-routing:routing/control-plane-protocols/control-plane-protocol/frr-bgp:bgp/peer-groups/peer-group/afi-safis/afi-safi/ipv6-unicast/default-originate/route-map
modify	/frr-routing:routing/control-plane-protocols/control-plane-protocol/frr-bgp:bgp/peer-groups/peer-group/afi-safis/afi-safi/ipv6-unicast/attr-unchanged/as-path-unchanged
modify	/frr-routing:routing/control-plane-protocols/control-plane-protocol/frr-bgp:bgp/peer-groups/peer-group/afi-safis/afi-safi/ipv6-unicast/attr-unchanged/next-hop-unchanged
modify	/frr-routing:routing/control-plane-protocols/control-plane-protocol/frr-bgp:bgp/peer-groups/peer-group/afi-safis/afi-safi/ipv6-unicast/attr-unchanged/med-unchanged
modify	/frr-routing:routing/control-plane-protocols/control-plane-protocol/frr-bgp:bgp/peer-groups/peer-group/afi-safis/afi-safi/ipv6-unicast/orf-capability/orf-send
destroy	/frr-routing:routing/control-plane-protocols/control-plane-protocol/frr-bgp:bgp/peer-groups/peer-group/afi-safis/afi-safi/ipv6-unicast/orf-capability/orf-send
modify	/frr-routing:routing/control-plane-protocols/control-plane-protocol/frr-bgp:bgp/peer-groups/peer-group/afi-safis/afi-safi/ipv6-unicast/orf-capability/orf-receive
destroy	/frr-routing:routing/control-plane-protocols/control-plane-protocol/frr-bgp:bgp/peer-groups/peer-group/afi-safis/afi-safi/ipv6-unicast/orf-capability/orf-receive
modify	/frr-routing:routing/control-plane-protocols/control-plane-protocol/frr-bgp:bgp/peer-groups/peer-group/afi-safis/afi-safi/ipv6-unicast/orf-capability/orf-both
destroy	/frr-routing:routing/control-plane-protocols/control-plane-protocol/frr-bgp:bgp/peer-groups/peer-group/afi-safis/afi-safi/ipv6-unicast/orf-capability/orf-both
create	/frr-routing:routing/control-plane-protocols/control-plane-protocol/frr-bgp:bgp/peer-groups/peer-group/afi-safis/afi-safi/ipv6-unicast/prefix-limit/direction-list
destroy	/frr-routing:routing/control-plane-protocols/control-plane-protocol/frr-bgp:bgp/peer-groups/peer-group/afi-safis/afi-safi/ipv6-unicast/prefix-limit/direction-list
get_next	/frr-routing:routing/control-plane-protocols/control-plane-protocol/frr-bgp:bgp/peer-groups/peer-group/afi-safis/afi-safi/ipv6-unicast/prefix-limit/direction-list
get_keys	/frr-routing:routing/control-plane-protocols/control-plane-protocol/frr-bgp:bgp/peer-groups/peer-group/afi-safis/afi-safi/ipv6-unicast/prefix-limit/direction-list
lookup_entry	/frr-routing:routing/control-plane-protocols/control-plane-protocol/frr-bgp:bgp/peer-groups/peer-group/afi-safis/afi-safi/ipv6-unicast/prefix-limit/direction-list
modify	/frr-routing:routing/control-plane-protocols/control-plane-protocol/frr-bgp:bgp/peer-groups/peer-group/afi-safis/afi-safi/ipv6-unicast/prefix-limit/direction-list/max-prefixes
modify	/frr-routing:routing/control-plane-protocols/control-plane-protocol/frr-bgp:bgp/peer-groups/peer-group/afi-safis/afi-safi/ipv6-unicast/prefix-limit/direction-list/force-check
modify	/frr-routing:routing/control-plane-protocols/control-plane-protocol/frr-bgp:bgp/peer-groups/peer-group/afi-safis/afi-safi/ipv6-unicast/prefix-limit/direction-list/options/warning-only
destroy	/frr-routing:routing/control-plane-protocols/control-plane-protocol/frr-bgp:bgp/peer-groups/peer-group/afi-safis/afi-safi/ipv6-unicast/prefix-limit/direction-list/options/warning-only
modify	/frr-routing:routing/control-plane-protocols/control-plane-protocol/frr-bgp:bgp/peer-groups/peer-group/afi-safis/afi-safi/ipv6-unicast/prefix-limit/direction-list/options/restart-timer
destroy	/frr-routing:routing/control-plane-protocols/control-plane-protocol/frr-bgp:bgp/peer-groups/peer-group/afi-safis/afi-safi/ipv6-unicast/prefix-limit/direction-list/options/restart-timer
modify	/frr-routing:routing/control-plane-protocols/control-plane-protocol/frr-bgp:bgp/peer-groups/peer-group/afi-safis/afi-safi/ipv6-unicast/prefix-limit/direction-list/options/shutdown-threshold-pct
destroy	/frr-routing:routing/control-plane-protocols/control-plane-protocol/frr-bgp:bgp/peer-groups/peer-group/afi-safis/afi-safi/ipv6-unicast/prefix-limit/direction-list/options/shutdown-threshold-pct
modify	/frr-routing:routing/control-plane-protocols/control-plane-protocol/frr-bgp:bgp/peer-groups/peer-group/afi-safis/afi-safi/ipv6-unicast/prefix-limit/direction-list/options/tr-shutdown-threshold-pct
destroy	/frr-routing:routing/control-plane-protocols/control-plane-protocol/frr-bgp:bgp/peer-groups/peer-group/afi-safis/afi-safi/ipv6-unicast/prefix-limit/direction-list/options/tr-shutdown-threshold-pct
modify	/frr-routing:routing/control-plane-protocols/control-plane-protocol/frr-bgp:bgp/peer-groups/peer-group/afi-safis/afi-safi/ipv6-unicast/prefix-limit/direction-list/options/tr-restart-timer
destroy	/frr-routing:routing/control-plane-protocols/control-plane-protocol/frr-bgp:bgp/peer-groups/peer-group/afi-safis/afi-safi/ipv6-unicast/prefix-limit/direction-list/options/tr-restart-timer
modify	/frr-routing:routing/control-plane-protocols/control-plane-protocol/frr-bgp:bgp/peer-groups/peer-group/afi-safis/afi-safi/ipv6-unicast/prefix-limit/direction-list/options/tw-shutdown-threshold-pct
destroy	/frr-routing:routing/control-plane-protocols/control-plane-protocol/frr-bgp:bgp/peer-groups/peer-group/afi-safis/afi-safi/ipv6-unicast/prefix-limit/direction-list/options/tw-shutdown-threshold-pct
modify	/frr-routing:routing/control-plane-protocols/control-plane-protocol/frr-bgp:bgp/peer-groups/peer-group/afi-safis/afi-safi/ipv6-unicast/prefix-limit/direction-list/options/tw-warning-only
destroy	/frr-routing:routing/control-plane-protocols/control-plane-protocol/frr-bgp:bgp/peer-groups/peer-group/afi-safis/afi-safi/ipv6-unicast/prefix-limit/direction-list/options/tw-warning-only
modify	/frr-routing:routing/control-plane-protocols/control-plane-protocol/frr-bgp:bgp/peer-groups/peer-group/afi-safis/afi-safi/ipv6-unicast/nexthop-self/next-hop-self
modify	/frr-routing:routing/control-plane-protocols/control-plane-protocol/frr-bgp:bgp/peer-groups/peer-group/afi-safis/afi-safi/ipv6-unicast/nexthop-self/next-hop-self-force
modify	/frr-routing:routing/control-plane-protocols/control-plane-protocol/frr-bgp:bgp/peer-groups/peer-group/afi-safis/afi-safi/ipv6-unicast/private-as/remove-private-as-all
modify	/frr-routing:routing/control-plane-protocols/control-plane-protocol/frr-bgp:bgp/peer-groups/peer-group/afi-safis/afi-safi/ipv6-unicast/private-as/remove-private-as-all-replace
modify	/frr-routing:routing/control-plane-protocols/control-plane-protocol/frr-bgp:bgp/peer-groups/peer-group/afi-safis/afi-safi/ipv6-unicast/private-as/remove-private-as
modify	/frr-routing:routing/control-plane-protocols/control-plane-protocol/frr-bgp:bgp/peer-groups/peer-group/afi-safis/afi-safi/ipv6-unicast/private-as/remove-private-as-replace
modify	/frr-routing:routing/control-plane-protocols/control-plane-protocol/frr-bgp:bgp/peer-groups/peer-group/afi-safis/afi-safi/ipv6-unicast/route-reflector/route-reflector-client
modify	/frr-routing:routing/control-plane-protocols/control-plane-protocol/frr-bgp:bgp/peer-groups/peer-group/afi-safis/afi-safi/ipv6-unicast/route-server/route-server-client
modify	/frr-routing:routing/control-plane-protocols/control-plane-protocol/frr-bgp:bgp/peer-groups/peer-group/afi-safis/afi-safi/ipv6-unicast/send-community/send-community
modify	/frr-routing:routing/control-plane-protocols/control-plane-protocol/frr-bgp:bgp/peer-groups/peer-group/afi-safis/afi-safi/ipv6-unicast/send-community/send-ext-community
modify	/frr-routing:routing/control-plane-protocols/control-plane-protocol/frr-bgp:bgp/peer-groups/peer-group/afi-safis/afi-safi/ipv6-unicast/send-community/send-large-community
modify	/frr-routing:routing/control-plane-protocols/control-plane-protocol/frr-bgp:bgp/peer-groups/peer-group/afi-safis/afi-safi/ipv6-unicast/soft-reconfiguration
modify	/frr-routing:routing/control-plane-protocols/control-plane-protocol/frr-bgp:bgp/peer-groups/peer-group/afi-safis/afi-safi/ipv6-unicast/weight/weight-attribute
destroy	/frr-routing:routing/control-plane-protocols/control-plane-protocol/frr-bgp:bgp/peer-groups/peer-group/afi-safis/afi-safi/ipv6-unicast/weight/weight-attribute
modify	/frr-routing:routing/control-plane-protocols/control-plane-protocol/frr-bgp:bgp/peer-groups/peer-group/afi-safis/afi-safi/ipv6-unicast/filter-config/rmap-import
destroy	/frr-routing:routing/control-plane-protocols/control-plane-protocol/frr-bgp:bgp/peer-groups/peer-group/afi-safis/afi-safi/ipv6-unicast/filter-config/rmap-import
modify	/frr-routing:routing/control-plane-protocols/control-plane-protocol/frr-bgp:bgp/peer-groups/peer-group/afi-safis/afi-safi/ipv6-unicast/filter-config/rmap-export
destroy	/frr-routing:routing/control-plane-protocols/control-plane-protocol/frr-bgp:bgp/peer-groups/peer-group/afi-safis/afi-safi/ipv6-unicast/filter-config/rmap-export
modify	/frr-routing:routing/control-plane-protocols/control-plane-protocol/frr-bgp:bgp/peer-groups/peer-group/afi-safis/afi-safi/ipv6-unicast/filter-config/plist-import
destroy	/frr-routing:routing/control-plane-protocols/control-plane-protocol/frr-bgp:bgp/peer-groups/peer-group/afi-safis/afi-safi/ipv6-unicast/filter-config/plist-import
modify	/frr-routing:routing/control-plane-protocols/control-plane-protocol/frr-bgp:bgp/peer-groups/peer-group/afi-safis/afi-safi/ipv6-unicast/filter-config/plist-export
destroy	/frr-routing:routing/control-plane-protocols/control-plane-protocol/frr-bgp:bgp/peer-groups/peer-group/afi-safis/afi-safi/ipv6-unicast/filter-config/plist-export
modify	/frr-routing:routing/control-plane-protocols/control-plane-protocol/frr-bgp:bgp/peer-groups/peer-group/afi-safis/afi-safi/ipv6-unicast/filter-config/access-list-import
destroy	/frr-routing:routing/control-plane-protocols/control-plane-protocol/frr-bgp:bgp/peer-groups/peer-group/afi-safis/afi-safi/ipv6-unicast/filter-config/access-list-import
modify	/frr-routing:routing/control-plane-protocols/control-plane-protocol/frr-bgp:bgp/peer-groups/peer-group/afi-safis/afi-safi/ipv6-unicast/filter-config/access-list-export
destroy	/frr-routing:routing/control-plane-protocols/control-plane-protocol/frr-bgp:bgp/peer-groups/peer-group/afi-safis/afi-safi/ipv6-unicast/filter-config/access-list-export
modify	/frr-routing:routing/control-plane-protocols/control-plane-protocol/frr-bgp:bgp/peer-groups/peer-group/afi-safis/afi-safi/ipv6-unicast/filter-config/as-path-filter-list-import
destroy	/frr-routing:routing/control-plane-protocols/control-plane-protocol/frr-bgp:bgp/peer-groups/peer-group/afi-safis/afi-safi/ipv6-unicast/filter-config/as-path-filter-list-import
modify	/frr-routing:routing/control-plane-protocols/control-plane-protocol/frr-bgp:bgp/peer-groups/peer-group/afi-safis/afi-safi/ipv6-unicast/filter-config/as-path-filter-list-export
destroy	/frr-routing:routing/control-plane-protocols/control-plane-protocol/frr-bgp:bgp/peer-groups/peer-group/afi-safis/afi-safi/ipv6-unicast/filter-config/as-path-filter-list-export
modify	/frr-routing:routing/control-plane-protocols/control-plane-protocol/frr-bgp:bgp/peer-groups/peer-group/afi-safis/afi-safi/ipv6-unicast/filter-config/unsuppress-map-import
destroy	/frr-routing:routing/control-plane-protocols/control-plane-protocol/frr-bgp:bgp/peer-groups/peer-group/afi-safis/afi-safi/ipv6-unicast/filter-config/unsuppress-map-import
modify	/frr-routing:routing/control-plane-protocols/control-plane-protocol/frr-bgp:bgp/peer-groups/peer-group/afi-safis/afi-safi/ipv6-unicast/filter-config/unsuppress-map-export
destroy	/frr-routing:routing/control-plane-protocols/control-plane-protocol/frr-bgp:bgp/peer-groups/peer-group/afi-safis/afi-safi/ipv6-unicast/filter-config/unsuppress-map-export
modify	/frr-routing:routing/control-plane-protocols/control-plane-protocol/frr-bgp:bgp/peer-groups/peer-group/afi-safis/afi-safi/ipv4-labeled-unicast/add-paths/path-type
modify	/frr-routing:routing/control-plane-protocols/control-plane-protocol/frr-bgp:bgp/peer-groups/peer-group/afi-safis/afi-safi/ipv4-labeled-unicast/as-path-options/allow-own-as
destroy	/frr-routing:routing/control-plane-protocols/control-plane-protocol/frr-bgp:bgp/peer-groups/peer-group/afi-safis/afi-safi/ipv4-labeled-unicast/as-path-options/allow-own-as
modify	/frr-routing:routing/control-plane-protocols/control-plane-protocol/frr-bgp:bgp/peer-groups/peer-group/afi-safis/afi-safi/ipv4-labeled-unicast/as-path-options/allow-own-origin-as
destroy	/frr-routing:routing/control-plane-protocols/control-plane-protocol/frr-bgp:bgp/peer-groups/peer-group/afi-safis/afi-safi/ipv4-labeled-unicast/as-path-options/allow-own-origin-as
modify	/frr-routing:routing/control-plane-protocols/control-plane-protocol/frr-bgp:bgp/peer-groups/peer-group/afi-safis/afi-safi/ipv4-labeled-unicast/as-path-options/replace-peer-as
modify	/frr-routing:routing/control-plane-protocols/control-plane-protocol/frr-bgp:bgp/peer-groups/peer-group/afi-safis/afi-safi/ipv4-labeled-unicast/default-originate/originate
modify	/frr-routing:routing/control-plane-protocols/control-plane-protocol/frr-bgp:bgp/peer-groups/peer-group/afi-safis/afi-safi/ipv4-labeled-unicast/default-originate/route-map
destroy	/frr-routing:routing/control-plane-protocols/control-plane-protocol/frr-bgp:bgp/peer-groups/peer-group/afi-safis/afi-safi/ipv4-labeled-unicast/default-originate/route-map
modify	/frr-routing:routing/control-plane-protocols/control-plane-protocol/frr-bgp:bgp/peer-groups/peer-group/afi-safis/afi-safi/ipv4-labeled-unicast/attr-unchanged/as-path-unchanged
modify	/frr-routing:routing/control-plane-protocols/control-plane-protocol/frr-bgp:bgp/peer-groups/peer-group/afi-safis/afi-safi/ipv4-labeled-unicast/attr-unchanged/next-hop-unchanged
modify	/frr-routing:routing/control-plane-protocols/control-plane-protocol/frr-bgp:bgp/peer-groups/peer-group/afi-safis/afi-safi/ipv4-labeled-unicast/attr-unchanged/med-unchanged
modify	/frr-routing:routing/control-plane-protocols/control-plane-protocol/frr-bgp:bgp/peer-groups/peer-group/afi-safis/afi-safi/ipv4-labeled-unicast/orf-capability/orf-send
destroy	/frr-routing:routing/control-plane-protocols/control-plane-protocol/frr-bgp:bgp/peer-groups/peer-group/afi-safis/afi-safi/ipv4-labeled-unicast/orf-capability/orf-send
modify	/frr-routing:routing/control-plane-protocols/control-plane-protocol/frr-bgp:bgp/peer-groups/peer-group/afi-safis/afi-safi/ipv4-labeled-unicast/orf-capability/orf-receive
destroy	/frr-routing:routing/control-plane-protocols/control-plane-protocol/frr-bgp:bgp/peer-groups/peer-group/afi-safis/afi-safi/ipv4-labeled-unicast/orf-capability/orf-receive
modify	/frr-routing:routing/control-plane-protocols/control-plane-protocol/frr-bgp:bgp/peer-groups/peer-group/afi-safis/afi-safi/ipv4-labeled-unicast/orf-capability/orf-both
destroy	/frr-routing:routing/control-plane-protocols/control-plane-protocol/frr-bgp:bgp/peer-groups/peer-group/afi-safis/afi-safi/ipv4-labeled-unicast/orf-capability/orf-both
create	/frr-routing:routing/control-plane-protocols/control-plane-protocol/frr-bgp:bgp/peer-groups/peer-group/afi-safis/afi-safi/ipv4-labeled-unicast/prefix-limit/direction-list
destroy	/frr-routing:routing/control-plane-protocols/control-plane-protocol/frr-bgp:bgp/peer-groups/peer-group/afi-safis/afi-safi/ipv4-labeled-unicast/prefix-limit/direction-list
get_next	/frr-routing:routing/control-plane-protocols/control-plane-protocol/frr-bgp:bgp/peer-groups/peer-group/afi-safis/afi-safi/ipv4-labeled-unicast/prefix-limit/direction-list
get_keys	/frr-routing:routing/control-plane-protocols/control-plane-protocol/frr-bgp:bgp/peer-groups/peer-group/afi-safis/afi-safi/ipv4-labeled-unicast/prefix-limit/direction-list
lookup_entry	/frr-routing:routing/control-plane-protocols/control-plane-protocol/frr-bgp:bgp/peer-groups/peer-group/afi-safis/afi-safi/ipv4-labeled-unicast/prefix-limit/direction-list
modify	/frr-routing:routing/control-plane-protocols/control-plane-protocol/frr-bgp:bgp/peer-groups/peer-group/afi-safis/afi-safi/ipv4-labeled-unicast/prefix-limit/direction-list/max-prefixes
modify	/frr-routing:routing/control-plane-protocols/control-plane-protocol/frr-bgp:bgp/peer-groups/peer-group/afi-safis/afi-safi/ipv4-labeled-unicast/prefix-limit/direction-list/force-check
modify	/frr-routing:routing/control-plane-protocols/control-plane-protocol/frr-bgp:bgp/peer-groups/peer-group/afi-safis/afi-safi/ipv4-labeled-unicast/prefix-limit/direction-list/options/warning-only
destroy	/frr-routing:routing/control-plane-protocols/control-plane-protocol/frr-bgp:bgp/peer-groups/peer-group/afi-safis/afi-safi/ipv4-labeled-unicast/prefix-limit/direction-list/options/warning-only
modify	/frr-routing:routing/control-plane-protocols/control-plane-protocol/frr-bgp:bgp/peer-groups/peer-group/afi-safis/afi-safi/ipv4-labeled-unicast/prefix-limit/direction-list/options/restart-timer
destroy	/frr-routing:routing/control-plane-protocols/control-plane-protocol/frr-bgp:bgp/peer-groups/peer-group/afi-safis/afi-safi/ipv4-labeled-unicast/prefix-limit/direction-list/options/restart-timer
modify	/frr-routing:routing/control-plane-protocols/control-plane-protocol/frr-bgp:bgp/peer-groups/peer-group/afi-safis/afi-safi/ipv4-labeled-unicast/prefix-limit/direction-list/options/shutdown-threshold-pct
destroy	/frr-routing:routing/control-plane-protocols/control-plane-protocol/frr-bgp:bgp/peer-groups/peer-group/afi-safis/afi-safi/ipv4-labeled-unicast/prefix-limit/direction-list/options/shutdown-threshold-pct
modify	/frr-routing:routing/control-plane-protocols/control-plane-protocol/frr-bgp:bgp/peer-groups/peer-group/afi-safis/afi-safi/ipv4-labeled-unicast/prefix-limit/direction-list/options/tr-shutdown-threshold-pct
destroy	/frr-routing:routing/control-plane-protocols/control-plane-protocol/frr-bgp:bgp/peer-groups/peer-group/afi-safis/afi-safi/ipv4-labeled-unicast/prefix-limit/direction-list/options/tr-shutdown-threshold-pct
modify	/frr-routing:routing/control-plane-protocols/control-plane-protocol/frr-bgp:bgp/peer-groups/peer-group/afi-safis/afi-safi/ipv4-labeled-unicast/prefix-limit/direction-list/options/tr-restart-timer
destroy	/frr-routing:routing/control-plane-protocols/control-plane-protocol/frr-bgp:bgp/peer-groups/peer-group/afi-safis/afi-safi/ipv4-labeled-unicast/prefix-limit/direction-list/options/tr-restart-timer
modify	/frr-routing:routing/control-plane-protocols/control-plane-protocol/frr-bgp:bgp/peer-groups/peer-group/afi-safis/afi-safi/ipv4-labeled-unicast/prefix-limit/direction-list/options/tw-shutdown-threshold-pct
destroy	/frr-routing:routing/control-plane-protocols/control-plane-protocol/frr-bgp:bgp/peer-groups/peer-group/afi-safis/afi-safi/ipv4-labeled-unicast/prefix-limit/direction-list/options/tw-shutdown-threshold-pct
modify	/frr-routing:routing/control-plane-protocols/control-plane-protocol/frr-bgp:bgp/peer-groups/peer-group/afi-safis/afi-safi/ipv4-labeled-unicast/prefix-limit/direction-list/options/tw-warning-only
destroy	/frr-routing:routing/control-plane-protocols/control-plane-protocol/frr-bgp:bgp/peer-groups/peer-group/afi-safis/afi-safi/ipv4-labeled-unicast/prefix-limit/direction-list/options/tw-warning-only
modify	/frr-routing:routing/control-plane-protocols/control-plane-protocol/frr-bgp:bgp/peer-groups/peer-group/afi-safis/afi-safi/ipv4-labeled-unicast/nexthop-self/next-hop-self
modify	/frr-routing:routing/control-plane-protocols/control-plane-protocol/frr-bgp:bgp/peer-groups/peer-group/afi-safis/afi-safi/ipv4-labeled-unicast/nexthop-self/next-hop-self-force
modify	/frr-routing:routing/control-plane-protocols/control-plane-protocol/frr-bgp:bgp/peer-groups/peer-group/afi-safis/afi-safi/ipv4-labeled-unicast/private-as/remove-private-as-all
modify	/frr-routing:routing/control-plane-protocols/control-plane-protocol/frr-bgp:bgp/peer-groups/peer-group/afi-safis/afi-safi/ipv4-labeled-unicast/private-as/remove-private-as-all-replace
modify	/frr-routing:routing/control-plane-protocols/control-plane-protocol/frr-bgp:bgp/peer-groups/peer-group/afi-safis/afi-safi/ipv4-labeled-unicast/private-as/remove-private-as
modify	/frr-routing:routing/control-plane-protocols/control-plane-protocol/frr-bgp:bgp/peer-groups/peer-group/afi-safis/afi-safi/ipv4-labeled-unicast/private-as/remove-private-as-replace
modify	/frr-routing:routing/control-plane-protocols/control-plane-protocol/frr-bgp:bgp/peer-groups/peer-group/afi-safis/afi-safi/ipv4-labeled-unicast/route-reflector/route-reflector-client
modify	/frr-routing:routing/control-plane-protocols/control-plane-protocol/frr-bgp:bgp/peer-groups/peer-group/afi-safis/afi-safi/ipv4-labeled-unicast/route-server/route-server-client
modify	/frr-routing:routing/control-plane-protocols/control-plane-protocol/frr-bgp:bgp/peer-groups/peer-group/afi-safis/afi-safi/ipv4-labeled-unicast/send-community/send-community
modify	/frr-routing:routing/control-plane-protocols/control-plane-protocol/frr-bgp:bgp/peer-groups/peer-group/afi-safis/afi-safi/ipv4-labeled-unicast/send-community/send-ext-community
modify	/frr-routing:routing/control-plane-protocols/control-plane-protocol/frr-bgp:bgp/peer-groups/peer-group/afi-safis/afi-safi/ipv4-labeled-unicast/send-community/send-large-community
modify	/frr-routing:routing/control-plane-protocols/control-plane-protocol/frr-bgp:bgp/peer-groups/peer-group/afi-safis/afi-safi/ipv4-labeled-unicast/soft-reconfiguration
modify	/frr-routing:routing/control-plane-protocols/control-plane-protocol/frr-bgp:bgp/peer-groups/peer-group/afi-safis/afi-safi/ipv4-labeled-unicast/weight/weight-attribute
destroy	/frr-routing:routing/control-plane-protocols/control-plane-protocol/frr-bgp:bgp/peer-groups/peer-group/afi-safis/afi-safi/ipv4-labeled-unicast/weight/weight-attribute
modify	/frr-routing:routing/control-plane-protocols/control-plane-protocol/frr-bgp:bgp/peer-groups/peer-group/afi-safis/afi-safi/ipv4-labeled-unicast/filter-config/rmap-import
destroy	/frr-routing:routing/control-plane-protocols/control-plane-protocol/frr-bgp:bgp/peer-groups/peer-group/afi-safis/afi-safi/ipv4-labeled-unicast/filter-config/rmap-import
modify	/frr-routing:routing/control-plane-protocols/control-plane-protocol/frr-bgp:bgp/peer-groups/peer-group/afi-safis/afi-safi/ipv4-labeled-unicast/filter-config/rmap-export
destroy	/frr-routing:routing/control-plane-protocols/control-plane-protocol/frr-bgp:bgp/peer-groups/peer-group/afi-safis/afi-safi/ipv4-labeled-unicast/filter-config/rmap-export
modify	/frr-routing:routing/control-plane-protocols/control-plane-protocol/frr-bgp:bgp/peer-groups/peer-group/afi-safis/afi-safi/ipv4-labeled-unicast/filter-config/plist-import
destroy	/frr-routing:routing/control-plane-protocols/control-plane-protocol/frr-bgp:bgp/peer-groups/peer-group/afi-safis/afi-safi/ipv4-labeled-unicast/filter-config/plist-import
modify	/frr-routing:routing/control-plane-protocols/control-plane-protocol/frr-bgp:bgp/peer-groups/peer-group/afi-safis/afi-safi/ipv4-labeled-unicast/filter-config/plist-export
destroy	/frr-routing:routing/control-plane-protocols/control-plane-protocol/frr-bgp:bgp/peer-groups/peer-group/afi-safis/afi-safi/ipv4-labeled-unicast/filter-config/plist-export
modify	/frr-routing:routing/control-plane-protocols/control-plane-protocol/frr-bgp:bgp/peer-groups/peer-group/afi-safis/afi-safi/ipv4-labeled-unicast/filter-config/access-list-import
destroy	/frr-routing:routing/control-plane-protocols/control-plane-protocol/frr-bgp:bgp/peer-groups/peer-group/afi-safis/afi-safi/ipv4-labeled-unicast/filter-config/access-list-import
modify	/frr-routing:routing/control-plane-protocols/control-plane-protocol/frr-bgp:bgp/peer-groups/peer-group/afi-safis/afi-safi/ipv4-labeled-unicast/filter-config/access-list-export
destroy	/frr-routing:routing/control-plane-protocols/control-plane-protocol/frr-bgp:bgp/peer-groups/peer-group/afi-safis/afi-safi/ipv4-labeled-unicast/filter-config/access-list-export
modify	/frr-routing:routing/control-plane-protocols/control-plane-protocol/frr-bgp:bgp/peer-groups/peer-group/afi-safis/afi-safi/ipv4-labeled-unicast/filter-config/as-path-filter-list-import
destroy	/frr-routing:routing/control-plane-protocols/control-plane-protocol/frr-bgp:bgp/peer-groups/peer-group/afi-safis/afi-safi/ipv4-labeled-unicast/filter-config/as-path-filter-list-import
modify	/frr-routing:routing/control-plane-protocols/control-plane-protocol/frr-bgp:bgp/peer-groups/peer-group/afi-safis/afi-safi/ipv4-labeled-unicast/filter-config/as-path-filter-list-export
destroy	/frr-routing:routing/control-plane-protocols/control-plane-protocol/frr-bgp:bgp/peer-groups/peer-group/afi-safis/afi-safi/ipv4-labeled-unicast/filter-config/as-path-filter-list-export
modify	/frr-routing:routing/control-plane-protocols/control-plane-protocol/frr-bgp:bgp/peer-groups/peer-group/afi-safis/afi-safi/ipv4-labeled-unicast/filter-config/unsuppress-map-import
destroy	/frr-routing:routing/control-plane-protocols/control-plane-protocol/frr-bgp:bgp/peer-groups/peer-group/afi-safis/afi-safi/ipv4-labeled-unicast/filter-config/unsuppress-map-import
modify	/frr-routing:routing/control-plane-protocols/control-plane-protocol/frr-bgp:bgp/peer-groups/peer-group/afi-safis/afi-safi/ipv4-labeled-unicast/filter-config/unsuppress-map-export
destroy	/frr-routing:routing/control-plane-protocols/control-plane-protocol/frr-bgp:bgp/peer-groups/peer-group/afi-safis/afi-safi/ipv4-labeled-unicast/filter-config/unsuppress-map-export
modify	/frr-routing:routing/control-plane-protocols/control-plane-protocol/frr-bgp:bgp/peer-groups/peer-group/afi-safis/afi-safi/ipv6-labeled-unicast/add-paths/path-type
modify	/frr-routing:routing/control-plane-protocols/control-plane-protocol/frr-bgp:bgp/peer-groups/peer-group/afi-safis/afi-safi/ipv6-labeled-unicast/as-path-options/allow-own-as
destroy	/frr-routing:routing/control-plane-protocols/control-plane-protocol/frr-bgp:bgp/peer-groups/peer-group/afi-safis/afi-safi/ipv6-labeled-unicast/as-path-options/allow-own-as
modify	/frr-routing:routing/control-plane-protocols/control-plane-protocol/frr-bgp:bgp/peer-groups/peer-group/afi-safis/afi-safi/ipv6-labeled-unicast/as-path-options/allow-own-origin-as
destroy	/frr-routing:routing/control-plane-protocols/control-plane-protocol/frr-bgp:bgp/peer-groups/peer-group/afi-safis/afi-safi/ipv6-labeled-unicast/as-path-options/allow-own-origin-as
modify	/frr-routing:routing/control-plane-protocols/control-plane-protocol/frr-bgp:bgp/peer-groups/peer-group/afi-safis/afi-safi/ipv6-labeled-unicast/as-path-options/replace-peer-as
modify	/frr-routing:routing/control-plane-protocols/control-plane-protocol/frr-bgp:bgp/peer-groups/peer-group/afi-safis/afi-safi/ipv6-labeled-unicast/default-originate/originate
modify	/frr-routing:routing/control-plane-protocols/control-plane-protocol/frr-bgp:bgp/peer-groups/peer-group/afi-safis/afi-safi/ipv6-labeled-unicast/default-originate/route-map
destroy	/frr-routing:routing/control-plane-protocols/control-plane-protocol/frr-bgp:bgp/peer-groups/peer-group/afi-safis/afi-safi/ipv6-labeled-unicast/default-originate/route-map
modify	/frr-routing:routing/control-plane-protocols/control-plane-protocol/frr-bgp:bgp/peer-groups/peer-group/afi-safis/afi-safi/ipv6-labeled-unicast/attr-unchanged/as-path-unchanged
modify	/frr-routing:routing/control-plane-protocols/control-plane-protocol/frr-bgp:bgp/peer-groups/peer-group/afi-safis/afi-safi/ipv6-labeled-unicast/attr-unchanged/next-hop-unchanged
modify	/frr-routing:routing/control-plane-protocols/control-plane-protocol/frr-bgp:bgp/peer-groups/peer-group/afi-safis/afi-safi/ipv6-labeled-unicast/attr-unchanged/med-unchanged
modify	/frr-routing:routing/control-plane-protocols/control-plane-protocol/frr-bgp:bgp/peer-groups/peer-group/afi-safis/afi-safi/ipv6-labeled-unicast/orf-capability/orf-send
destroy	/frr-routing:routing/control-plane-protocols/control-plane-protocol/frr-bgp:bgp/peer-groups/peer-group/afi-safis/afi-safi/ipv6-labeled-unicast/orf-capability/orf-send
modify	/frr-routing:routing/control-plane-protocols/control-plane-protocol/frr-bgp:bgp/peer-groups/peer-group/afi-safis/afi-safi/ipv6-labeled-unicast/orf-capability/orf-receive
destroy	/frr-routing:routing/control-plane-protocols/control-plane-protocol/frr-bgp:bgp/peer-groups/peer-group/afi-safis/afi-safi/ipv6-labeled-unicast/orf-capability/orf-receive
modify	/frr-routing:routing/control-plane-protocols/control-plane-protocol/frr-bgp:bgp/peer-groups/peer-group/afi-safis/afi-safi/ipv6-labeled-unicast/orf-capability/orf-both
destroy	/frr-routing:routing/control-plane-protocols/control-plane-protocol/frr-bgp:bgp/peer-groups/peer-group/afi-safis/afi-safi/ipv6-labeled-unicast/orf-capability/orf-both
create	/frr-routing:routing/control-plane-protocols/control-plane-protocol/frr-bgp:bgp/peer-groups/peer-group/afi-safis/afi-safi/ipv6-labeled-unicast/prefix-limit/direction-list
destroy	/frr-routing:routing/control-plane-protocols/control-plane-protocol/frr-bgp:bgp/peer-groups/peer-group/afi-safis/afi-safi/ipv6-labeled-unicast/prefix-limit/direction-list
get_next	/frr-routing:routing/control-plane-protocols/control-plane-protocol/frr-bgp:bgp/peer-groups/peer-group/afi-safis/afi-safi/ipv6-labeled-unicast/prefix-limit/direction-list
get_keys	/frr-routing:routing/control-plane-protocols/control-plane-protocol/frr-bgp:bgp/peer-groups/peer-group/afi-safis/afi-safi/ipv6-labeled-unicast/prefix-limit/direction-list
lookup_entry	/frr-routing:routing/control-plane-protocols/control-plane-protocol/frr-bgp:bgp/peer-groups/peer-group/afi-safis/afi-safi/ipv6-labeled-unicast/prefix-limit/direction-list
modify	/frr-routing:routing/control-plane-protocols/control-plane-protocol/frr-bgp:bgp/peer-groups/peer-group/afi-safis/afi-safi/ipv6-labeled-unicast/prefix-limit/direction-list/max-prefixes
modify	/frr-routing:routing/control-plane-protocols/control-plane-protocol/frr-bgp:bgp/peer-groups/peer-group/afi-safis/afi-safi/ipv6-labeled-unicast/prefix-limit/direction-list/force-check
modify	/frr-routing:routing/control-plane-protocols/control-plane-protocol/frr-bgp:bgp/peer-groups/peer-group/afi-safis/afi-safi/ipv6-labeled-unicast/prefix-limit/direction-list/options/warning-only
destroy	/frr-routing:routing/control-plane-protocols/control-plane-protocol/frr-bgp:bgp/peer-groups/peer-group/afi-safis/afi-safi/ipv6-labeled-unicast/prefix-limit/direction-list/options/warning-only
modify	/frr-routing:routing/control-plane-protocols/control-plane-protocol/frr-bgp:bgp/peer-groups/peer-group/afi-safis/afi-safi/ipv6-labeled-unicast/prefix-limit/direction-list/options/restart-timer
destroy	/frr-routing:routing/control-plane-protocols/control-plane-protocol/frr-bgp:bgp/peer-groups/peer-group/afi-safis/afi-safi/ipv6-labeled-unicast/prefix-limit/direction-list/options/restart-timer
modify	/frr-routing:routing/control-plane-protocols/control-plane-protocol/frr-bgp:bgp/peer-groups/peer-group/afi-safis/afi-safi/ipv6-labeled-unicast/prefix-limit/direction-list/options/shutdown-threshold-pct
destroy	/frr-routing:routing/control-plane-protocols/control-plane-protocol/frr-bgp:bgp/peer-groups/peer-group/afi-safis/afi-safi/ipv6-labeled-unicast/prefix-limit/direction-list/options/shutdown-threshold-pct
modify	/frr-routing:routing/control-plane-protocols/control-plane-protocol/frr-bgp:bgp/peer-groups/peer-group/afi-safis/afi-safi/ipv6-labeled-unicast/prefix-limit/direction-list/options/tr-shutdown-threshold-pct
destroy	/frr-routing:routing/control-plane-protocols/control-plane-protocol/frr-bgp:bgp/peer-groups/peer-group/afi-safis/afi-safi/ipv6-labeled-unicast/prefix-limit/direction-list/options/tr-shutdown-threshold-pct
modify	/frr-routing:routing/control-plane-protocols/control-plane-protocol/frr-bgp:bgp/peer-groups/peer-group/afi-safis/afi-safi/ipv6-labeled-unicast/prefix-limit/direction-list/options/tr-restart-timer
destroy	/frr-routing:routing/control-plane-protocols/control-plane-protocol/frr-bgp:bgp/peer-groups/peer-group/afi-safis/afi-safi/ipv6-labeled-unicast/prefix-limit/direction-list/options/tr-restart-timer
modify	/frr-routing:routing/control-plane-protocols/control-plane-protocol/frr-bgp:bgp/peer-groups/peer-group/afi-safis/afi-safi/ipv6-labeled-unicast/prefix-limit/direction-list/options/tw-shutdown-threshold-pct
destroy	/frr-routing:routing/control-plane-protocols/control-plane-protocol/frr-bgp:bgp/peer-groups/peer-group/afi-safis/afi-safi/ipv6-labeled-unicast/prefix-limit/direction-list/options/tw-shutdown-threshold-pct
modify	/frr-routing:routing/control-plane-protocols/control-plane-protocol/frr-bgp:bgp/peer-groups/peer-group/afi-safis/afi-safi/ipv6-labeled-unicast/prefix-limit/direction-list/options/tw-warning-only
destroy	/frr-routing:routing/control-plane-protocols/control-plane-protocol/frr-bgp:bgp/peer-groups/peer-group/afi-safis/afi-safi/ipv6-labeled-unicast/prefix-limit/direction-list/options/tw-warning-only
modify	/frr-routing:routing/control-plane-protocols/control-plane-protocol/frr-bgp:bgp/peer-groups/peer-group/afi-safis/afi-safi/ipv6-labeled-unicast/nexthop-self/next-hop-self
modify	/frr-routing:routing/control-plane-protocols/control-plane-protocol/frr-bgp:bgp/peer-groups/peer-group/afi-safis/afi-safi/ipv6-labeled-unicast/nexthop-self/next-hop-self-force
modify	/frr-routing:routing/control-plane-protocols/control-plane-protocol/frr-bgp:bgp/peer-groups/peer-group/afi-safis/afi-safi/ipv6-labeled-unicast/private-as/remove-private-as-all
modify	/frr-routing:routing/control-plane-protocols/control-plane-protocol/frr-bgp:bgp/peer-groups/peer-group/afi-safis/afi-safi/ipv6-labeled-unicast/private-as/remove-private-as-all-replace
modify	/frr-routing:routing/control-plane-protocols/control-plane-protocol/frr-bgp:bgp/peer-groups/peer-group/afi-safis/afi-safi/ipv6-labeled-unicast/private-as/remove-private-as
modify	/frr-routing:routing/control-plane-protocols/control-plane-protocol/frr-bgp:bgp/peer-groups/peer-group/afi-safis/afi-safi/ipv6-labeled-unicast/private-as/remove-private-as-replace
modify	/frr-routing:routing/control-plane-protocols/control-plane-protocol/frr-bgp:bgp/peer-groups/peer-group/afi-safis/afi-safi/ipv6-labeled-unicast/route-reflector/route-reflector-client
modify	/frr-routing:routing/control-plane-protocols/control-plane-protocol/frr-bgp:bgp/peer-groups/peer-group/afi-safis/afi-safi/ipv6-labeled-unicast/route-server/route-server-client
modify	/frr-routing:routing/control-plane-protocols/control-plane-protocol/frr-bgp:bgp/peer-groups/peer-group/afi-safis/afi-safi/ipv6-labeled-unicast/send-community/send-community
modify	/frr-routing:routing/control-plane-protocols/control-plane-protocol/frr-bgp:bgp/peer-groups/peer-group/afi-safis/afi-safi/ipv6-labeled-unicast/send-community/send-ext-community
modify	/frr-routing:routing/control-plane-protocols/control-plane-protocol/frr-bgp:bgp/peer-groups/peer-group/afi-safis/afi-safi/ipv6-labeled-unicast/send-community/send-large-community
modify	/frr-routing:routing/control-plane-protocols/control-plane-protocol/frr-bgp:bgp/peer-groups/peer-group/afi-safis/afi-safi/ipv6-labeled-unicast/soft-reconfiguration
modify	/frr-routing:routing/control-plane-protocols/control-plane-protocol/frr-bgp:bgp/peer-groups/peer-group/afi-safis/afi-safi/ipv6-labeled-unicast/weight/weight-attribute
destroy	/frr-routing:routing/control-plane-protocols/control-plane-protocol/frr-bgp:bgp/peer-groups/peer-group/afi-safis/afi-safi/ipv6-labeled-unicast/weight/weight-attribute
modify	/frr-routing:routing/control-plane-protocols/control-plane-protocol/frr-bgp:bgp/peer-groups/peer-group/afi-safis/afi-safi/ipv6-labeled-unicast/filter-config/rmap-import
destroy	/frr-routing:routing/control-plane-protocols/control-plane-protocol/frr-bgp:bgp/peer-groups/peer-group/afi-safis/afi-safi/ipv6-labeled-unicast/filter-config/rmap-import
modify	/frr-routing:routing/control-plane-protocols/control-plane-protocol/frr-bgp:bgp/peer-groups/peer-group/afi-safis/afi-safi/ipv6-labeled-unicast/filter-config/rmap-export
destroy	/frr-routing:routing/control-plane-protocols/control-plane-protocol/frr-bgp:bgp/peer-groups/peer-group/afi-safis/afi-safi/ipv6-labeled-unicast/filter-config/rmap-export
modify	/frr-routing:routing/control-plane-protocols/control-plane-protocol/frr-bgp:bgp/peer-groups/peer-group/afi-safis/afi-safi/ipv6-labeled-unicast/filter-config/plist-import
destroy	/frr-routing:routing/control-plane-protocols/control-plane-protocol/frr-bgp:bgp/peer-groups/peer-group/afi-safis/afi-safi/ipv6-labeled-unicast/filter-config/plist-import
modify	/frr-routing:routing/control-plane-protocols/control-plane-protocol/frr-bgp:bgp/peer-groups/peer-group/afi-safis/afi-safi/ipv6-labeled-unicast/filter-config/plist-export
destroy	/frr-routing:routing/control-plane-protocols/control-plane-protocol/frr-bgp:bgp/peer-groups/peer-group/afi-safis/afi-safi/ipv6-labeled-unicast/filter-config/plist-export
modify	/frr-routing:routing/control-plane-protocols/control-plane-protocol/frr-bgp:bgp/peer-groups/peer-group/afi-safis/afi-safi/ipv6-labeled-unicast/filter-config/access-list-import
destroy	/frr-routing:routing/control-plane-protocols/control-plane-protocol/frr-bgp:bgp/peer-groups/peer-group/afi-safis/afi-safi/ipv6-labeled-unicast/filter-config/access-list-import
modify	/frr-routing:routing/control-plane-protocols/control-plane-protocol/frr-bgp:bgp/peer-groups/peer-group/afi-safis/afi-safi/ipv6-labeled-unicast/filter-config/access-list-export
destroy	/frr-routing:routing/control-plane-protocols/control-plane-protocol/frr-bgp:bgp/peer-groups/peer-group/afi-safis/afi-safi/ipv6-labeled-unicast/filter-config/access-list-export
modify	/frr-routing:routing/control-plane-protocols/control-plane-protocol/frr-bgp:bgp/peer-groups/peer-group/afi-safis/afi-safi/ipv6-labeled-unicast/filter-config/as-path-filter-list-import
destroy	/frr-routing:routing/control-plane-protocols/control-plane-protocol/frr-bgp:bgp/peer-groups/peer-group/afi-safis/afi-safi/ipv6-labeled-unicast/filter-config/as-path-filter-list-import
modify	/frr-routing:routing/control-plane-protocols/control-plane-protocol/frr-bgp:bgp/peer-groups/peer-group/afi-safis/afi-safi/ipv6-labeled-unicast/filter-config/as-path-filter-list-export
destroy	/frr-routing:routing/control-plane-protocols/control-plane-protocol/frr-bgp:bgp/peer-groups/peer-group/afi-safis/afi-safi/ipv6-labeled-unicast/filter-config/as-path-filter-list-export
modify	/frr-routing:routing/control-plane-protocols/control-plane-protocol/frr-bgp:bgp/peer-groups/peer-group/afi-safis/afi-safi/ipv6-labeled-unicast/filter-config/unsuppress-map-import
destroy	/frr-routing:routing/control-plane-protocols/control-plane-protocol/frr-bgp:bgp/peer-groups/peer-group/afi-safis/afi-safi/ipv6-labeled-unicast/filter-config/unsuppress-map-import
modify	/frr-routing:routing/control-plane-protocols/control-plane-protocol/frr-bgp:bgp/peer-groups/peer-group/afi-safis/afi-safi/ipv6-labeled-unicast/filter-config/unsuppress-map-export
destroy	/frr-routing:routing/control-plane-protocols/control-plane-protocol/frr-bgp:bgp/peer-groups/peer-group/afi-safis/afi-safi/ipv6-labeled-unicast/filter-config/unsuppress-map-export
modify	/frr-routing:routing/control-plane-protocols/control-plane-protocol/frr-bgp:bgp/peer-groups/peer-group/afi-safis/afi-safi/l3vpn-ipv4-unicast/add-paths/path-type
modify	/frr-routing:routing/control-plane-protocols/control-plane-protocol/frr-bgp:bgp/peer-groups/peer-group/afi-safis/afi-safi/l3vpn-ipv4-unicast/as-path-options/allow-own-as
destroy	/frr-routing:routing/control-plane-protocols/control-plane-protocol/frr-bgp:bgp/peer-groups/peer-group/afi-safis/afi-safi/l3vpn-ipv4-unicast/as-path-options/allow-own-as
modify	/frr-routing:routing/control-plane-protocols/control-plane-protocol/frr-bgp:bgp/peer-groups/peer-group/afi-safis/afi-safi/l3vpn-ipv4-unicast/as-path-options/allow-own-origin-as
destroy	/frr-routing:routing/control-plane-protocols/control-plane-protocol/frr-bgp:bgp/peer-groups/peer-group/afi-safis/afi-safi/l3vpn-ipv4-unicast/as-path-options/allow-own-origin-as
modify	/frr-routing:routing/control-plane-protocols/control-plane-protocol/frr-bgp:bgp/peer-groups/peer-group/afi-safis/afi-safi/l3vpn-ipv4-unicast/as-path-options/replace-peer-as
modify	/frr-routing:routing/control-plane-protocols/control-plane-protocol/frr-bgp:bgp/peer-groups/peer-group/afi-safis/afi-safi/l3vpn-ipv4-unicast/attr-unchanged/as-path-unchanged
modify	/frr-routing:routing/control-plane-protocols/control-plane-protocol/frr-bgp:bgp/peer-groups/peer-group/afi-safis/afi-safi/l3vpn-ipv4-unicast/attr-unchanged/next-hop-unchanged
modify	/frr-routing:routing/control-plane-protocols/control-plane-protocol/frr-bgp:bgp/peer-groups/peer-group/afi-safis/afi-safi/l3vpn-ipv4-unicast/attr-unchanged/med-unchanged
create	/frr-routing:routing/control-plane-protocols/control-plane-protocol/frr-bgp:bgp/peer-groups/peer-group/afi-safis/afi-safi/l3vpn-ipv4-unicast/prefix-limit/direction-list
destroy	/frr-routing:routing/control-plane-protocols/control-plane-protocol/frr-bgp:bgp/peer-groups/peer-group/afi-safis/afi-safi/l3vpn-ipv4-unicast/prefix-limit/direction-list
get_next	/frr-routing:routing/control-plane-protocols/control-plane-protocol/frr-bgp:bgp/peer-groups/peer-group/afi-safis/afi-safi/l3vpn-ipv4-unicast/prefix-limit/direction-list
get_keys	/frr-routing:routing/control-plane-protocols/control-plane-protocol/frr-bgp:bgp/peer-groups/peer-group/afi-safis/afi-safi/l3vpn-ipv4-unicast/prefix-limit/direction-list
lookup_entry	/frr-routing:routing/control-plane-protocols/control-plane-protocol/frr-bgp:bgp/peer-groups/peer-group/afi-safis/afi-safi/l3vpn-ipv4-unicast/prefix-limit/direction-list
modify	/frr-routing:routing/control-plane-protocols/control-plane-protocol/frr-bgp:bgp/peer-groups/peer-group/afi-safis/afi-safi/l3vpn-ipv4-unicast/prefix-limit/direction-list/max-prefixes
modify	/frr-routing:routing/control-plane-protocols/control-plane-protocol/frr-bgp:bgp/peer-groups/peer-group/afi-safis/afi-safi/l3vpn-ipv4-unicast/prefix-limit/direction-list/force-check
modify	/frr-routing:routing/control-plane-protocols/control-plane-protocol/frr-bgp:bgp/peer-groups/peer-group/afi-safis/afi-safi/l3vpn-ipv4-unicast/prefix-limit/direction-list/options/warning-only
destroy	/frr-routing:routing/control-plane-protocols/control-plane-protocol/frr-bgp:bgp/peer-groups/peer-group/afi-safis/afi-safi/l3vpn-ipv4-unicast/prefix-limit/direction-list/options/warning-only
modify	/frr-routing:routing/control-plane-protocols/control-plane-protocol/frr-bgp:bgp/peer-groups/peer-group/afi-safis/afi-safi/l3vpn-ipv4-unicast/prefix-limit/direction-list/options/restart-timer
destroy	/frr-routing:routing/control-plane-protocols/control-plane-protocol/frr-bgp:bgp/peer-groups/peer-group/afi-safis/afi-safi/l3vpn-ipv4-unicast/prefix-limit/direction-list/options/restart-timer
modify	/frr-routing:routing/control-plane-protocols/control-plane-protocol/frr-bgp:bgp/peer-groups/peer-group/afi-safis/afi-safi/l3vpn-ipv4-unicast/prefix-limit/direction-list/options/shutdown-threshold-pct
destroy	/frr-routing:routing/control-plane-protocols/control-plane-protocol/frr-bgp:bgp/peer-groups/peer-group/afi-safis/afi-safi/l3vpn-ipv4-unicast/prefix-limit/direction-list/options/shutdown-threshold-pct
modify	/frr-routing:routing/control-plane-protocols/control-plane-protocol/frr-bgp:bgp/peer-groups/peer-group/afi-safis/afi-safi/l3vpn-ipv4-unicast/prefix-limit/direction-list/options/tr-shutdown-threshold-pct
destroy	/frr-routing:routing/control-plane-protocols/control-plane-protocol/frr-bgp:bgp/peer-groups/peer-group/afi-safis/afi-safi/l3vpn-ipv4-unicast/prefix-limit/direction-list/options/tr-shutdown-threshold-pct
modify	/frr-routing:routing/control-plane-protocols/control-plane-protocol/frr-bgp:bgp/peer-groups/peer-group/afi-safis/afi-safi/l3vpn-ipv4-unicast/prefix-limit/direction-list/options/tr-restart-timer
destroy	/frr-routing:routing/control-plane-protocols/control-plane-protocol/frr-bgp:bgp/peer-groups/peer-group/afi-safis/afi-safi/l3vpn-ipv4-unicast/prefix-limit/direction-list/options/tr-restart-timer
modify	/frr-routing:routing/control-plane-protocols/control-plane-protocol/frr-bgp:bgp/peer-groups/peer-group/afi-safis/afi-safi/l3vpn-ipv4-unicast/prefix-limit/direction-list/options/tw-shutdown-threshold-pct
destroy	/frr-routing:routing/control-plane-protocols/control-plane-protocol/frr-bgp:bgp/peer-groups/peer-group/afi-safis/afi-safi/l3vpn-ipv4-unicast/prefix-limit/direction-list/options/tw-shutdown-threshold-pct
modify	/frr-routing:routing/control-plane-protocols/control-plane-protocol/frr-bgp:bgp/peer-groups/peer-group/afi-safis/afi-safi/l3vpn-ipv4-unicast/prefix-limit/direction-list/options/tw-warning-only
destroy	/frr-routing:routing/control-plane-protocols/control-plane-protocol/frr-bgp:bgp/peer-groups/peer-group/afi-safis/afi-safi/l3vpn-ipv4-unicast/prefix-limit/direction-list/options/tw-warning-only
modify	/frr-routing:routing/control-plane-protocols/control-plane-protocol/frr-bgp:bgp/peer-groups/peer-group/afi-safis/afi-safi/l3vpn-ipv4-unicast/nexthop-self/next-hop-self
modify	/frr-routing:routing/control-plane-protocols/control-plane-protocol/frr-bgp:bgp/peer-groups/peer-group/afi-safis/afi-safi/l3vpn-ipv4-unicast/nexthop-self/next-hop-self-force
modify	/frr-routing:routing/control-plane-protocols/control-plane-protocol/frr-bgp:bgp/peer-groups/peer-group/afi-safis/afi-safi/l3vpn-ipv4-unicast/private-as/remove-private-as-all
modify	/frr-routing:routing/control-plane-protocols/control-plane-protocol/frr-bgp:bgp/peer-groups/peer-group/afi-safis/afi-safi/l3vpn-ipv4-unicast/private-as/remove-private-as-all-replace
modify	/frr-routing:routing/control-plane-protocols/control-plane-protocol/frr-bgp:bgp/peer-groups/peer-group/afi-safis/afi-safi/l3vpn-ipv4-unicast/private-as/remove-private-as
modify	/frr-routing:routing/control-plane-protocols/control-plane-protocol/frr-bgp:bgp/peer-groups/peer-group/afi-safis/afi-safi/l3vpn-ipv4-unicast/private-as/remove-private-as-replace
modify	/frr-routing:routing/control-plane-protocols/control-plane-protocol/frr-bgp:bgp/peer-groups/peer-group/afi-safis/afi-safi/l3vpn-ipv4-unicast/route-reflector/route-reflector-client
modify	/frr-routing:routing/control-plane-protocols/control-plane-protocol/frr-bgp:bgp/peer-groups/peer-group/afi-safis/afi-safi/l3vpn-ipv4-unicast/route-server/route-server-client
modify	/frr-routing:routing/control-plane-protocols/control-plane-protocol/frr-bgp:bgp/peer-groups/peer-group/afi-safis/afi-safi/l3vpn-ipv4-unicast/send-community/send-community
modify	/frr-routing:routing/control-plane-protocols/control-plane-protocol/frr-bgp:bgp/peer-groups/peer-group/afi-safis/afi-safi/l3vpn-ipv4-unicast/send-community/send-ext-community
modify	/frr-routing:routing/control-plane-protocols/control-plane-protocol/frr-bgp:bgp/peer-groups/peer-group/afi-safis/afi-safi/l3vpn-ipv4-unicast/send-community/send-large-community
modify	/frr-routing:routing/control-plane-protocols/control-plane-protocol/frr-bgp:bgp/peer-groups/peer-group/afi-safis/afi-safi/l3vpn-ipv4-unicast/soft-reconfiguration
modify	/frr-routing:routing/control-plane-protocols/control-plane-protocol/frr-bgp:bgp/peer-groups/peer-group/afi-safis/afi-safi/l3vpn-ipv4-unicast/weight/weight-attribute
destroy	/frr-routing:routing/control-plane-protocols/control-plane-protocol/frr-bgp:bgp/peer-groups/peer-group/afi-safis/afi-safi/l3vpn-ipv4-unicast/weight/weight-attribute
modify	/frr-routing:routing/control-plane-protocols/control-plane-protocol/frr-bgp:bgp/peer-groups/peer-group/afi-safis/afi-safi/l3vpn-ipv4-unicast/filter-config/rmap-import
destroy	/frr-routing:routing/control-plane-protocols/control-plane-protocol/frr-bgp:bgp/peer-groups/peer-group/afi-safis/afi-safi/l3vpn-ipv4-unicast/filter-config/rmap-import
modify	/frr-routing:routing/control-plane-protocols/control-plane-protocol/frr-bgp:bgp/peer-groups/peer-group/afi-safis/afi-safi/l3vpn-ipv4-unicast/filter-config/rmap-export
destroy	/frr-routing:routing/control-plane-protocols/control-plane-protocol/frr-bgp:bgp/peer-groups/peer-group/afi-safis/afi-safi/l3vpn-ipv4-unicast/filter-config/rmap-export
modify	/frr-routing:routing/control-plane-protocols/control-plane-protocol/frr-bgp:bgp/peer-groups/peer-group/afi-safis/afi-safi/l3vpn-ipv4-unicast/filter-config/plist-import
destroy	/frr-routing:routing/control-plane-protocols/control-plane-protocol/frr-bgp:bgp/peer-groups/peer-group/afi-safis/afi-safi/l3vpn-ipv4-unicast/filter-config/plist-import
modify	/frr-routing:routing/control-plane-protocols/control-plane-protocol/frr-bgp:bgp/peer-groups/peer-group/afi-safis/afi-safi/l3vpn-ipv4-unicast/filter-config/plist-export
destroy	/frr-routing:routing/control-plane-protocols/control-plane-protocol/frr-bgp:bgp/peer-groups/peer-group/afi-safis/afi-safi/l3vpn-ipv4-unicast/filter-config/plist-export
modify	/frr-routing:routing/control-plane-protocols/control-plane-protocol/frr-bgp:bgp/peer-groups/peer-group/afi-safis/afi-safi/l3vpn-ipv4-unicast/filter-config/access-list-import
destroy	/frr-routing:routing/control-plane-protocols/control-plane-protocol/frr-bgp:bgp/peer-groups/peer-group/afi-safis/afi-safi/l3vpn-ipv4-unicast/filter-config/access-list-import
modify	/frr-routing:routing/control-plane-protocols/control-plane-protocol/frr-bgp:bgp/peer-groups/peer-group/afi-safis/afi-safi/l3vpn-ipv4-unicast/filter-config/access-list-export
destroy	/frr-routing:routing/control-plane-protocols/control-plane-protocol/frr-bgp:bgp/peer-groups/peer-group/afi-safis/afi-safi/l3vpn-ipv4-unicast/filter-config/access-list-export
modify	/frr-routing:routing/control-plane-protocols/control-plane-protocol/frr-bgp:bgp/peer-groups/peer-group/afi-safis/afi-safi/l3vpn-ipv4-unicast/filter-config/as-path-filter-list-import
destroy	/frr-routing:routing/control-plane-protocols/control-plane-protocol/frr-bgp:bgp/peer-groups/peer-group/afi-safis/afi-safi/l3vpn-ipv4-unicast/filter-config/as-path-filter-list-import
modify	/frr-routing:routing/control-plane-protocols/control-plane-protocol/frr-bgp:bgp/peer-groups/peer-group/afi-safis/afi-safi/l3vpn-ipv4-unicast/filter-config/as-path-filter-list-export
destroy	/frr-routing:routing/control-plane-protocols/control-plane-protocol/frr-bgp:bgp/peer-groups/peer-group/afi-safis/afi-safi/l3vpn-ipv4-unicast/filter-config/as-path-filter-list-export
modify	/frr-routing:routing/control-plane-protocols/control-plane-protocol/frr-bgp:bgp/peer-groups/peer-group/afi-safis/afi-safi/l3vpn-ipv4-unicast/filter-config/unsuppress-map-import
destroy	/frr-routing:routing/control-plane-protocols/control-plane-protocol/frr-bgp:bgp/peer-groups/peer-group/afi-safis/afi-safi/l3vpn-ipv4-unicast/filter-config/unsuppress-map-import
modify	/frr-routing:routing/control-plane-protocols/control-plane-protocol/frr-bgp:bgp/peer-groups/peer-group/afi-safis/afi-safi/l3vpn-ipv4-unicast/filter-config/unsuppress-map-export
destroy	/frr-routing:routing/control-plane-protocols/control-plane-protocol/frr-bgp:bgp/peer-groups/peer-group/afi-safis/afi-safi/l3vpn-ipv4-unicast/filter-config/unsuppress-map-export
modify	/frr-routing:routing/control-plane-protocols/control-plane-protocol/frr-bgp:bgp/peer-groups/peer-group/afi-safis/afi-safi/l3vpn-ipv6-unicast/add-paths/path-type
modify	/frr-routing:routing/control-plane-protocols/control-plane-protocol/frr-bgp:bgp/peer-groups/peer-group/afi-safis/afi-safi/l3vpn-ipv6-unicast/as-path-options/allow-own-as
destroy	/frr-routing:routing/control-plane-protocols/control-plane-protocol/frr-bgp:bgp/peer-groups/peer-group/afi-safis/afi-safi/l3vpn-ipv6-unicast/as-path-options/allow-own-as
modify	/frr-routing:routing/control-plane-protocols/control-plane-protocol/frr-bgp:bgp/peer-groups/peer-group/afi-safis/afi-safi/l3vpn-ipv6-unicast/as-path-options/allow-own-origin-as
destroy	/frr-routing:routing/control-plane-protocols/control-plane-protocol/frr-bgp:bgp/peer-groups/peer-group/afi-safis/afi-safi/l3vpn-ipv6-unicast/as-path-options/allow-own-origin-as
modify	/frr-routing:routing/control-plane-protocols/control-plane-protocol/frr-bgp:bgp/peer-groups/peer-group/afi-safis/afi-safi/l3vpn-ipv6-unicast/as-path-options/replace-peer-as
modify	/frr-routing:routing/control-plane-protocols/control-plane-protocol/frr-bgp:bgp/peer-groups/peer-group/afi-safis/afi-safi/l3vpn-ipv6-unicast/attr-unchanged/as-path-unchanged
modify	/frr-routing:routing/control-plane-protocols/control-plane-protocol/frr-bgp:bgp/peer-groups/peer-group/afi-safis/afi-safi/l3vpn-ipv6-unicast/attr-unchanged/next-hop-unchanged
modify	/frr-routing:routing/control-plane-protocols/control-plane-protocol/frr-bgp:bgp/peer-groups/peer-group/afi-safis/afi-safi/l3vpn-ipv6-unicast/attr-unchanged/med-unchanged
create	/frr-routing:routing/control-plane-protocols/control-plane-protocol/frr-bgp:bgp/peer-groups/peer-group/afi-safis/afi-safi/l3vpn-ipv6-unicast/prefix-limit/direction-list
destroy	/frr-routing:routing/control-plane-protocols/control-plane-protocol/frr-bgp:bgp/peer-groups/peer-group/afi-safis/afi-safi/l3vpn-ipv6-unicast/prefix-limit/direction-list
get_next	/frr-routing:routing/control-plane-protocols/control-plane-protocol/frr-bgp:bgp/peer-groups/peer-group/afi-safis/afi-safi/l3vpn-ipv6-unicast/prefix-limit/direction-list
get_keys	/frr-routing:routing/control-plane-protocols/control-plane-protocol/frr-bgp:bgp/peer-groups/peer-group/afi-safis/afi-safi/l3vpn-ipv6-unicast/prefix-limit/direction-list
lookup_entry	/frr-routing:routing/control-plane-protocols/control-plane-protocol/frr-bgp:bgp/peer-groups/peer-group/afi-safis/afi-safi/l3vpn-ipv6-unicast/prefix-limit/direction-list
modify	/frr-routing:routing/control-plane-protocols/control-plane-protocol/frr-bgp:bgp/peer-groups/peer-group/afi-safis/afi-safi/l3vpn-ipv6-unicast/prefix-limit/direction-list/max-prefixes
modify	/frr-routing:routing/control-plane-protocols/control-plane-protocol/frr-bgp:bgp/peer-groups/peer-group/afi-safis/afi-safi/l3vpn-ipv6-unicast/prefix-limit/direction-list/force-check
modify	/frr-routing:routing/control-plane-protocols/control-plane-protocol/frr-bgp:bgp/peer-groups/peer-group/afi-safis/afi-safi/l3vpn-ipv6-unicast/prefix-limit/direction-list/options/warning-only
destroy	/frr-routing:routing/control-plane-protocols/control-plane-protocol/frr-bgp:bgp/peer-groups/peer-group/afi-safis/afi-safi/l3vpn-ipv6-unicast/prefix-limit/direction-list/options/warning-only
modify	/frr-routing:routing/control-plane-protocols/control-plane-protocol/frr-bgp:bgp/peer-groups/peer-group/afi-safis/afi-safi/l3vpn-ipv6-unicast/prefix-limit/direction-list/options/restart-timer
destroy	/frr-routing:routing/control-plane-protocols/control-plane-protocol/frr-bgp:bgp/peer-groups/peer-group/afi-safis/afi-safi/l3vpn-ipv6-unicast/prefix-limit/direction-list/options/restart-timer
modify	/frr-routing:routing/control-plane-protocols/control-plane-protocol/frr-bgp:bgp/peer-groups/peer-group/afi-safis/afi-safi/l3vpn-ipv6-unicast/prefix-limit/direction-list/options/shutdown-threshold-pct
destroy	/frr-routing:routing/control-plane-protocols/control-plane-protocol/frr-bgp:bgp/peer-groups/peer-group/afi-safis/afi-safi/l3vpn-ipv6-unicast/prefix-limit/direction-list/options/shutdown-threshold-pct
modify	/frr-routing:routing/control-plane-protocols/control-plane-protocol/frr-bgp:bgp/peer-groups/peer-group/afi-safis/afi-safi/l3vpn-ipv6-unicast/prefix-limit/direction-list/options/tr-shutdown-threshold-pct
destroy	/frr-routing:routing/control-plane-protocols/control-plane-protocol/frr-bgp:bgp/peer-groups/peer-group/afi-safis/afi-safi/l3vpn-ipv6-unicast/prefix-limit/direction-list/options/tr-shutdown-threshold-pct
modify	/frr-routing:routing/control-plane-protocols/control-plane-protocol/frr-bgp:bgp/peer-groups/peer-group/afi-safis/afi-safi/l3vpn-ipv6-unicast/prefix-limit/direction-list/options/tr-restart-timer
destroy	/frr-routing:routing/control-plane-protocols/control-plane-protocol/frr-bgp:bgp/peer-groups/peer-group/afi-safis/afi-safi/l3vpn-ipv6-unicast/prefix-limit/direction-list/options/tr-restart-timer
modify	/frr-routing:routing/control-plane-protocols/control-plane-protocol/frr-bgp:bgp/peer-groups/peer-group/afi-safis/afi-safi/l3vpn-ipv6-unicast/prefix-limit/direction-list/options/tw-shutdown-threshold-pct
destroy	/frr-routing:routing/control-plane-protocols/control-plane-protocol/frr-bgp:bgp/peer-groups/peer-group/afi-safis/afi-safi/l3vpn-ipv6-unicast/prefix-limit/direction-list/options/tw-shutdown-threshold-pct
modify	/frr-routing:routing/control-plane-protocols/control-plane-protocol/frr-bgp:bgp/peer-groups/peer-group/afi-safis/afi-safi/l3vpn-ipv6-unicast/prefix-limit/direction-list/options/tw-warning-only
destroy	/frr-routing:routing/control-plane-protocols/control-plane-protocol/frr-bgp:bgp/peer-groups/peer-group/afi-safis/afi-safi/l3vpn-ipv6-unicast/prefix-limit/direction-list/options/tw-warning-only
modify	/frr-routing:routing/control-plane-protocols/control-plane-protocol/frr-bgp:bgp/peer-groups/peer-group/afi-safis/afi-safi/l3vpn-ipv6-unicast/nexthop-self/next-hop-self
modify	/frr-routing:routing/control-plane-protocols/control-plane-protocol/frr-bgp:bgp/peer-groups/peer-group/afi-safis/afi-safi/l3vpn-ipv6-unicast/nexthop-self/next-hop-self-force
modify	/frr-routing:routing/control-plane-protocols/control-plane-protocol/frr-bgp:bgp/peer-groups/peer-group/afi-safis/afi-safi/l3vpn-ipv6-unicast/private-as/remove-private-as-all
modify	/frr-routing:routing/control-plane-protocols/control-plane-protocol/frr-bgp:bgp/peer-groups/peer-group/afi-safis/afi-safi/l3vpn-ipv6-unicast/private-as/remove-private-as-all-replace
modify	/frr-routing:routing/control-plane-protocols/control-plane-protocol/frr-bgp:bgp/peer-groups/peer-group/afi-safis/afi-safi/l3vpn-ipv6-unicast/private-as/remove-private-as
modify	/frr-routing:routing/control-plane-protocols/control-plane-protocol/frr-bgp:bgp/peer-groups/peer-group/afi-safis/afi-safi/l3vpn-ipv6-unicast/private-as/remove-private-as-replace
modify	/frr-routing:routing/control-plane-protocols/control-plane-protocol/frr-bgp:bgp/peer-groups/peer-group/afi-safis/afi-safi/l3vpn-ipv6-unicast/route-reflector/route-reflector-client
modify	/frr-routing:routing/control-plane-protocols/control-plane-protocol/frr-bgp:bgp/peer-groups/peer-group/afi-safis/afi-safi/l3vpn-ipv6-unicast/route-server/route-server-client
modify	/frr-routing:routing/control-plane-protocols/control-plane-protocol/frr-bgp:bgp/peer-groups/peer-group/afi-safis/afi-safi/l3vpn-ipv6-unicast/send-community/send-community
modify	/frr-routing:routing/control-plane-protocols/control-plane-protocol/frr-bgp:bgp/peer-groups/peer-group/afi-safis/afi-safi/l3vpn-ipv6-unicast/send-community/send-ext-community
modify	/frr-routing:routing/control-plane-protocols/control-plane-protocol/frr-bgp:bgp/peer-groups/peer-group/afi-safis/afi-safi/l3vpn-ipv6-unicast/send-community/send-large-community
modify	/frr-routing:routing/control-plane-protocols/control-plane-protocol/frr-bgp:bgp/peer-groups/peer-group/afi-safis/afi-safi/l3vpn-ipv6-unicast/soft-reconfiguration
modify	/frr-routing:routing/control-plane-protocols/control-plane-protocol/frr-bgp:bgp/peer-groups/peer-group/afi-safis/afi-safi/l3vpn-ipv6-unicast/weight/weight-attribute
destroy	/frr-routing:routing/control-plane-protocols/control-plane-protocol/frr-bgp:bgp/peer-groups/peer-group/afi-safis/afi-safi/l3vpn-ipv6-unicast/weight/weight-attribute
modify	/frr-routing:routing/control-plane-protocols/control-plane-protocol/frr-bgp:bgp/peer-groups/peer-group/afi-safis/afi-safi/l3vpn-ipv6-unicast/filter-config/rmap-import
destroy	/frr-routing:routing/control-plane-protocols/control-plane-protocol/frr-bgp:bgp/peer-groups/peer-group/afi-safis/afi-safi/l3vpn-ipv6-unicast/filter-config/rmap-import
modify	/frr-routing:routing/control-plane-protocols/control-plane-protocol/frr-bgp:bgp/peer-groups/peer-group/afi-safis/afi-safi/l3vpn-ipv6-unicast/filter-config/rmap-export
destroy	/frr-routing:routing/control-plane-protocols/control-plane-protocol/frr-bgp:bgp/peer-groups/peer-group/afi-safis/afi-safi/l3vpn-ipv6-unicast/filter-config/rmap-export
modify	/frr-routing:routing/control-plane-protocols/control-plane-protocol/frr-bgp:bgp/peer-groups/peer-group/afi-safis/afi-safi/l3vpn-ipv6-unicast/filter-config/plist-import
destroy	/frr-routing:routing/control-plane-protocols/control-plane-protocol/frr-bgp:bgp/peer-groups/peer-group/afi-safis/afi-safi/l3vpn-ipv6-unicast/filter-config/plist-import
modify	/frr-routing:routing/control-plane-protocols/control-plane-protocol/frr-bgp:bgp/peer-groups/peer-group/afi-safis/afi-safi/l3vpn-ipv6-unicast/filter-config/plist-export
destroy	/frr-routing:routing/control-plane-protocols/control-plane-protocol/frr-bgp:bgp/peer-groups/peer-group/afi-safis/afi-safi/l3vpn-ipv6-unicast/filter-config/plist-export
modify	/frr-routing:routing/control-plane-protocols/control-plane-protocol/frr-bgp:bgp/peer-groups/peer-group/afi-safis/afi-safi/l3vpn-ipv6-unicast/filter-config/access-list-import
destroy	/frr-routing:routing/control-plane-protocols/control-plane-protocol/frr-bgp:bgp/peer-groups/peer-group/afi-safis/afi-safi/l3vpn-ipv6-unicast/filter-config/access-list-import
modify	/frr-routing:routing/control-plane-protocols/control-plane-protocol/frr-bgp:bgp/peer-groups/peer-group/afi-safis/afi-safi/l3vpn-ipv6-unicast/filter-config/access-list-export
destroy	/frr-routing:routing/control-plane-protocols/control-plane-protocol/frr-bgp:bgp/peer-groups/peer-group/afi-safis/afi-safi/l3vpn-ipv6-unicast/filter-config/access-list-export
modify	/frr-routing:routing/control-plane-protocols/control-plane-protocol/frr-bgp:bgp/peer-groups/peer-group/afi-safis/afi-safi/l3vpn-ipv6-unicast/filter-config/as-path-filter-list-import
destroy	/frr-routing:routing/control-plane-protocols/control-plane-protocol/frr-bgp:bgp/peer-groups/peer-group/afi-safis/afi-safi/l3vpn-ipv6-unicast/filter-config/as-path-filter-list-import
modify	/frr-routing:routing/control-plane-protocols/control-plane-protocol/frr-bgp:bgp/peer-groups/peer-group/afi-safis/afi-safi/l3vpn-ipv6-unicast/filter-config/as-path-filter-list-export
destroy	/frr-routing:routing/control-plane-protocols/control-plane-protocol/frr-bgp:bgp/peer-groups/peer-group/afi-safis/afi-safi/l3vpn-ipv6-unicast/filter-config/as-path-filter-list-export
modify	/frr-routing:routing/control-plane-protocols/control-plane-protocol/frr-bgp:bgp/peer-groups/peer-group/afi-safis/afi-safi/l3vpn-ipv6-unicast/filter-config/unsuppress-map-import
destroy	/frr-routing:routing/control-plane-protocols/control-plane-protocol/frr-bgp:bgp/peer-groups/peer-group/afi-safis/afi-safi/l3vpn-ipv6-unicast/filter-config/unsuppress-map-import
modify	/frr-routing:routing/control-plane-protocols/control-plane-protocol/frr-bgp:bgp/peer-groups/peer-group/afi-safis/afi-safi/l3vpn-ipv6-unicast/filter-config/unsuppress-map-export
destroy	/frr-routing:routing/control-plane-protocols/control-plane-protocol/frr-bgp:bgp/peer-groups/peer-group/afi-safis/afi-safi/l3vpn-ipv6-unicast/filter-config/unsuppress-map-export
modify	/frr-routing:routing/control-plane-protocols/control-plane-protocol/frr-bgp:bgp/peer-groups/peer-group/afi-safis/afi-safi/l2vpn-evpn/advertise-all-vni
modify	/frr-routing:routing/control-plane-protocols/control-plane-protocol/frr-bgp:bgp/peer-groups/peer-group/afi-safis/afi-safi/l2vpn-evpn/advertise-svi-ip
modify	/frr-routing:routing/control-plane-protocols/control-plane-protocol/frr-bgp:bgp/peer-groups/peer-group/afi-safis/afi-safi/l2vpn-evpn/advertise-default-gw
modify	/frr-routing:routing/control-plane-protocols/control-plane-protocol/frr-bgp:bgp/peer-groups/peer-group/afi-safis/afi-safi/l2vpn-evpn/advertise-subnet
modify	/frr-routing:routing/control-plane-protocols/control-plane-protocol/frr-bgp:bgp/peer-groups/peer-group/afi-safis/afi-safi/l2vpn-evpn/autort-rfc8365-compatible
modify	/frr-routing:routing/control-plane-protocols/control-plane-protocol/frr-bgp:bgp/peer-groups/peer-group/afi-safis/afi-safi/l2vpn-evpn/use-es-l3nhg
modify	/frr-routing:routing/control-plane-protocols/control-plane-protocol/frr-bgp:bgp/peer-groups/peer-group/afi-safis/afi-safi/l2vpn-evpn/enable-resolve-overlay-index
modify	/frr-routing:routing/control-plane-protocols/control-plane-protocol/frr-bgp:bgp/peer-groups/peer-group/afi-safis/afi-safi/l2vpn-evpn/disable-ead-evi-rx
modify	/frr-routing:routing/control-plane-protocols/control-plane-protocol/frr-bgp:bgp/peer-groups/peer-group/afi-safis/afi-safi/l2vpn-evpn/disable-ead-evi-tx
create	/frr-routing:routing/control-plane-protocols/control-plane-protocol/frr-bgp:bgp/peer-groups/peer-group/afi-safis/afi-safi/l2vpn-evpn/advertise-pip
destroy	/frr-routing:routing/control-plane-protocols/control-plane-protocol/frr-bgp:bgp/peer-groups/peer-group/afi-safis/afi-safi/l2vpn-evpn/advertise-pip
modify	/frr-routing:routing/control-plane-protocols/control-plane-protocol/frr-bgp:bgp/peer-groups/peer-group/afi-safis/afi-safi/l2vpn-evpn/advertise-pip/ip
destroy	/frr-routing:routing/control-plane-protocols/control-plane-protocol/frr-bgp:bgp/peer-groups/peer-group/afi-safis/afi-safi/l2vpn-evpn/advertise-pip/ip
modify	/frr-routing:routing/control-plane-protocols/control-plane-protocol/frr-bgp:bgp/peer-groups/peer-group/afi-safis/afi-safi/l2vpn-evpn/advertise-pip/mac
destroy	/frr-routing:routing/control-plane-protocols/control-plane-protocol/frr-bgp:bgp/peer-groups/peer-group/afi-safis/afi-safi/l2vpn-evpn/advertise-pip/mac
modify	/frr-routing:routing/control-plane-protocols/control-plane-protocol/frr-bgp:bgp/peer-groups/peer-group/afi-safis/afi-safi/l2vpn-evpn/advertise/ipv4-unicast
modify	/frr-routing:routing/control-plane-protocols/control-plane-protocol/frr-bgp:bgp/peer-groups/peer-group/afi-safis/afi-safi/l2vpn-evpn/advertise/ipv4-unicast-route-map
destroy	/frr-routing:routing/control-plane-protocols/control-plane-protocol/frr-bgp:bgp/peer-groups/peer-group/afi-safis/afi-safi/l2vpn-evpn/advertise/ipv4-unicast-route-map
modify	/frr-routing:routing/control-plane-protocols/control-plane-protocol/frr-bgp:bgp/peer-groups/peer-group/afi-safis/afi-safi/l2vpn-evpn/advertise/ipv6-unicast
modify	/frr-routing:routing/control-plane-protocols/control-plane-protocol/frr-bgp:bgp/peer-groups/peer-group/afi-safis/afi-safi/l2vpn-evpn/advertise/ipv6-unicast-route-map
destroy	/frr-routing:routing/control-plane-protocols/control-plane-protocol/frr-bgp:bgp/peer-groups/peer-group/afi-safis/afi-safi/l2vpn-evpn/advertise/ipv6-unicast-route-map
modify	/frr-routing:routing/control-plane-protocols/control-plane-protocol/frr-bgp:bgp/peer-groups/peer-group/afi-safis/afi-safi/l2vpn-evpn/dup-addr-detection/max-moves
modify	/frr-routing:routing/control-plane-protocols/control-plane-protocol/frr-bgp:bgp/peer-groups/peer-group/afi-safis/afi-safi/l2vpn-evpn/dup-addr-detection/time
modify	/frr-routing:routing/control-plane-protocols/control-plane-protocol/frr-bgp:bgp/peer-groups/peer-group/afi-safis/afi-safi/l2vpn-evpn/dup-addr-detection/freeze-permanent
destroy	/frr-routing:routing/control-plane-protocols/control-plane-protocol/frr-bgp:bgp/peer-groups/peer-group/afi-safis/afi-safi/l2vpn-evpn/dup-addr-detection/freeze-permanent
modify	/frr-routing:routing/control-plane-protocols/control-plane-protocol/frr-bgp:bgp/peer-groups/peer-group/afi-safis/afi-safi/l2vpn-evpn/dup-addr-detection/freeze-time
destroy	/frr-routing:routing/control-plane-protocols/control-plane-protocol/frr-bgp:bgp/peer-groups/peer-group/afi-safis/afi-safi/l2vpn-evpn/dup-addr-detection/freeze-time
modify	/frr-routing:routing/control-plane-protocols/control-plane-protocol/frr-bgp:bgp/peer-groups/peer-group/afi-safis/afi-safi/l2vpn-evpn/flooding
modify	/frr-routing:routing/control-plane-protocols/control-plane-protocol/frr-bgp:bgp/peer-groups/peer-group/afi-safis/afi-safi/l2vpn-evpn/mac-vrf-soo
destroy	/frr-routing:routing/control-plane-protocols/control-plane-protocol/frr-bgp:bgp/peer-groups/peer-group/afi-safis/afi-safi/l2vpn-evpn/mac-vrf-soo
modify	/frr-routing:routing/control-plane-protocols/control-plane-protocol/frr-bgp:bgp/peer-groups/peer-group/afi-safis/afi-safi/l2vpn-evpn/ead-es/fragmentation/evi-limit
create	/frr-routing:routing/control-plane-protocols/control-plane-protocol/frr-bgp:bgp/peer-groups/peer-group/afi-safis/afi-safi/l2vpn-evpn/ead-es/route-target-export
destroy	/frr-routing:routing/control-plane-protocols/control-plane-protocol/frr-bgp:bgp/peer-groups/peer-group/afi-safis/afi-safi/l2vpn-evpn/ead-es/route-target-export
modify	/frr-routing:routing/control-plane-protocols/control-plane-protocol/frr-bgp:bgp/peer-groups/peer-group/afi-safis/afi-safi/l2vpn-evpn/as-path-options/allow-own-as
destroy	/frr-routing:routing/control-plane-protocols/control-plane-protocol/frr-bgp:bgp/peer-groups/peer-group/afi-safis/afi-safi/l2vpn-evpn/as-path-options/allow-own-as
modify	/frr-routing:routing/control-plane-protocols/control-plane-protocol/frr-bgp:bgp/peer-groups/peer-group/afi-safis/afi-safi/l2vpn-evpn/as-path-options/allow-own-origin-as
destroy	/frr-routing:routing/control-plane-protocols/control-plane-protocol/frr-bgp:bgp/peer-groups/peer-group/afi-safis/afi-safi/l2vpn-evpn/as-path-options/allow-own-origin-as
modify	/frr-routing:routing/control-plane-protocols/control-plane-protocol/frr-bgp:bgp/peer-groups/peer-group/afi-safis/afi-safi/l2vpn-evpn/as-path-options/replace-peer-as
modify	/frr-routing:routing/control-plane-protocols/control-plane-protocol/frr-bgp:bgp/peer-groups/peer-group/afi-safis/afi-safi/l2vpn-evpn/attr-unchanged/as-path-unchanged
modify	/frr-routing:routing/control-plane-protocols/control-plane-protocol/frr-bgp:bgp/peer-groups/peer-group/afi-safis/afi-safi/l2vpn-evpn/attr-unchanged/next-hop-unchanged
modify	/frr-routing:routing/control-plane-protocols/control-plane-protocol/frr-bgp:bgp/peer-groups/peer-group/afi-safis/afi-safi/l2vpn-evpn/attr-unchanged/med-unchanged
modify	/frr-routing:routing/control-plane-protocols/control-plane-protocol/frr-bgp:bgp/peer-groups/peer-group/afi-safis/afi-safi/l2vpn-evpn/nexthop-self/next-hop-self
modify	/frr-routing:routing/control-plane-protocols/control-plane-protocol/frr-bgp:bgp/peer-groups/peer-group/afi-safis/afi-safi/l2vpn-evpn/nexthop-self/next-hop-self-force
modify	/frr-routing:routing/control-plane-protocols/control-plane-protocol/frr-bgp:bgp/peer-groups/peer-group/afi-safis/afi-safi/l2vpn-evpn/route-reflector/route-reflector-client
modify	/frr-routing:routing/control-plane-protocols/control-plane-protocol/frr-bgp:bgp/peer-groups/peer-group/afi-safis/afi-safi/l2vpn-evpn/route-server/route-server-client
modify	/frr-routing:routing/control-plane-protocols/control-plane-protocol/frr-bgp:bgp/peer-groups/peer-group/afi-safis/afi-safi/l2vpn-evpn/soft-reconfiguration
modify	/frr-routing:routing/control-plane-protocols/control-plane-protocol/frr-bgp:bgp/peer-groups/peer-group/afi-safis/afi-safi/l2vpn-evpn/filter-config/rmap-import
destroy	/frr-routing:routing/control-plane-protocols/control-plane-protocol/frr-bgp:bgp/peer-groups/peer-group/afi-safis/afi-safi/l2vpn-evpn/filter-config/rmap-import
modify	/frr-routing:routing/control-plane-protocols/control-plane-protocol/frr-bgp:bgp/peer-groups/peer-group/afi-safis/afi-safi/l2vpn-evpn/filter-config/rmap-export
destroy	/frr-routing:routing/control-plane-protocols/control-plane-protocol/frr-bgp:bgp/peer-groups/peer-group/afi-safis/afi-safi/l2vpn-evpn/filter-config/rmap-export
modify	/frr-routing:routing/control-plane-protocols/control-plane-protocol/frr-bgp:bgp/peer-groups/peer-group/afi-safis/afi-safi/l2vpn-evpn/filter-config/plist-import
destroy	/frr-routing:routing/control-plane-protocols/control-plane-protocol/frr-bgp:bgp/peer-groups/peer-group/afi-safis/afi-safi/l2vpn-evpn/filter-config/plist-import
modify	/frr-routing:routing/control-plane-protocols/control-plane-protocol/frr-bgp:bgp/peer-groups/peer-group/afi-safis/afi-safi/l2vpn-evpn/filter-config/plist-export
destroy	/frr-routing:routing/control-plane-protocols/control-plane-protocol/frr-bgp:bgp/peer-groups/peer-group/afi-safis/afi-safi/l2vpn-evpn/filter-config/plist-export
modify	/frr-routing:routing/control-plane-protocols/control-plane-protocol/frr-bgp:bgp/peer-groups/peer-group/afi-safis/afi-safi/l2vpn-evpn/filter-config/access-list-import
destroy	/frr-routing:routing/control-plane-protocols/control-plane-protocol/frr-bgp:bgp/peer-groups/peer-group/afi-safis/afi-safi/l2vpn-evpn/filter-config/access-list-import
modify	/frr-routing:routing/control-plane-protocols/control-plane-protocol/frr-bgp:bgp/peer-groups/peer-group/afi-safis/afi-safi/l2vpn-evpn/filter-config/access-list-export
destroy	/frr-routing:routing/control-plane-protocols/control-plane-protocol/frr-bgp:bgp/peer-groups/peer-group/afi-safis/afi-safi/l2vpn-evpn/filter-config/access-list-export
modify	/frr-routing:routing/control-plane-protocols/control-plane-protocol/frr-bgp:bgp/peer-groups/peer-group/afi-safis/afi-safi/l2vpn-evpn/filter-config/as-path-filter-list-import
destroy	/frr-routing:routing/control-plane-protocols/control-plane-protocol/frr-bgp:bgp/peer-groups/peer-group/afi-safis/afi-safi/l2vpn-evpn/filter-config/as-path-filter-list-import
modify	/frr-routing:routing/control-plane-protocols/control-plane-protocol/frr-bgp:bgp/peer-groups/peer-group/afi-safis/afi-safi/l2vpn-evpn/filter-config/as-path-filter-list-export
destroy	/frr-routing:routing/control-plane-protocols/control-plane-protocol/frr-bgp:bgp/peer-groups/peer-group/afi-safis/afi-safi/l2vpn-evpn/filter-config/as-path-filter-list-export
modify	/frr-routing:routing/control-plane-protocols/control-plane-protocol/frr-bgp:bgp/peer-groups/peer-group/afi-safis/afi-safi/l2vpn-evpn/filter-config/unsuppress-map-import
destroy	/frr-routing:routing/control-plane-protocols/control-plane-protocol/frr-bgp:bgp/peer-groups/peer-group/afi-safis/afi-safi/l2vpn-evpn/filter-config/unsuppress-map-import
modify	/frr-routing:routing/control-plane-protocols/control-plane-protocol/frr-bgp:bgp/peer-groups/peer-group/afi-safis/afi-safi/l2vpn-evpn/filter-config/unsuppress-map-export
destroy	/frr-routing:routing/control-plane-protocols/control-plane-protocol/frr-bgp:bgp/peer-groups/peer-group/afi-safis/afi-safi/l2vpn-evpn/filter-config/unsuppress-map-export
modify	/frr-routing:routing/control-plane-protocols/control-plane-protocol/frr-bgp:bgp/peer-groups/peer-group/afi-safis/afi-safi/ipv4-multicast/add-paths/path-type
modify	/frr-routing:routing/control-plane-protocols/control-plane-protocol/frr-bgp:bgp/peer-groups/peer-group/afi-safis/afi-safi/ipv4-multicast/as-path-options/allow-own-as
destroy	/frr-routing:routing/control-plane-protocols/control-plane-protocol/frr-bgp:bgp/peer-groups/peer-group/afi-safis/afi-safi/ipv4-multicast/as-path-options/allow-own-as
modify	/frr-routing:routing/control-plane-protocols/control-plane-protocol/frr-bgp:bgp/peer-groups/peer-group/afi-safis/afi-safi/ipv4-multicast/as-path-options/allow-own-origin-as
destroy	/frr-routing:routing/control-plane-protocols/control-plane-protocol/frr-bgp:bgp/peer-groups/peer-group/afi-safis/afi-safi/ipv4-multicast/as-path-options/allow-own-origin-as
modify	/frr-routing:routing/control-plane-protocols/control-plane-protocol/frr-bgp:bgp/peer-groups/peer-group/afi-safis/afi-safi/ipv4-multicast/as-path-options/replace-peer-as
modify	/frr-routing:routing/control-plane-protocols/control-plane-protocol/frr-bgp:bgp/peer-groups/peer-group/afi-safis/afi-safi/ipv4-multicast/default-originate/originate
modify	/frr-routing:routing/control-plane-protocols/control-plane-protocol/frr-bgp:bgp/peer-groups/peer-group/afi-safis/afi-safi/ipv4-multicast/default-originate/route-map
destroy	/frr-routing:routing/control-plane-protocols/control-plane-protocol/frr-bgp:bgp/peer-groups/peer-group/afi-safis/afi-safi/ipv4-multicast/default-originate/route-map
modify	/frr-routing:routing/control-plane-protocols/control-plane-protocol/frr-bgp:bgp/peer-groups/peer-group/afi-safis/afi-safi/ipv4-multicast/attr-unchanged/as-path-unchanged
modify	/frr-routing:routing/control-plane-protocols/control-plane-protocol/frr-bgp:bgp/peer-groups/peer-group/afi-safis/afi-safi/ipv4-multicast/attr-unchanged/next-hop-unchanged
modify	/frr-routing:routing/control-plane-protocols/control-plane-protocol/frr-bgp:bgp/peer-groups/peer-group/afi-safis/afi-safi/ipv4-multicast/attr-unchanged/med-unchanged
modify	/frr-routing:routing/control-plane-protocols/control-plane-protocol/frr-bgp:bgp/peer-groups/peer-group/afi-safis/afi-safi/ipv4-multicast/orf-capability/orf-send
destroy	/frr-routing:routing/control-plane-protocols/control-plane-protocol/frr-bgp:bgp/peer-groups/peer-group/afi-safis/afi-safi/ipv4-multicast/orf-capability/orf-send
modify	/frr-routing:routing/control-plane-protocols/control-plane-protocol/frr-bgp:bgp/peer-groups/peer-group/afi-safis/afi-safi/ipv4-multicast/orf-capability/orf-receive
destroy	/frr-routing:routing/control-plane-protocols/control-plane-protocol/frr-bgp:bgp/peer-groups/peer-group/afi-safis/afi-safi/ipv4-multicast/orf-capability/orf-receive
modify	/frr-routing:routing/control-plane-protocols/control-plane-protocol/frr-bgp:bgp/peer-groups/peer-group/afi-safis/afi-safi/ipv4-multicast/orf-capability/orf-both
destroy	/frr-routing:routing/control-plane-protocols/control-plane-protocol/frr-bgp:bgp/peer-groups/peer-group/afi-safis/afi-safi/ipv4-multicast/orf-capability/orf-both
create	/frr-routing:routing/control-plane-protocols/control-plane-protocol/frr-bgp:bgp/peer-groups/peer-group/afi-safis/afi-safi/ipv4-multicast/prefix-limit/direction-list
destroy	/frr-routing:routing/control-plane-protocols/control-plane-protocol/frr-bgp:bgp/peer-groups/peer-group/afi-safis/afi-safi/ipv4-multicast/prefix-limit/direction-list
get_next	/frr-routing:routing/control-plane-protocols/control-plane-protocol/frr-bgp:bgp/peer-groups/peer-group/afi-safis/afi-safi/ipv4-multicast/prefix-limit/direction-list
get_keys	/frr-routing:routing/control-plane-protocols/control-plane-protocol/frr-bgp:bgp/peer-groups/peer-group/afi-safis/afi-safi/ipv4-multicast/prefix-limit/direction-list
lookup_entry	/frr-routing:routing/control-plane-protocols/control-plane-protocol/frr-bgp:bgp/peer-groups/peer-group/afi-safis/afi-safi/ipv4-multicast/prefix-limit/direction-list
modify	/frr-routing:routing/control-plane-protocols/control-plane-protocol/frr-bgp:bgp/peer-groups/peer-group/afi-safis/afi-safi/ipv4-multicast/prefix-limit/direction-list/max-prefixes
modify	/frr-routing:routing/control-plane-protocols/control-plane-protocol/frr-bgp:bgp/peer-groups/peer-group/afi-safis/afi-safi/ipv4-multicast/prefix-limit/direction-list/force-check
modify	/frr-routing:routing/control-plane-protocols/control-plane-protocol/frr-bgp:bgp/peer-groups/peer-group/afi-safis/afi-safi/ipv4-multicast/prefix-limit/direction-list/options/warning-only
destroy	/frr-routing:routing/control-plane-protocols/control-plane-protocol/frr-bgp:bgp/peer-groups/peer-group/afi-safis/afi-safi/ipv4-multicast/prefix-limit/direction-list/options/warning-only
modify	/frr-routing:routing/control-plane-protocols/control-plane-protocol/frr-bgp:bgp/peer-groups/peer-group/afi-safis/afi-safi/ipv4-multicast/prefix-limit/direction-list/options/restart-timer
destroy	/frr-routing:routing/control-plane-protocols/control-plane-protocol/frr-bgp:bgp/peer-groups/peer-group/afi-safis/afi-safi/ipv4-multicast/prefix-limit/direction-list/options/restart-timer
modify	/frr-routing:routing/control-plane-protocols/control-plane-protocol/frr-bgp:bgp/peer-groups/peer-group/afi-safis/afi-safi/ipv4-multicast/prefix-limit/direction-list/options/shutdown-threshold-pct
destroy	/frr-routing:routing/control-plane-protocols/control-plane-protocol/frr-bgp:bgp/peer-groups/peer-group/afi-safis/afi-safi/ipv4-multicast/prefix-limit/direction-list/options/shutdown-threshold-pct
modify	/frr-routing:routing/control-plane-protocols/control-plane-protocol/frr-bgp:bgp/peer-groups/peer-group/afi-safis/afi-safi/ipv4-multicast/prefix-limit/direction-list/options/tr-shutdown-threshold-pct
destroy	/frr-routing:routing/control-plane-protocols/control-plane-protocol/frr-bgp:bgp/peer-groups/peer-group/afi-safis/afi-safi/ipv4-multicast/prefix-limit/direction-list/options/tr-shutdown-threshold-pct
modify	/frr-routing:routing/control-plane-protocols/control-plane-protocol/frr-bgp:bgp/peer-groups/peer-group/afi-safis/afi-safi/ipv4-multicast/prefix-limit/direction-list/options/tr-restart-timer
destroy	/frr-routing:routing/control-plane-protocols/control-plane-protocol/frr-bgp:bgp/peer-groups/peer-group/afi-safis/afi-safi/ipv4-multicast/prefix-limit/direction-list/options/tr-restart-timer
modify	/frr-routing:routing/control-plane-protocols/control-plane-protocol/frr-bgp:bgp/peer-groups/peer-group/afi-safis/afi-safi/ipv4-multicast/prefix-limit/direction-list/options/tw-shutdown-threshold-pct
destroy	/frr-routing:routing/control-plane-protocols/control-plane-protocol/frr-bgp:bgp/peer-groups/peer-group/afi-safis/afi-safi/ipv4-multicast/prefix-limit/direction-list/options/tw-shutdown-threshold-pct
modify	/frr-routing:routing/control-plane-protocols/control-plane-protocol/frr-bgp:bgp/peer-groups/peer-group/afi-safis/afi-safi/ipv4-multicast/prefix-limit/direction-list/options/tw-warning-only
destroy	/frr-routing:routing/control-plane-protocols/control-plane-protocol/frr-bgp:bgp/peer-groups/peer-group/afi-safis/afi-safi/ipv4-multicast/prefix-limit/direction-list/options/tw-warning-only
modify	/frr-routing:routing/control-plane-protocols/control-plane-protocol/frr-bgp:bgp/peer-groups/peer-group/afi-safis/afi-safi/ipv4-multicast/nexthop-self/next-hop-self
modify	/frr-routing:routing/control-plane-protocols/control-plane-protocol/frr-bgp:bgp/peer-groups/peer-group/afi-safis/afi-safi/ipv4-multicast/nexthop-self/next-hop-self-force
modify	/frr-routing:routing/control-plane-protocols/control-plane-protocol/frr-bgp:bgp/peer-groups/peer-group/afi-safis/afi-safi/ipv4-multicast/private-as/remove-private-as-all
modify	/frr-routing:routing/control-plane-protocols/control-plane-protocol/frr-bgp:bgp/peer-groups/peer-group/afi-safis/afi-safi/ipv4-multicast/private-as/remove-private-as-all-replace
modify	/frr-routing:routing/control-plane-protocols/control-plane-protocol/frr-bgp:bgp/peer-groups/peer-group/afi-safis/afi-safi/ipv4-multicast/private-as/remove-private-as
modify	/frr-routing:routing/control-plane-protocols/control-plane-protocol/frr-bgp:bgp/peer-groups/peer-group/afi-safis/afi-safi/ipv4-multicast/private-as/remove-private-as-replace
modify	/frr-routing:routing/control-plane-protocols/control-plane-protocol/frr-bgp:bgp/peer-groups/peer-group/afi-safis/afi-safi/ipv4-multicast/route-reflector/route-reflector-client
modify	/frr-routing:routing/control-plane-protocols/control-plane-protocol/frr-bgp:bgp/peer-groups/peer-group/afi-safis/afi-safi/ipv4-multicast/route-server/route-server-client
modify	/frr-routing:routing/control-plane-protocols/control-plane-protocol/frr-bgp:bgp/peer-groups/peer-group/afi-safis/afi-safi/ipv4-multicast/send-community/send-community
modify	/frr-routing:routing/control-plane-protocols/control-plane-protocol/frr-bgp:bgp/peer-groups/peer-group/afi-safis/afi-safi/ipv4-multicast/send-community/send-ext-community
modify	/frr-routing:routing/control-plane-protocols/control-plane-protocol/frr-bgp:bgp/peer-groups/peer-group/afi-safis/afi-safi/ipv4-multicast/send-community/send-large-community
modify	/frr-routing:routing/control-plane-protocols/control-plane-protocol/frr-bgp:bgp/peer-groups/peer-group/afi-safis/afi-safi/ipv4-multicast/soft-reconfiguration
modify	/frr-routing:routing/control-plane-protocols/control-plane-protocol/frr-bgp:bgp/peer-groups/peer-group/afi-safis/afi-safi/ipv4-multicast/weight/weight-attribute
destroy	/frr-routing:routing/control-plane-protocols/control-plane-protocol/frr-bgp:bgp/peer-groups/peer-group/afi-safis/afi-safi/ipv4-multicast/weight/weight-attribute
modify	/frr-routing:routing/control-plane-protocols/control-plane-protocol/frr-bgp:bgp/peer-groups/peer-group/afi-safis/afi-safi/ipv4-multicast/filter-config/rmap-import
destroy	/frr-routing:routing/control-plane-protocols/control-plane-protocol/frr-bgp:bgp/peer-groups/peer-group/afi-safis/afi-safi/ipv4-multicast/filter-config/rmap-import
modify	/frr-routing:routing/control-plane-protocols/control-plane-protocol/frr-bgp:bgp/peer-groups/peer-group/afi-safis/afi-safi/ipv4-multicast/filter-config/rmap-export
destroy	/frr-routing:routing/control-plane-protocols/control-plane-protocol/frr-bgp:bgp/peer-groups/peer-group/afi-safis/afi-safi/ipv4-multicast/filter-config/rmap-export
modify	/frr-routing:routing/control-plane-protocols/control-plane-protocol/frr-bgp:bgp/peer-groups/peer-group/afi-safis/afi-safi/ipv4-multicast/filter-config/plist-import
destroy	/frr-routing:routing/control-plane-protocols/control-plane-protocol/frr-bgp:bgp/peer-groups/peer-group/afi-safis/afi-safi/ipv4-multicast/filter-config/plist-import
modify	/frr-routing:routing/control-plane-protocols/control-plane-protocol/frr-bgp:bgp/peer-groups/peer-group/afi-safis/afi-safi/ipv4-multicast/filter-config/plist-export
destroy	/frr-routing:routing/control-plane-protocols/control-plane-protocol/frr-bgp:bgp/peer-groups/peer-group/afi-safis/afi-safi/ipv4-multicast/filter-config/plist-export
modify	/frr-routing:routing/control-plane-protocols/control-plane-protocol/frr-bgp:bgp/peer-groups/peer-group/afi-safis/afi-safi/ipv4-multicast/filter-config/access-list-import
destroy	/frr-routing:routing/control-plane-protocols/control-plane-protocol/frr-bgp:bgp/peer-groups/peer-group/afi-safis/afi-safi/ipv4-multicast/filter-config/access-list-import
modify	/frr-routing:routing/control-plane-protocols/control-plane-protocol/frr-bgp:bgp/peer-groups/peer-group/afi-safis/afi-safi/ipv4-multicast/filter-config/access-list-export
destroy	/frr-routing:routing/control-plane-protocols/control-plane-protocol/frr-bgp:bgp/peer-groups/peer-group/afi-safis/afi-safi/ipv4-multicast/filter-config/access-list-export
modify	/frr-routing:routing/control-plane-protocols/control-plane-protocol/frr-bgp:bgp/peer-groups/peer-group/afi-safis/afi-safi/ipv4-multicast/filter-config/as-path-filter-list-import
destroy	/frr-routing:routing/control-plane-protocols/control-plane-protocol/frr-bgp:bgp/peer-groups/peer-group/afi-safis/afi-safi/ipv4-multicast/filter-config/as-path-filter-list-import
modify	/frr-routing:routing/control-plane-protocols/control-plane-protocol/frr-bgp:bgp/peer-groups/peer-group/afi-safis/afi-safi/ipv4-multicast/filter-config/as-path-filter-list-export
destroy	/frr-routing:routing/control-plane-protocols/control-plane-protocol/frr-bgp:bgp/peer-groups/peer-group/afi-safis/afi-safi/ipv4-multicast/filter-config/as-path-filter-list-export
modify	/frr-routing:routing/control-plane-protocols/control-plane-protocol/frr-bgp:bgp/peer-groups/peer-group/afi-safis/afi-safi/ipv4-multicast/filter-config/unsuppress-map-import
destroy	/frr-routing:routing/control-plane-protocols/control-plane-protocol/frr-bgp:bgp/peer-groups/peer-group/afi-safis/afi-safi/ipv4-multicast/filter-config/unsuppress-map-import
modify	/frr-routing:routing/control-plane-protocols/control-plane-protocol/frr-bgp:bgp/peer-groups/peer-group/afi-safis/afi-safi/ipv4-multicast/filter-config/unsuppress-map-export
destroy	/frr-routing:routing/control-plane-protocols/control-plane-protocol/frr-bgp:bgp/peer-groups/peer-group/afi-safis/afi-safi/ipv4-multicast/filter-config/unsuppress-map-export
modify	/frr-routing:routing/control-plane-protocols/control-plane-protocol/frr-bgp:bgp/peer-groups/peer-group/afi-safis/afi-safi/ipv6-multicast/add-paths/path-type
modify	/frr-routing:routing/control-plane-protocols/control-plane-protocol/frr-bgp:bgp/peer-groups/peer-group/afi-safis/afi-safi/ipv6-multicast/as-path-options/allow-own-as
destroy	/frr-routing:routing/control-plane-protocols/control-plane-protocol/frr-bgp:bgp/peer-groups/peer-group/afi-safis/afi-safi/ipv6-multicast/as-path-options/allow-own-as
modify	/frr-routing:routing/control-plane-protocols/control-plane-protocol/frr-bgp:bgp/peer-groups/peer-group/afi-safis/afi-safi/ipv6-multicast/as-path-options/allow-own-origin-as
destroy	/frr-routing:routing/control-plane-protocols/control-plane-protocol/frr-bgp:bgp/peer-groups/peer-group/afi-safis/afi-safi/ipv6-multicast/as-path-options/allow-own-origin-as
modify	/frr-routing:routing/control-plane-protocols/control-plane-protocol/frr-bgp:bgp/peer-groups/peer-group/afi-safis/afi-safi/ipv6-multicast/as-path-options/replace-peer-as
modify	/frr-routing:routing/control-plane-protocols/control-plane-protocol/frr-bgp:bgp/peer-groups/peer-group/afi-safis/afi-safi/ipv6-multicast/default-originate/originate
modify	/frr-routing:routing/control-plane-protocols/control-plane-protocol/frr-bgp:bgp/peer-groups/peer-group/afi-safis/afi-safi/ipv6-multicast/default-originate/route-map
destroy	/frr-routing:routing/control-plane-protocols/control-plane-protocol/frr-bgp:bgp/peer-groups/peer-group/afi-safis/afi-safi/ipv6-multicast/default-originate/route-map
modify	/frr-routing:routing/control-plane-protocols/control-plane-protocol/frr-bgp:bgp/peer-groups/peer-group/afi-safis/afi-safi/ipv6-multicast/attr-unchanged/as-path-unchanged
modify	/frr-routing:routing/control-plane-protocols/control-plane-protocol/frr-bgp:bgp/peer-groups/peer-group/afi-safis/afi-safi/ipv6-multicast/attr-unchanged/next-hop-unchanged
modify	/frr-routing:routing/control-plane-protocols/control-plane-protocol/frr-bgp:bgp/peer-groups/peer-group/afi-safis/afi-safi/ipv6-multicast/attr-unchanged/med-unchanged
modify	/frr-routing:routing/control-plane-protocols/control-plane-protocol/frr-bgp:bgp/peer-groups/peer-group/afi-safis/afi-safi/ipv6-multicast/orf-capability/orf-send
destroy	/frr-routing:routing/control-plane-protocols/control-plane-protocol/frr-bgp:bgp/peer-groups/peer-group/afi-safis/afi-safi/ipv6-multicast/orf-capability/orf-send
modify	/frr-routing:routing/control-plane-protocols/control-plane-protocol/frr-bgp:bgp/peer-groups/peer-group/afi-safis/afi-safi/ipv6-multicast/orf-capability/orf-receive
destroy	/frr-routing:routing/control-plane-protocols/control-plane-protocol/frr-bgp:bgp/peer-groups/peer-group/afi-safis/afi-safi/ipv6-multicast/orf-capability/orf-receive
modify	/frr-routing:routing/control-plane-protocols/control-plane-protocol/frr-bgp:bgp/peer-groups/peer-group/afi-safis/afi-safi/ipv6-multicast/orf-capability/orf-both
destroy	/frr-routing:routing/control-plane-protocols/control-plane-protocol/frr-bgp:bgp/peer-groups/peer-group/afi-safis/afi-safi/ipv6-multicast/orf-capability/orf-both
create	/frr-routing:routing/control-plane-protocols/control-plane-protocol/frr-bgp:bgp/peer-groups/peer-group/afi-safis/afi-safi/ipv6-multicast/prefix-limit/direction-list
destroy	/frr-routing:routing/control-plane-protocols/control-plane-protocol/frr-bgp:bgp/peer-groups/peer-group/afi-safis/afi-safi/ipv6-multicast/prefix-limit/direction-list
get_next	/frr-routing:routing/control-plane-protocols/control-plane-protocol/frr-bgp:bgp/peer-groups/peer-group/afi-safis/afi-safi/ipv6-multicast/prefix-limit/direction-list
get_keys	/frr-routing:routing/control-plane-protocols/control-plane-protocol/frr-bgp:bgp/peer-groups/peer-group/afi-safis/afi-safi/ipv6-multicast/prefix-limit/direction-list
lookup_entry	/frr-routing:routing/control-plane-protocols/control-plane-protocol/frr-bgp:bgp/peer-groups/peer-group/afi-safis/afi-safi/ipv6-multicast/prefix-limit/direction-list
modify	/frr-routing:routing/control-plane-protocols/control-plane-protocol/frr-bgp:bgp/peer-groups/peer-group/afi-safis/afi-safi/ipv6-multicast/prefix-limit/direction-list/max-prefixes
modify	/frr-routing:routing/control-plane-protocols/control-plane-protocol/frr-bgp:bgp/peer-groups/peer-group/afi-safis/afi-safi/ipv6-multicast/prefix-limit/direction-list/force-check
modify	/frr-routing:routing/control-plane-protocols/control-plane-protocol/frr-bgp:bgp/peer-groups/peer-group/afi-safis/afi-safi/ipv6-multicast/prefix-limit/direction-list/options/warning-only
destroy	/frr-routing:routing/control-plane-protocols/control-plane-protocol/frr-bgp:bgp/peer-groups/peer-group/afi-safis/afi-safi/ipv6-multicast/prefix-limit/direction-list/options/warning-only
modify	/frr-routing:routing/control-plane-protocols/control-plane-protocol/frr-bgp:bgp/peer-groups/peer-group/afi-safis/afi-safi/ipv6-multicast/prefix-limit/direction-list/options/restart-timer
destroy	/frr-routing:routing/control-plane-protocols/control-plane-protocol/frr-bgp:bgp/peer-groups/peer-group/afi-safis/afi-safi/ipv6-multicast/prefix-limit/direction-list/options/restart-timer
modify	/frr-routing:routing/control-plane-protocols/control-plane-protocol/frr-bgp:bgp/peer-groups/peer-group/afi-safis/afi-safi/ipv6-multicast/prefix-limit/direction-list/options/shutdown-threshold-pct
destroy	/frr-routing:routing/control-plane-protocols/control-plane-protocol/frr-bgp:bgp/peer-groups/peer-group/afi-safis/afi-safi/ipv6-multicast/prefix-limit/direction-list/options/shutdown-threshold-pct
modify	/frr-routing:routing/control-plane-protocols/control-plane-protocol/frr-bgp:bgp/peer-groups/peer-group/afi-safis/afi-safi/ipv6-multicast/prefix-limit/direction-list/options/tr-shutdown-threshold-pct
destroy	/frr-routing:routing/control-plane-protocols/control-plane-protocol/frr-bgp:bgp/peer-groups/peer-group/afi-safis/afi-safi/ipv6-multicast/prefix-limit/direction-list/options/tr-shutdown-threshold-pct
modify	/frr-routing:routing/control-plane-protocols/control-plane-protocol/frr-bgp:bgp/peer-groups/peer-group/afi-safis/afi-safi/ipv6-multicast/prefix-limit/direction-list/options/tr-restart-timer
destroy	/frr-routing:routing/control-plane-protocols/control-plane-protocol/frr-bgp:bgp/peer-groups/peer-group/afi-safis/afi-safi/ipv6-multicast/prefix-limit/direction-list/options/tr-restart-timer
modify	/frr-routing:routing/control-plane-protocols/control-plane-protocol/frr-bgp:bgp/peer-groups/peer-group/afi-safis/afi-safi/ipv6-multicast/prefix-limit/direction-list/options/tw-shutdown-threshold-pct
destroy	/frr-routing:routing/control-plane-protocols/control-plane-protocol/frr-bgp:bgp/peer-groups/peer-group/afi-safis/afi-safi/ipv6-multicast/prefix-limit/direction-list/options/tw-shutdown-threshold-pct
modify	/frr-routing:routing/control-plane-protocols/control-plane-protocol/frr-bgp:bgp/peer-groups/peer-group/afi-safis/afi-safi/ipv6-multicast/prefix-limit/direction-list/options/tw-warning-only
destroy	/frr-routing:routing/control-plane-protocols/control-plane-protocol/frr-bgp:bgp/peer-groups/peer-group/afi-safis/afi-safi/ipv6-multicast/prefix-limit/direction-list/options/tw-warning-only
modify	/frr-routing:routing/control-plane-protocols/control-plane-protocol/frr-bgp:bgp/peer-groups/peer-group/afi-safis/afi-safi/ipv6-multicast/nexthop-self/next-hop-self
modify	/frr-routing:routing/control-plane-protocols/control-plane-protocol/frr-bgp:bgp/peer-groups/peer-group/afi-safis/afi-safi/ipv6-multicast/nexthop-self/next-hop-self-force
modify	/frr-routing:routing/control-plane-protocols/control-plane-protocol/frr-bgp:bgp/peer-groups/peer-group/afi-safis/afi-safi/ipv6-multicast/private-as/remove-private-as-all
modify	/frr-routing:routing/control-plane-protocols/control-plane-protocol/frr-bgp:bgp/peer-groups/peer-group/afi-safis/afi-safi/ipv6-multicast/private-as/remove-private-as-all-replace
modify	/frr-routing:routing/control-plane-protocols/control-plane-protocol/frr-bgp:bgp/peer-groups/peer-group/afi-safis/afi-safi/ipv6-multicast/private-as/remove-private-as
modify	/frr-routing:routing/control-plane-protocols/control-plane-protocol/frr-bgp:bgp/peer-groups/peer-group/afi-safis/afi-safi/ipv6-multicast/private-as/remove-private-as-replace
modify	/frr-routing:routing/control-plane-protocols/control-plane-protocol/frr-bgp:bgp/peer-groups/peer-group/afi-safis/afi-safi/ipv6-multicast/route-reflector/route-reflector-client
modify	/frr-routing:routing/control-plane-protocols/control-plane-protocol/frr-bgp:bgp/peer-groups/peer-group/afi-safis/afi-safi/ipv6-multicast/route-server/route-server-client
modify	/frr-routing:routing/control-plane-protocols/control-plane-protocol/frr-bgp:bgp/peer-groups/peer-group/afi-safis/afi-safi/ipv6-multicast/send-community/send-community
modify	/frr-routing:routing/control-plane-protocols/control-plane-protocol/frr-bgp:bgp/peer-groups/peer-group/afi-safis/afi-safi/ipv6-multicast/send-community/send-ext-community
modify	/frr-routing:routing/control-plane-protocols/control-plane-protocol/frr-bgp:bgp/peer-groups/peer-group/afi-safis/afi-safi/ipv6-multicast/send-community/send-large-community
modify	/frr-routing:routing/control-plane-protocols/control-plane-protocol/frr-bgp:bgp/peer-groups/peer-group/afi-safis/afi-safi/ipv6-multicast/soft-reconfiguration
modify	/frr-routing:routing/control-plane-protocols/control-plane-protocol/frr-bgp:bgp/peer-groups/peer-group/afi-safis/afi-safi/ipv6-multicast/weight/weight-attribute
destroy	/frr-routing:routing/control-plane-protocols/control-plane-protocol/frr-bgp:bgp/peer-groups/peer-group/afi-safis/afi-safi/ipv6-multicast/weight/weight-attribute
modify	/frr-routing:routing/control-plane-protocols/control-plane-protocol/frr-bgp:bgp/peer-groups/peer-group/afi-safis/afi-safi/ipv6-multicast/filter-config/rmap-import
destroy	/frr-routing:routing/control-plane-protocols/control-plane-protocol/frr-bgp:bgp/peer-groups/peer-group/afi-safis/afi-safi/ipv6-multicast/filter-config/rmap-import
modify	/frr-routing:routing/control-plane-protocols/control-plane-protocol/frr-bgp:bgp/peer-groups/peer-group/afi-safis/afi-safi/ipv6-multicast/filter-config/rmap-export
destroy	/frr-routing:routing/control-plane-protocols/control-plane-protocol/frr-bgp:bgp/peer-groups/peer-group/afi-safis/afi-safi/ipv6-multicast/filter-config/rmap-export
modify	/frr-routing:routing/control-plane-protocols/control-plane-protocol/frr-bgp:bgp/peer-groups/peer-group/afi-safis/afi-safi/ipv6-multicast/filter-config/plist-import
destroy	/frr-routing:routing/control-plane-protocols/control-plane-protocol/frr-bgp:bgp/peer-groups/peer-group/afi-safis/afi-safi/ipv6-multicast/filter-config/plist-import
modify	/frr-routing:routing/control-plane-protocols/control-plane-protocol/frr-bgp:bgp/peer-groups/peer-group/afi-safis/afi-safi/ipv6-multicast/filter-config/plist-export
destroy	/frr-routing:routing/control-plane-protocols/control-plane-protocol/frr-bgp:bgp/peer-groups/peer-group/afi-safis/afi-safi/ipv6-multicast/filter-config/plist-export
modify	/frr-routing:routing/control-plane-protocols/control-plane-protocol/frr-bgp:bgp/peer-groups/peer-group/afi-safis/afi-safi/ipv6-multicast/filter-config/access-list-import
destroy	/frr-routing:routing/control-plane-protocols/control-plane-protocol/frr-bgp:bgp/peer-groups/peer-group/afi-safis/afi-safi/ipv6-multicast/filter-config/access-list-import
modify	/frr-routing:routing/control-plane-protocols/control-plane-protocol/frr-bgp:bgp/peer-groups/peer-group/afi-safis/afi-safi/ipv6-multicast/filter-config/access-list-export
destroy	/frr-routing:routing/control-plane-protocols/control-plane-protocol/frr-bgp:bgp/peer-groups/peer-group/afi-safis/afi-safi/ipv6-multicast/filter-config/access-list-export
modify	/frr-routing:routing/control-plane-protocols/control-plane-protocol/frr-bgp:bgp/peer-groups/peer-group/afi-safis/afi-safi/ipv6-multicast/filter-config/as-path-filter-list-import
destroy	/frr-routing:routing/control-plane-protocols/control-plane-protocol/frr-bgp:bgp/peer-groups/peer-group/afi-safis/afi-safi/ipv6-multicast/filter-config/as-path-filter-list-import
modify	/frr-routing:routing/control-plane-protocols/control-plane-protocol/frr-bgp:bgp/peer-groups/peer-group/afi-safis/afi-safi/ipv6-multicast/filter-config/as-path-filter-list-export
destroy	/frr-routing:routing/control-plane-protocols/control-plane-protocol/frr-bgp:bgp/peer-groups/peer-group/afi-safis/afi-safi/ipv6-multicast/filter-config/as-path-filter-list-export
modify	/frr-routing:routing/control-plane-protocols/control-plane-protocol/frr-bgp:bgp/peer-groups/peer-group/afi-safis/afi-safi/ipv6-multicast/filter-config/unsuppress-map-import
destroy	/frr-routing:routing/control-plane-protocols/control-plane-protocol/frr-bgp:bgp/peer-groups/peer-group/afi-safis/afi-safi/ipv6-multicast/filter-config/unsuppress-map-import
modify	/frr-routing:routing/control-plane-protocols/control-plane-protocol/frr-bgp:bgp/peer-groups/peer-group/afi-safis/afi-safi/ipv6-multicast/filter-config/unsuppress-map-export
destroy	/frr-routing:routing/control-plane-protocols/control-plane-protocol/frr-bgp:bgp/peer-groups/peer-group/afi-safis/afi-safi/ipv6-multicast/filter-config/unsuppress-map-export
create	/frr-routing:routing/control-plane-protocols/control-plane-protocol/frr-bgp:bgp/peer-groups/peer-group/afi-safis/afi-safi/ipv4-flowspec/local-install-interface
destroy	/frr-routing:routing/control-plane-protocols/control-plane-protocol/frr-bgp:bgp/peer-groups/peer-group/afi-safis/afi-safi/ipv4-flowspec/local-install-interface
modify	/frr-routing:routing/control-plane-protocols/control-plane-protocol/frr-bgp:bgp/peer-groups/peer-group/afi-safis/afi-safi/ipv4-flowspec/route-reflector/route-reflector-client
modify	/frr-routing:routing/control-plane-protocols/control-plane-protocol/frr-bgp:bgp/peer-groups/peer-group/afi-safis/afi-safi/ipv4-flowspec/route-server/route-server-client
modify	/frr-routing:routing/control-plane-protocols/control-plane-protocol/frr-bgp:bgp/peer-groups/peer-group/afi-safis/afi-safi/ipv4-flowspec/soft-reconfiguration
modify	/frr-routing:routing/control-plane-protocols/control-plane-protocol/frr-bgp:bgp/peer-groups/peer-group/afi-safis/afi-safi/ipv4-flowspec/filter-config/rmap-import
destroy	/frr-routing:routing/control-plane-protocols/control-plane-protocol/frr-bgp:bgp/peer-groups/peer-group/afi-safis/afi-safi/ipv4-flowspec/filter-config/rmap-import
modify	/frr-routing:routing/control-plane-protocols/control-plane-protocol/frr-bgp:bgp/peer-groups/peer-group/afi-safis/afi-safi/ipv4-flowspec/filter-config/rmap-export
destroy	/frr-routing:routing/control-plane-protocols/control-plane-protocol/frr-bgp:bgp/peer-groups/peer-group/afi-safis/afi-safi/ipv4-flowspec/filter-config/rmap-export
modify	/frr-routing:routing/control-plane-protocols/control-plane-protocol/frr-bgp:bgp/peer-groups/peer-group/afi-safis/afi-safi/ipv4-flowspec/filter-config/plist-import
destroy	/frr-routing:routing/control-plane-protocols/control-plane-protocol/frr-bgp:bgp/peer-groups/peer-group/afi-safis/afi-safi/ipv4-flowspec/filter-config/plist-import
modify	/frr-routing:routing/control-plane-protocols/control-plane-protocol/frr-bgp:bgp/peer-groups/peer-group/afi-safis/afi-safi/ipv4-flowspec/filter-config/plist-export
destroy	/frr-routing:routing/control-plane-protocols/control-plane-protocol/frr-bgp:bgp/peer-groups/peer-group/afi-safis/afi-safi/ipv4-flowspec/filter-config/plist-export
modify	/frr-routing:routing/control-plane-protocols/control-plane-protocol/frr-bgp:bgp/peer-groups/peer-group/afi-safis/afi-safi/ipv4-flowspec/filter-config/access-list-import
destroy	/frr-routing:routing/control-plane-protocols/control-plane-protocol/frr-bgp:bgp/peer-groups/peer-group/afi-safis/afi-safi/ipv4-flowspec/filter-config/access-list-import
modify	/frr-routing:routing/control-plane-protocols/control-plane-protocol/frr-bgp:bgp/peer-groups/peer-group/afi-safis/afi-safi/ipv4-flowspec/filter-config/access-list-export
destroy	/frr-routing:routing/control-plane-protocols/control-plane-protocol/frr-bgp:bgp/peer-groups/peer-group/afi-safis/afi-safi/ipv4-flowspec/filter-config/access-list-export
modify	/frr-routing:routing/control-plane-protocols/control-plane-protocol/frr-bgp:bgp/peer-groups/peer-group/afi-safis/afi-safi/ipv4-flowspec/filter-config/as-path-filter-list-import
destroy	/frr-routing:routing/control-plane-protocols/control-plane-protocol/frr-bgp:bgp/peer-groups/peer-group/afi-safis/afi-safi/ipv4-flowspec/filter-config/as-path-filter-list-import
modify	/frr-routing:routing/control-plane-protocols/control-plane-protocol/frr-bgp:bgp/peer-groups/peer-group/afi-safis/afi-safi/ipv4-flowspec/filter-config/as-path-filter-list-export
destroy	/frr-routing:routing/control-plane-protocols/control-plane-protocol/frr-bgp:bgp/peer-groups/peer-group/afi-safis/afi-safi/ipv4-flowspec/filter-config/as-path-filter-list-export
modify	/frr-routing:routing/control-plane-protocols/control-plane-protocol/frr-bgp:bgp/peer-groups/peer-group/afi-safis/afi-safi/ipv4-flowspec/filter-config/unsuppress-map-import
destroy	/frr-routing:routing/control-plane-protocols/control-plane-protocol/frr-bgp:bgp/peer-groups/peer-group/afi-safis/afi-safi/ipv4-flowspec/filter-config/unsuppress-map-import
modify	/frr-routing:routing/control-plane-protocols/control-plane-protocol/frr-bgp:bgp/peer-groups/peer-group/afi-safis/afi-safi/ipv4-flowspec/filter-config/unsuppress-map-export
destroy	/frr-routing:routing/control-plane-protocols/control-plane-protocol/frr-bgp:bgp/peer-groups/peer-group/afi-safis/afi-safi/ipv4-flowspec/filter-config/unsuppress-map-export
create	/frr-routing:routing/control-plane-protocols/control-plane-protocol/frr-bgp:bgp/peer-groups/peer-group/afi-safis/afi-safi/ipv6-flowspec/local-install-interface
destroy	/frr-routing:routing/control-plane-protocols/control-plane-protocol/frr-bgp:bgp/peer-groups/peer-group/afi-safis/afi-safi/ipv6-flowspec/local-install-interface
modify	/frr-routing:routing/control-plane-protocols/control-plane-protocol/frr-bgp:bgp/peer-groups/peer-group/afi-safis/afi-safi/ipv6-flowspec/route-reflector/route-reflector-client
modify	/frr-routing:routing/control-plane-protocols/control-plane-protocol/frr-bgp:bgp/peer-groups/peer-group/afi-safis/afi-safi/ipv6-flowspec/route-server/route-server-client
modify	/frr-routing:routing/control-plane-protocols/control-plane-protocol/frr-bgp:bgp/peer-groups/peer-group/afi-safis/afi-safi/ipv6-flowspec/soft-reconfiguration
modify	/frr-routing:routing/control-plane-protocols/control-plane-protocol/frr-bgp:bgp/peer-groups/peer-group/afi-safis/afi-safi/ipv6-flowspec/filter-config/rmap-import
destroy	/frr-routing:routing/control-plane-protocols/control-plane-protocol/frr-bgp:bgp/peer-groups/peer-group/afi-safis/afi-safi/ipv6-flowspec/filter-config/rmap-import
modify	/frr-routing:routing/control-plane-protocols/control-plane-protocol/frr-bgp:bgp/peer-groups/peer-group/afi-safis/afi-safi/ipv6-flowspec/filter-config/rmap-export
destroy	/frr-routing:routing/control-plane-protocols/control-plane-protocol/frr-bgp:bgp/peer-groups/peer-group/afi-safis/afi-safi/ipv6-flowspec/filter-config/rmap-export
modify	/frr-routing:routing/control-plane-protocols/control-plane-protocol/frr-bgp:bgp/peer-groups/peer-group/afi-safis/afi-safi/ipv6-flowspec/filter-config/plist-import
destroy	/frr-routing:routing/control-plane-protocols/control-plane-protocol/frr-bgp:bgp/peer-groups/peer-group/afi-safis/afi-safi/ipv6-flowspec/filter-config/plist-import
modify	/frr-routing:routing/control-plane-protocols/control-plane-protocol/frr-bgp:bgp/peer-groups/peer-group/afi-safis/afi-safi/ipv6-flowspec/filter-config/plist-export
destroy	/frr-routing:routing/control-plane-protocols/control-plane-protocol/frr-bgp:bgp/peer-groups/peer-group/afi-safis/afi-safi/ipv6-flowspec/filter-config/plist-export
modify	/frr-routing:routing/control-plane-protocols/control-plane-protocol/frr-bgp:bgp/peer-groups/peer-group/afi-safis/afi-safi/ipv6-flowspec/filter-config/access-list-import
destroy	/frr-routing:routing/control-plane-protocols/control-plane-protocol/frr-bgp:bgp/peer-groups/peer-group/afi-safis/afi-safi/ipv6-flowspec/filter-config/access-list-import
modify	/frr-routing:routing/control-plane-protocols/control-plane-protocol/frr-bgp:bgp/peer-groups/peer-group/afi-safis/afi-safi/ipv6-flowspec/filter-config/access-list-export
destroy	/frr-routing:routing/control-plane-protocols/control-plane-protocol/frr-bgp:bgp/peer-groups/peer-group/afi-safis/afi-safi/ipv6-flowspec/filter-config/access-list-export
modify	/frr-routing:routing/control-plane-protocols/control-plane-protocol/frr-bgp:bgp/peer-groups/peer-group/afi-safis/afi-safi/ipv6-flowspec/filter-config/as-path-filter-list-import
destroy	/frr-routing:routing/control-plane-protocols/control-plane-protocol/frr-bgp:bgp/peer-groups/peer-group/afi-safis/afi-safi/ipv6-flowspec/filter-config/as-path-filter-list-import
modify	/frr-routing:routing/control-plane-protocols/control-plane-protocol/frr-bgp:bgp/peer-groups/peer-group/afi-safis/afi-safi/ipv6-flowspec/filter-config/as-path-filter-list-export
destroy	/frr-routing:routing/control-plane-protocols/control-plane-protocol/frr-bgp:bgp/peer-groups/peer-group/afi-safis/afi-safi/ipv6-flowspec/filter-config/as-path-filter-list-export
modify	/frr-routing:routing/control-plane-protocols/control-plane-protocol/frr-bgp:bgp/peer-groups/peer-group/afi-safis/afi-safi/ipv6-flowspec/filter-config/unsuppress-map-import
destroy	/frr-routing:routing/control-plane-protocols/control-plane-protocol/frr-bgp:bgp/peer-groups/peer-group/afi-safis/afi-safi/ipv6-flowspec/filter-config/unsuppress-map-import
modify	/frr-routing:routing/control-plane-protocols/control-plane-protocol/frr-bgp:bgp/peer-groups/peer-group/afi-safis/afi-safi/ipv6-flowspec/filter-config/unsuppress-map-export
destroy	/frr-routing:routing/control-plane-protocols/control-plane-protocol/frr-bgp:bgp/peer-groups/peer-group/afi-safis/afi-safi/ipv6-flowspec/filter-config/unsuppress-map-export
modify	/frr-routing:routing/control-plane-protocols/control-plane-protocol/frr-bgp:bgp/peer-groups/peer-group/capability-options/dynamic-capability
modify	/frr-routing:routing/control-plane-protocols/control-plane-protocol/frr-bgp:bgp/peer-groups/peer-group/capability-options/strict-capability
modify	/frr-routing:routing/control-plane-protocols/control-plane-protocol/frr-bgp:bgp/peer-groups/peer-group/capability-options/extended-nexthop-capability
modify	/frr-routing:routing/control-plane-protocols/control-plane-protocol/frr-bgp:bgp/peer-groups/peer-group/capability-options/capability-negotiate
modify	/frr-routing:routing/control-plane-protocols/control-plane-protocol/frr-bgp:bgp/peer-groups/peer-group/capability-options/override-capability
